==== [rig] (re)launch A 2026-10-09T20:15:31-05:00 kind=jvm jar=ergo-6.0.7.jar mining=cfg poll=cfg cpus=rig ====
20:15:32.808 INFO  [main] org.ergoplatform.ErgoApp - Running with args: Args(Some(/home/scott/bin/skunkyard/skunks/keepalive/rig-run1/conf_A.conf),Some(DevNet))
20:15:32.820 INFO  [main] o.e.s.ErgoSettingsReader$ - Running in devnet network mode
20:15:33.516 INFO  [main] o.e.s.ErgoSettingsReader$ - Log level set to INFO
20:15:33.518 INFO  [main] org.ergoplatform.ErgoApp - Working directory: /home/scott/bin/skunkyard/skunks/keepalive/rig-run1/data_A
20:15:33.519 INFO  [main] org.ergoplatform.ErgoApp - Secret directory: /home/scott/bin/skunkyard/skunks/keepalive/rig-run1/data_A/wallet/keystore
20:15:33.669 INFO  [ctor.default-dispatcher-4] a.event.slf4j.Slf4jLogger - Slf4jLogger started
20:15:33.743 INFO  [ctor.default-dispatcher-7] o.e.mining.ErgoMiner - Trying to use secret key from wallet for CPU mining, wallet must be unlocked.
20:15:33.790 INFO  [ref-critical-dispatcher-5] o.e.n.state.ErgoState$ - Generating genesis UTXO state
20:15:33.791 INFO  [ctor.default-dispatcher-4] scorex.db.LDBFactory$ - Loaded org.fusesource.leveldbjni.JniDBFactory with leveldbjni version 1.8
20:15:33.796 INFO  [ergoref-api-dispatcher-6] o.e.n.ErgoReadersHolder - Readers are not initialized yet : (None,None,None,None)
20:15:33.798 INFO  [ctor.default-dispatcher-7] s.c.n.NetworkController - Declared address: Some(/100.64.0.1:9021)
20:15:33.818 INFO  [tor.default-dispatcher-13] s.c.n.NetworkController - Successfully bound to the port 9021
20:15:34.100 INFO  [main] org.ergoplatform.ErgoApp - Starting mining with offlineGeneration
20:15:34.425 INFO  [main] org.ergoplatform.ErgoApp - Available processors: 12
20:15:34.426 INFO  [main] org.ergoplatform.ErgoApp - Max memory available: 536870912
20:15:34.426 INFO  [main] org.ergoplatform.ErgoApp - RPC is allowed at /127.0.0.1:9052
20:15:34.429 INFO  [tor.default-dispatcher-11] o.e.local.CleanupWorker - Cleanup worker started
20:15:35.808 INFO  [ergoref-api-dispatcher-6] o.e.n.ErgoReadersHolder - Readers are not initialized yet : (None,None,None,None)
20:15:37.830 INFO  [ergoref-api-dispatcher-6] o.e.n.ErgoReadersHolder - Readers are not initialized yet : (None,None,None,None)
20:15:39.849 INFO  [ergoref-api-dispatcher-6] o.e.n.ErgoReadersHolder - Readers are not initialized yet : (None,None,None,None)
20:15:40.848 INFO  [ctor.default-dispatcher-4] o.e.n.peer.PeerManager - No peers in database, seeding peers database with nodes from config
20:15:41.869 INFO  [ergoref-api-dispatcher-6] o.e.n.ErgoReadersHolder - Readers are not initialized yet : (None,None,None,None)
20:15:43.889 INFO  [ergoref-api-dispatcher-6] o.e.n.ErgoReadersHolder - Readers are not initialized yet : (None,None,None,None)
20:15:45.909 INFO  [ergoref-api-dispatcher-6] o.e.n.ErgoReadersHolder - Readers are not initialized yet : (None,None,None,None)
20:15:47.930 INFO  [ergoref-api-dispatcher-6] o.e.n.ErgoReadersHolder - Readers are not initialized yet : (None,None,None,None)
20:15:49.949 INFO  [ergoref-api-dispatcher-6] o.e.n.ErgoReadersHolder - Readers are not initialized yet : (None,None,None,None)
20:15:51.968 INFO  [ergoref-api-dispatcher-6] o.e.n.ErgoReadersHolder - Readers are not initialized yet : (None,None,None,None)
20:15:53.988 INFO  [ergoref-api-dispatcher-6] o.e.n.ErgoReadersHolder - Readers are not initialized yet : (None,None,None,None)
20:15:56.009 INFO  [ergoref-api-dispatcher-6] o.e.n.ErgoReadersHolder - Readers are not initialized yet : (None,None,None,None)
20:15:58.028 INFO  [ergoref-api-dispatcher-6] o.e.n.ErgoReadersHolder - Readers are not initialized yet : (None,None,None,None)
20:16:00.048 INFO  [ergoref-api-dispatcher-6] o.e.n.ErgoReadersHolder - Readers are not initialized yet : (None,None,None,None)
20:16:02.069 INFO  [ergoref-api-dispatcher-6] o.e.n.ErgoReadersHolder - Readers are not initialized yet : (None,None,None,None)
20:16:03.204 INFO  [ref-critical-dispatcher-5] o.e.n.state.ErgoState$ - Genesis UTXO state generated with hex digest c01a142d004a917b4af35385265748e37f7c77ab8a4e8b2080b9c193516b845602
20:16:04.089 INFO  [ergoref-api-dispatcher-6] o.e.n.ErgoReadersHolder - Readers are not initialized yet : (None,None,None,None)
20:16:06.108 INFO  [ergoref-api-dispatcher-6] o.e.n.ErgoReadersHolder - Readers are not initialized yet : (None,None,None,None)
20:16:08.129 INFO  [ergoref-api-dispatcher-6] o.e.n.ErgoReadersHolder - Readers are not initialized yet : (None,None,None,None)
20:16:10.148 INFO  [ergoref-api-dispatcher-6] o.e.n.ErgoReadersHolder - Readers are not initialized yet : (None,None,None,None)
20:16:12.169 INFO  [ergoref-api-dispatcher-6] o.e.n.ErgoReadersHolder - Readers are not initialized yet : (None,None,None,None)
20:16:14.189 INFO  [ergoref-api-dispatcher-6] o.e.n.ErgoReadersHolder - Readers are not initialized yet : (None,None,None,None)
20:16:16.209 INFO  [ergoref-api-dispatcher-6] o.e.n.ErgoReadersHolder - Readers are not initialized yet : (None,None,None,None)
20:16:18.228 INFO  [ergoref-api-dispatcher-6] o.e.n.ErgoReadersHolder - Readers are not initialized yet : (None,None,None,None)
20:16:20.248 INFO  [ergoref-api-dispatcher-6] o.e.n.ErgoReadersHolder - Readers are not initialized yet : (None,None,None,None)
20:16:22.269 INFO  [ergoref-api-dispatcher-6] o.e.n.ErgoReadersHolder - Readers are not initialized yet : (None,None,None,None)
20:16:24.288 INFO  [ergoref-api-dispatcher-6] o.e.n.ErgoReadersHolder - Readers are not initialized yet : (None,None,None,None)
20:16:24.474 INFO  [ref-critical-dispatcher-5] o.e.n.history.ErgoHistory$ - History database read
20:16:24.475 INFO  [ref-indexer-dispatcher-15] o.e.n.h.extra.ExtraIndexer - Starting extra indexer
20:16:24.477 INFO  [ref-indexer-dispatcher-15] o.e.n.h.extra.ExtraIndexer - Started extra indexer at height 0
20:16:24.478 INFO  [ref-indexer-dispatcher-15] o.e.n.h.extra.ExtraIndexer - Indexer caught up with chain
20:16:24.484 INFO  [ref-critical-dispatcher-5] o.e.n.mempool.ErgoMemPool$ - Sorting mempool by fee-per-cycle
20:16:24.486 INFO  [ergoref-api-dispatcher-6] o.e.n.w.ErgoWalletActor - Initializing wallet actor
20:16:24.533 WARN  [tor.default-dispatcher-18] o.e.n.ErgoNodeViewSynchronizer - No peers available in requestDownload
20:16:24.629 WARN  [tor.default-dispatcher-18] o.e.n.ErgoNodeViewSynchronizer - No peers available in requestDownload
20:16:24.728 WARN  [tor.default-dispatcher-18] o.e.n.ErgoNodeViewSynchronizer - No peers available in requestDownload
20:16:24.849 WARN  [tor.default-dispatcher-18] o.e.n.ErgoNodeViewSynchronizer - No peers available in requestDownload
20:16:24.948 WARN  [tor.default-dispatcher-18] o.e.n.ErgoNodeViewSynchronizer - No peers available in requestDownload
20:16:25.049 WARN  [tor.default-dispatcher-18] o.e.n.ErgoNodeViewSynchronizer - No peers available in requestDownload
20:16:25.148 WARN  [tor.default-dispatcher-18] o.e.n.ErgoNodeViewSynchronizer - No peers available in requestDownload
20:16:25.249 WARN  [tor.default-dispatcher-18] o.e.n.ErgoNodeViewSynchronizer - No peers available in requestDownload
20:16:25.349 WARN  [tor.default-dispatcher-18] o.e.n.ErgoNodeViewSynchronizer - No peers available in requestDownload
20:16:25.448 WARN  [tor.default-dispatcher-18] o.e.n.ErgoNodeViewSynchronizer - No peers available in requestDownload
20:16:28.829 WARN  [ctor.default-dispatcher-8] o.e.n.ErgoNodeViewSynchronizer - No peers available in requestDownload
20:16:33.829 WARN  [ctor.default-dispatcher-8] o.e.n.ErgoNodeViewSynchronizer - No peers available in requestDownload
20:16:38.829 WARN  [tor.default-dispatcher-18] o.e.n.ErgoNodeViewSynchronizer - No peers available in requestDownload
20:16:43.829 WARN  [tor.default-dispatcher-17] o.e.n.ErgoNodeViewSynchronizer - No peers available in requestDownload
20:16:48.918 WARN  [tor.default-dispatcher-18] o.e.n.ErgoNodeViewSynchronizer - No peers available in requestDownload
20:16:48.921 WARN  [ergoref-api-dispatcher-6] o.e.n.w.ErgoWalletServiceImpl - Avoiding wallet reading in test mode by building prover from mnemonic. Switch to secure mode for production usage.
20:16:53.828 WARN  [tor.default-dispatcher-18] o.e.n.ErgoNodeViewSynchronizer - No peers available in requestDownload
20:16:56.687 INFO  [tor.default-dispatcher-18] o.e.mining.ErgoMiner - Setting secret and public key
20:16:56.709 INFO  [ref-critical-dispatcher-5] o.e.m.CandidateGenerator - CandidateGenerator is starting
20:16:56.709 INFO  [tor.default-dispatcher-18] o.e.mining.ErgoMiner - Blockchain is (almost) synced (headers: 0, full blocks: 0), starting mining
20:16:56.709 INFO  [tor.default-dispatcher-18] o.e.mining.ErgoMiner - Starting 1 native miner(s)
20:16:56.711 INFO  [ctor.default-dispatcher-8] o.e.m.ErgoMiningThread - Starting miner thread: ErgoMiningThread-xK9yO
20:16:56.712 INFO  [ef-critical-dispatcher-23] o.e.m.CandidateGenerator - CandidateGenerator initialized, avgMiningTime: 0s, avgTxsCount: 0
20:16:56.734 INFO  [ef-critical-dispatcher-23] o.e.m.CandidateGenerator$ - Emission tx for nextHeight = 1: ErgoTransaction(id: 87f53f4c801d52a77b5b8770be08f4c3cb6d08b530d7ef3760f2ff0e097debc4, inputs: [{"boxId":"ea3893dca3834cab524a829380fb04e74eb8bb8f1a7b3e1c9f62795bd3f409c4","spendingProof":{"proofBytes":"","extension":{}}}], outputs: [{"boxId":"642d4faeb2e90e7b9f5c8ca8ed6391d948727c3c362889e7344f8564a48a4c3b","value":93409065000000000,"ergoTree":"101004020e351002041408cd0279be667ef9dcbbac55a06295ce870b07029bfcdb2dce28d959f2815b16f81798ea02d192a39a8cc7a7017300730110010204020404040004c0fd4f05808c82f5f6030580b8c9e5ae040580f882ad16040204c0944004c0f407040004000580f882ad16d19683030191a38cc7a7019683020193c2b2a57300007473017302830108cdeeac93a38cc7b2a573030001978302019683040193b1a5730493c2a7c2b2a573050093958fa3730673079973089c73097e9a730a9d99a3730b730c0599c1a7c1b2a5730d00938cc7b2a5730e0001a390c1a7730f","assets":[],"creationHeight":1,"additionalRegisters":{},"transactionId":"87f53f4c801d52a77b5b8770be08f4c3cb6d08b530d7ef3760f2ff0e097debc4","index":0},{"boxId":"60aa8132e2ece3f363f3ab1f11fdbac36b8f63d2890b4880e98ea61e976ea990","value":67500000000,"ergoTree":"1002041408cd038b0f29a60fa8d7e1aeafbe512288a6c6bc696547bbf8247db23c95e83014513cea02d192a39a8cc7a70173007301","assets":[],"creationHeight":1,"additionalRegisters":{},"transactionId":"87f53f4c801d52a77b5b8770be08f4c3cb6d08b530d7ef3760f2ff0e097debc4","index":1}], size: 339)
20:16:56.749 INFO  [ef-critical-dispatcher-23] o.e.m.CandidateGenerator$ - Assembling a block candidate for block #1 from 1 transactions available
20:16:56.844 INFO  [ef-critical-dispatcher-23] o.e.m.CandidateGenerator$ - No fee proposition found in txs List(87f53f4c801d52a77b5b8770be08f4c3cb6d08b530d7ef3760f2ff0e097debc4) 
20:16:56.853 INFO  [ef-critical-dispatcher-23] o.e.m.CandidateGenerator$ - Got candidate block at height 1 with 1 transactions, msg 7f4380188a49692cd3d15f6738c896b830f0edc36607fe3bdc6c068515a3b026
20:16:56.854 INFO  [ef-critical-dispatcher-23] o.e.m.CandidateGenerator - Generated new candidate in 140 ms
20:16:57.730 INFO  [tor.default-dispatcher-18] o.e.m.ErgoMiningThread - Initiating block mining
20:16:57.745 INFO  [tor.default-dispatcher-18] o.e.m.ErgoMiningThread - Found solution, sending it for validation
20:16:57.751 INFO  [ef-critical-dispatcher-23] o.e.m.CandidateGenerator - New block mined, header: Header({"extensionId":"52303f27cd06144a4c3f9be89002abe753293d2c731b822810bd2e943620a726","difficulty":"1","votes":"000000","timestamp":1791595016743,"size":283,"unparsedBytes":"","stateRoot":"ca0350a9a1aff7884aab19ed356971b934303171ce4c414bf894f819f2e5844b03","height":1,"nBits":16842752,"version":1,"id":"3c974ff1eccf6fc411d88067b151e1d592b79d164eaed6e6c0d7b1ec2a060cb6","adProofsRoot":"23e8521e201723221bd281454483ed41e6ab949ee04007b796185fb79a125bbe","transactionsRoot":"36254bb135016c96096f32074f01640c71984d738449d364f052ecb28b4c2706","extensionHash":"0e5751c026e543b2e8ab2eb06099daa1d1e5df47778f7787faab45cdf12fe3a8","powSolutions":{"pk":"038b0f29a60fa8d7e1aeafbe512288a6c6bc696547bbf8247db23c95e83014513c","w":"02bc13c4ad34ef6c2c644b971310c9cfd9e9011865f4a5e10db034935efd4748d1","n":"0000000000000000","d":14931922260044238193006595257742037349823509569953108496796200168500544485398},"adProofsId":"a4c5085d46b8383e88bda51bd80c1805515c82452a5b1baa0d0899beeabe774b","transactionsId":"99cc7c2339e1d1d8992a70843f7085f7993d898d685a6542649cd3e7ac5e012a","parentId":"0000000000000000000000000000000000000000000000000000000000000000"})
20:16:57.758 INFO  [ef-critical-dispatcher-23] o.e.m.CandidateGenerator - New block 3c974ff1eccf6fc411d88067b151e1d592b79d164eaed6e6c0d7b1ec2a060cb6 w. nonce 0
20:16:57.758 INFO  [tor.default-dispatcher-18] o.e.n.ErgoNodeViewSynchronizer - Immediately announcing newly mined block 3c974ff1eccf6fc411d88067b151e1d592b79d164eaed6e6c0d7b1ec2a060cb6 at height 1 to all peers
20:16:57.758 INFO  [ref-critical-dispatcher-5] o.e.n.UtxoNodeViewHolder - Got locally generated modifier 3c974ff1eccf6fc411d88067b151e1d592b79d164eaed6e6c0d7b1ec2a060cb6 of type 101
20:16:57.759 INFO  [ref-critical-dispatcher-5] o.e.n.UtxoNodeViewHolder - Apply modifier 3c974ff1eccf6fc411d88067b151e1d592b79d164eaed6e6c0d7b1ec2a060cb6 of type 101 to nodeViewHolder
20:16:57.759 INFO  [ef-critical-dispatcher-23] o.e.m.CandidateGenerator - Processed solution AutolykosSolution(Ecp((4e29d12087d02e51f19950b67875289ed9e4872dbd1c170bace513f9c7b49eb0,2b9e7178d74f049e4796e8e263ce297d8fb9568829a4af7ed225550eed6b03cf,b53f31722529e29f5ca36d8613d5ea342389639c8b43f68f32b538641b18e9e0)),Ecp((2a8fab9f938fe7a9c2a99cfd771c2ed0267a0a7a94047e2a7010dac8b1eb443c,9da35a7429bf01c2d956056600f68212983fc984c668d8af9ba0114f09a2ceb3,995648f3da99babdb8c67a259a61ce9f0575237771e2e4fbae79cf3e44006991)),[B@3dd1dfee,14931922260044238193006595257742037349823509569953108496796200168500544485398) with the result Success(())
20:16:57.760 INFO  [tor.default-dispatcher-17] o.e.m.ErgoMiningThread - Solution accepted
20:16:57.768 INFO  [ref-critical-dispatcher-5] o.e.n.h.ErgoHistory$$anon$1 - Processing genesis header 3c974ff1eccf6fc411d88067b151e1d592b79d164eaed6e6c0d7b1ec2a060cb6
20:16:57.768 INFO  [ref-critical-dispatcher-5] o.e.n.h.ErgoHistory$$anon$1 - New best header 3c974ff1eccf6fc411d88067b151e1d592b79d164eaed6e6c0d7b1ec2a060cb6 with score 1. New height 1, old height 0
20:16:57.773 INFO  [ref-critical-dispatcher-5] o.e.n.h.ErgoHistory$$anon$1 - Headers chain is likely synced after header 3c974ff1eccf6fc411d88067b151e1d592b79d164eaed6e6c0d7b1ec2a060cb6 at height 1
20:16:57.776 INFO  [ef-critical-dispatcher-23] o.e.n.UtxoNodeViewHolder - Got locally generated modifier 99cc7c2339e1d1d8992a70843f7085f7993d898d685a6542649cd3e7ac5e012a of type 102
20:16:57.776 INFO  [ef-critical-dispatcher-23] o.e.n.UtxoNodeViewHolder - Apply modifier 99cc7c2339e1d1d8992a70843f7085f7993d898d685a6542649cd3e7ac5e012a of type 102 to nodeViewHolder
20:16:57.783 INFO  [ef-critical-dispatcher-23] o.e.n.UtxoNodeViewHolder - Got locally generated modifier 52303f27cd06144a4c3f9be89002abe753293d2c731b822810bd2e943620a726 of type 108
20:16:57.783 INFO  [ef-critical-dispatcher-23] o.e.n.UtxoNodeViewHolder - Apply modifier 52303f27cd06144a4c3f9be89002abe753293d2c731b822810bd2e943620a726 of type 108 to nodeViewHolder
20:16:57.789 INFO  [ef-critical-dispatcher-23] o.e.n.h.ErgoHistory$$anon$1 - Full block 3c974ff1eccf6fc411d88067b151e1d592b79d164eaed6e6c0d7b1ec2a060cb6 appended, going to apply 1 modifiers. New best block is 3c974ff1eccf6fc411d88067b151e1d592b79d164eaed6e6c0d7b1ec2a060cb6 with height 1 updates block None with height 0
20:16:57.797 INFO  [ef-critical-dispatcher-23] o.e.n.s.ErgoStateContext - Last headers are empty, starting assembling state context with Header({"extensionId":"52303f27cd06144a4c3f9be89002abe753293d2c731b822810bd2e943620a726","difficulty":"1","votes":"000000","timestamp":1791595016743,"size":283,"unparsedBytes":"","stateRoot":"ca0350a9a1aff7884aab19ed356971b934303171ce4c414bf894f819f2e5844b03","height":1,"nBits":16842752,"version":1,"id":"3c974ff1eccf6fc411d88067b151e1d592b79d164eaed6e6c0d7b1ec2a060cb6","adProofsRoot":"23e8521e201723221bd281454483ed41e6ab949ee04007b796185fb79a125bbe","transactionsRoot":"36254bb135016c96096f32074f01640c71984d738449d364f052ecb28b4c2706","extensionHash":"0e5751c026e543b2e8ab2eb06099daa1d1e5df47778f7787faab45cdf12fe3a8","powSolutions":{"pk":"038b0f29a60fa8d7e1aeafbe512288a6c6bc696547bbf8247db23c95e83014513c","w":"02bc13c4ad34ef6c2c644b971310c9cfd9e9011865f4a5e10db034935efd4748d1","n":"0000000000000000","d":14931922260044238193006595257742037349823509569953108496796200168500544485398},"adProofsId":"a4c5085d46b8383e88bda51bd80c1805515c82452a5b1baa0d0899beeabe774b","transactionsId":"99cc7c2339e1d1d8992a70843f7085f7993d898d685a6542649cd3e7ac5e012a","parentId":"0000000000000000000000000000000000000000000000000000000000000000"})
20:16:57.812 INFO  [ef-critical-dispatcher-23] o.e.n.UtxoNodeViewHolder - Apply modifier a4c5085d46b8383e88bda51bd80c1805515c82452a5b1baa0d0899beeabe774b of type 104 to nodeViewHolder
20:16:57.813 INFO  [ef-critical-dispatcher-23] o.e.n.state.UtxoState - Valid modifier with header 3c974ff1eccf6fc411d88067b151e1d592b79d164eaed6e6c0d7b1ec2a060cb6 and emission box Some(642d4faeb2e90e7b9f5c8ca8ed6391d948727c3c362889e7344f8564a48a4c3b) applied to UtxoState at height 1
20:16:57.814 INFO  [ef-critical-dispatcher-23] o.e.n.state.UtxoState - checking snapshot for 1, simple check: false
20:16:57.817 INFO  [ref-critical-dispatcher-5] o.e.m.CandidateGenerator - Preparing new candidate on getting new block at 1
20:16:57.819 INFO  [ef-critical-dispatcher-23] o.e.n.UtxoNodeViewHolder - Persistent modifier 52303f27cd06144a4c3f9be89002abe753293d2c731b822810bd2e943620a726 applied successfully
20:16:57.820 INFO  [tor.default-dispatcher-17] o.e.local.MempoolAuditor - Initiating mempool cleanup
20:16:57.821 INFO  [ergoref-api-dispatcher-6] o.e.n.w.ErgoWalletActor - Wallet is going to scan a block 3c974ff1eccf6fc411d88067b151e1d592b79d164eaed6e6c0d7b1ec2a060cb6 on chain at height 1
20:16:57.822 INFO  [ref-critical-dispatcher-5] o.e.m.CandidateGenerator$ - Emission tx for nextHeight = 2: ErgoTransaction(id: c55767dbf2ce4abd2ef7d1c78bae26a35b163e1384b40b5aade03769b410e0a8, inputs: [{"boxId":"642d4faeb2e90e7b9f5c8ca8ed6391d948727c3c362889e7344f8564a48a4c3b","spendingProof":{"proofBytes":"","extension":{}}}], outputs: [{"boxId":"7bb5164629cc8dcf95127c4a689d15d9a3013d44810127762aa689278e7afde6","value":93408997500000000,"ergoTree":"101004020e351002041408cd0279be667ef9dcbbac55a06295ce870b07029bfcdb2dce28d959f2815b16f81798ea02d192a39a8cc7a7017300730110010204020404040004c0fd4f05808c82f5f6030580b8c9e5ae040580f882ad16040204c0944004c0f407040004000580f882ad16d19683030191a38cc7a7019683020193c2b2a57300007473017302830108cdeeac93a38cc7b2a573030001978302019683040193b1a5730493c2a7c2b2a573050093958fa3730673079973089c73097e9a730a9d99a3730b730c0599c1a7c1b2a5730d00938cc7b2a5730e0001a390c1a7730f","assets":[],"creationHeight":2,"additionalRegisters":{},"transactionId":"c55767dbf2ce4abd2ef7d1c78bae26a35b163e1384b40b5aade03769b410e0a8","index":0},{"boxId":"db04cbb4d88bd851960c4b355bb3f78f5d9337452a23ff98c8c82cadb8a9d7c5","value":67500000000,"ergoTree":"1002041408cd038b0f29a60fa8d7e1aeafbe512288a6c6bc696547bbf8247db23c95e83014513cea02d192a39a8cc7a70173007301","assets":[],"creationHeight":2,"additionalRegisters":{},"transactionId":"c55767dbf2ce4abd2ef7d1c78bae26a35b163e1384b40b5aade03769b410e0a8","index":1}], size: 339)
20:16:57.826 INFO  [ref-indexer-dispatcher-15] o.e.n.h.extra.ExtraIndexer - Buffered block 1 / 1 [txs: 1, boxes: 2] (buffer: 10 / 20000)
20:16:57.832 INFO  [ref-critical-dispatcher-5] o.e.m.CandidateGenerator$ - Assembling a block candidate for block #2 from 1 transactions available
20:16:57.842 INFO  [ref-critical-dispatcher-5] o.e.m.CandidateGenerator$ - No fee proposition found in txs List(c55767dbf2ce4abd2ef7d1c78bae26a35b163e1384b40b5aade03769b410e0a8) 
20:16:57.844 INFO  [ref-critical-dispatcher-5] o.e.m.CandidateGenerator$ - Got candidate block at height 2 with 1 transactions, msg 8dccd1a230f14bf8801ad5f73a10db2f4b3150e9d407a5e5a9af3b368bf1fff6
20:16:57.844 INFO  [ref-critical-dispatcher-5] o.e.m.CandidateGenerator - Generated new candidate in 26 ms
20:16:57.845 INFO  [ref-critical-dispatcher-5] o.e.m.CandidateGenerator$ - Regenerating block candidate
20:16:57.847 INFO  [ref-critical-dispatcher-5] o.e.m.CandidateGenerator$ - Emission tx for nextHeight = 2: ErgoTransaction(id: c55767dbf2ce4abd2ef7d1c78bae26a35b163e1384b40b5aade03769b410e0a8, inputs: [{"boxId":"642d4faeb2e90e7b9f5c8ca8ed6391d948727c3c362889e7344f8564a48a4c3b","spendingProof":{"proofBytes":"","extension":{}}}], outputs: [{"boxId":"7bb5164629cc8dcf95127c4a689d15d9a3013d44810127762aa689278e7afde6","value":93408997500000000,"ergoTree":"101004020e351002041408cd0279be667ef9dcbbac55a06295ce870b07029bfcdb2dce28d959f2815b16f81798ea02d192a39a8cc7a7017300730110010204020404040004c0fd4f05808c82f5f6030580b8c9e5ae040580f882ad16040204c0944004c0f407040004000580f882ad16d19683030191a38cc7a7019683020193c2b2a57300007473017302830108cdeeac93a38cc7b2a573030001978302019683040193b1a5730493c2a7c2b2a573050093958fa3730673079973089c73097e9a730a9d99a3730b730c0599c1a7c1b2a5730d00938cc7b2a5730e0001a390c1a7730f","assets":[],"creationHeight":2,"additionalRegisters":{},"transactionId":"c55767dbf2ce4abd2ef7d1c78bae26a35b163e1384b40b5aade03769b410e0a8","index":0},{"boxId":"db04cbb4d88bd851960c4b355bb3f78f5d9337452a23ff98c8c82cadb8a9d7c5","value":67500000000,"ergoTree":"1002041408cd038b0f29a60fa8d7e1aeafbe512288a6c6bc696547bbf8247db23c95e83014513cea02d192a39a8cc7a70173007301","assets":[],"creationHeight":2,"additionalRegisters":{},"transactionId":"c55767dbf2ce4abd2ef7d1c78bae26a35b163e1384b40b5aade03769b410e0a8","index":1}], size: 339)
20:16:57.851 INFO  [ref-critical-dispatcher-5] o.e.m.CandidateGenerator$ - Assembling a block candidate for block #2 from 1 transactions available
20:16:57.854 INFO  [ref-critical-dispatcher-5] o.e.m.CandidateGenerator$ - No fee proposition found in txs List(c55767dbf2ce4abd2ef7d1c78bae26a35b163e1384b40b5aade03769b410e0a8) 
20:16:57.855 INFO  [ref-critical-dispatcher-5] o.e.m.CandidateGenerator$ - Got candidate block at height 2 with 1 transactions, msg 52308d259d39a44c5e5de1474bd283f98d0a1910c2915420b86db0bb3ae2e525
20:16:57.856 INFO  [ref-critical-dispatcher-5] o.e.m.CandidateGenerator - Generated new candidate in 11 ms
20:16:58.060 INFO  [tor.default-dispatcher-20] o.e.local.MempoolAuditor - Cleanup done. Switching to awaiting mode
20:16:58.829 WARN  [tor.default-dispatcher-20] o.e.n.ErgoNodeViewSynchronizer - No peers available in requestDownload
20:17:02.752 INFO  [tor.default-dispatcher-18] o.e.m.ErgoMiningThread - Found solution, sending it for validation
20:17:02.755 INFO  [ref-critical-dispatcher-5] o.e.m.CandidateGenerator - New block mined, header: Header({"extensionId":"d5505187534f4cdac3a05f0f95b814251fb3ec9e77e2e102357c246fbf82f77d","difficulty":"1","votes":"000000","timestamp":1791595017849,"size":218,"unparsedBytes":"","stateRoot":"e4f3fc81d2caf8a59488eaaf183b6fab33f1541f46ca0d2eb76ea53bbdd51ebd03","height":2,"nBits":16842752,"version":3,"id":"7acacf899f6c035e665460d3ecfec7c7b7e68a64d729b89915034aa0721db9a7","adProofsRoot":"b621d5c6caacdd9a7a566d2cfcdff43f3956b375d722edd56161d5d72b7f9879","transactionsRoot":"9460386c9277b2ff54229e2e35861a9392642e00163abba18f80cd3f571da2af","extensionHash":"de47c54bd80758d04414e99adcbd2e3ce9517e7a8839c406137e3c6d8410fdf2","powSolutions":{"pk":"038b0f29a60fa8d7e1aeafbe512288a6c6bc696547bbf8247db23c95e83014513c","w":"0285b617cb2cedcb914bec352b17d6b79dbf314a424c63a063e5232fc8d5c89c62","n":"0000000000000000","d":68617061176162976951132815826213046837465460211634373331600591360984428538798},"adProofsId":"f545b65d0130f0512f1265461f71129d78f4a11f83030d00afd27ec219e2922a","transactionsId":"7d80feb9ddd74153a950bb682876923d67fa172c7a602dcd1a1597f79f03784b","parentId":"3c974ff1eccf6fc411d88067b151e1d592b79d164eaed6e6c0d7b1ec2a060cb6"})
20:17:02.757 INFO  [ref-critical-dispatcher-5] o.e.m.CandidateGenerator - New block 7acacf899f6c035e665460d3ecfec7c7b7e68a64d729b89915034aa0721db9a7 w. nonce 0
20:17:02.757 INFO  [tor.default-dispatcher-18] o.e.n.ErgoNodeViewSynchronizer - Immediately announcing newly mined block 7acacf899f6c035e665460d3ecfec7c7b7e68a64d729b89915034aa0721db9a7 at height 2 to all peers
20:17:02.757 INFO  [ef-critical-dispatcher-23] o.e.n.UtxoNodeViewHolder - Got locally generated modifier 7acacf899f6c035e665460d3ecfec7c7b7e68a64d729b89915034aa0721db9a7 of type 101
20:17:02.757 INFO  [ef-critical-dispatcher-23] o.e.n.UtxoNodeViewHolder - Apply modifier 7acacf899f6c035e665460d3ecfec7c7b7e68a64d729b89915034aa0721db9a7 of type 101 to nodeViewHolder
20:17:02.757 INFO  [ref-critical-dispatcher-5] o.e.m.CandidateGenerator - Processed solution AutolykosSolution(Ecp((4e29d12087d02e51f19950b67875289ed9e4872dbd1c170bace513f9c7b49eb0,2b9e7178d74f049e4796e8e263ce297d8fb9568829a4af7ed225550eed6b03cf,b53f31722529e29f5ca36d8613d5ea342389639c8b43f68f32b538641b18e9e0)),Ecp((1640b7b9a4fe29b96cc4ffb6ecd113eec6179ab15162ae28760491b33dfd5179,3786ef4e9ea089a35640bbe11e05bf19e32d28952c5d15ca8e78c8e0809b6c9b,b56eecfdca09f64c45c3cae3a7163a01d1a572bc552a8a5cdfbc0e0e939c7375)),[B@70b1b846,68617061176162976951132815826213046837465460211634373331600591360984428538798) with the result Success(())
20:17:02.757 INFO  [ctor.default-dispatcher-8] o.e.m.ErgoMiningThread - Solution accepted
20:17:02.762 INFO  [ef-critical-dispatcher-23] o.e.n.h.ErgoHistory$$anon$1 - New best header 7acacf899f6c035e665460d3ecfec7c7b7e68a64d729b89915034aa0721db9a7 with score 2. New height 2, old height 1
20:17:02.764 INFO  [ef-critical-dispatcher-23] o.e.n.UtxoNodeViewHolder - Got locally generated modifier 7d80feb9ddd74153a950bb682876923d67fa172c7a602dcd1a1597f79f03784b of type 102
20:17:02.764 WARN  [ctor.default-dispatcher-8] o.e.n.ErgoNodeViewSynchronizer - No peers available in requestDownload
20:17:02.764 INFO  [ef-critical-dispatcher-23] o.e.n.UtxoNodeViewHolder - Apply modifier 7d80feb9ddd74153a950bb682876923d67fa172c7a602dcd1a1597f79f03784b of type 102 to nodeViewHolder
20:17:02.766 INFO  [ef-critical-dispatcher-23] o.e.n.UtxoNodeViewHolder - Got locally generated modifier d5505187534f4cdac3a05f0f95b814251fb3ec9e77e2e102357c246fbf82f77d of type 108
20:17:02.766 INFO  [ef-critical-dispatcher-23] o.e.n.UtxoNodeViewHolder - Apply modifier d5505187534f4cdac3a05f0f95b814251fb3ec9e77e2e102357c246fbf82f77d of type 108 to nodeViewHolder
20:17:02.770 INFO  [ef-critical-dispatcher-23] o.e.n.h.ErgoHistory$$anon$1 - Full block 7acacf899f6c035e665460d3ecfec7c7b7e68a64d729b89915034aa0721db9a7 appended, going to apply 1 modifiers. New best block is 7acacf899f6c035e665460d3ecfec7c7b7e68a64d729b89915034aa0721db9a7 with height 2 updates block 3c974ff1eccf6fc411d88067b151e1d592b79d164eaed6e6c0d7b1ec2a060cb6 with height 1
20:17:02.781 INFO  [ef-critical-dispatcher-23] o.e.n.UtxoNodeViewHolder - Apply modifier f545b65d0130f0512f1265461f71129d78f4a11f83030d00afd27ec219e2922a of type 104 to nodeViewHolder
20:17:02.782 INFO  [ef-critical-dispatcher-23] o.e.n.state.UtxoState - Valid modifier with header 7acacf899f6c035e665460d3ecfec7c7b7e68a64d729b89915034aa0721db9a7 and emission box Some(7bb5164629cc8dcf95127c4a689d15d9a3013d44810127762aa689278e7afde6) applied to UtxoState at height 2
20:17:02.782 INFO  [ef-critical-dispatcher-23] o.e.n.state.UtxoState - checking snapshot for 2, simple check: false
20:17:02.783 INFO  [ref-critical-dispatcher-5] o.e.m.CandidateGenerator - Preparing new candidate on getting new block at 2
20:17:02.783 INFO  [ef-critical-dispatcher-23] o.e.n.UtxoNodeViewHolder - Persistent modifier d5505187534f4cdac3a05f0f95b814251fb3ec9e77e2e102357c246fbf82f77d applied successfully
20:17:02.783 INFO  [tor.default-dispatcher-18] o.e.local.MempoolAuditor - Initiating mempool cleanup
20:17:02.783 INFO  [tor.default-dispatcher-18] o.e.local.MempoolAuditor - Cleanup done. Switching to awaiting mode
20:17:02.784 INFO  [ergoref-api-dispatcher-6] o.e.n.w.ErgoWalletActor - Wallet is going to scan a block 7acacf899f6c035e665460d3ecfec7c7b7e68a64d729b89915034aa0721db9a7 on chain at height 2
20:17:02.786 INFO  [ref-critical-dispatcher-5] o.e.m.CandidateGenerator$ - Emission tx for nextHeight = 3: ErgoTransaction(id: 0c8b926e2a2fc034163df5d3af969db7b805e9f564a557184e2b5f9d405a9c63, inputs: [{"boxId":"7bb5164629cc8dcf95127c4a689d15d9a3013d44810127762aa689278e7afde6","spendingProof":{"proofBytes":"","extension":{}}}], outputs: [{"boxId":"a769f355cf504ee0044fcd5645b0a798df103c6cbde8109c8f5611036a24d2a2","value":93408930000000000,"ergoTree":"101004020e351002041408cd0279be667ef9dcbbac55a06295ce870b07029bfcdb2dce28d959f2815b16f81798ea02d192a39a8cc7a7017300730110010204020404040004c0fd4f05808c82f5f6030580b8c9e5ae040580f882ad16040204c0944004c0f407040004000580f882ad16d19683030191a38cc7a7019683020193c2b2a57300007473017302830108cdeeac93a38cc7b2a573030001978302019683040193b1a5730493c2a7c2b2a573050093958fa3730673079973089c73097e9a730a9d99a3730b730c0599c1a7c1b2a5730d00938cc7b2a5730e0001a390c1a7730f","assets":[],"creationHeight":3,"additionalRegisters":{},"transactionId":"0c8b926e2a2fc034163df5d3af969db7b805e9f564a557184e2b5f9d405a9c63","index":0},{"boxId":"35198e0be720975c0486509d391ec841be10a60b315e5caaf8fb7ae69a3a75df","value":67500000000,"ergoTree":"1002041408cd038b0f29a60fa8d7e1aeafbe512288a6c6bc696547bbf8247db23c95e83014513cea02d192a39a8cc7a70173007301","assets":[],"creationHeight":3,"additionalRegisters":{},"transactionId":"0c8b926e2a2fc034163df5d3af969db7b805e9f564a557184e2b5f9d405a9c63","index":1}], size: 339)
20:17:02.788 INFO  [ref-indexer-dispatcher-15] o.e.n.h.extra.ExtraIndexer - Buffered block 2 / 2 [txs: 1, boxes: 2] (buffer: 11 / 20000)
20:17:02.794 INFO  [ref-critical-dispatcher-5] o.e.m.CandidateGenerator$ - Assembling a block candidate for block #3 from 1 transactions available
20:17:02.799 INFO  [ref-critical-dispatcher-5] o.e.m.CandidateGenerator$ - No fee proposition found in txs List(0c8b926e2a2fc034163df5d3af969db7b805e9f564a557184e2b5f9d405a9c63) 
20:17:02.804 INFO  [ref-critical-dispatcher-5] o.e.m.CandidateGenerator$ - Got candidate block at height 3 with 1 transactions, msg 0deeeeed85c99dcaa1aae54845393f39c3d221ebdce000d8ae2ba17eceba8299
20:17:02.805 INFO  [ref-critical-dispatcher-5] o.e.m.CandidateGenerator - Generated new candidate in 22 ms
20:17:02.805 INFO  [ef-critical-dispatcher-23] o.e.m.CandidateGenerator$ - Regenerating block candidate
20:17:02.809 INFO  [ef-critical-dispatcher-23] o.e.m.CandidateGenerator$ - Emission tx for nextHeight = 3: ErgoTransaction(id: 0c8b926e2a2fc034163df5d3af969db7b805e9f564a557184e2b5f9d405a9c63, inputs: [{"boxId":"7bb5164629cc8dcf95127c4a689d15d9a3013d44810127762aa689278e7afde6","spendingProof":{"proofBytes":"","extension":{}}}], outputs: [{"boxId":"a769f355cf504ee0044fcd5645b0a798df103c6cbde8109c8f5611036a24d2a2","value":93408930000000000,"ergoTree":"101004020e351002041408cd0279be667ef9dcbbac55a06295ce870b07029bfcdb2dce28d959f2815b16f81798ea02d192a39a8cc7a7017300730110010204020404040004c0fd4f05808c82f5f6030580b8c9e5ae040580f882ad16040204c0944004c0f407040004000580f882ad16d19683030191a38cc7a7019683020193c2b2a57300007473017302830108cdeeac93a38cc7b2a573030001978302019683040193b1a5730493c2a7c2b2a573050093958fa3730673079973089c73097e9a730a9d99a3730b730c0599c1a7c1b2a5730d00938cc7b2a5730e0001a390c1a7730f","assets":[],"creationHeight":3,"additionalRegisters":{},"transactionId":"0c8b926e2a2fc034163df5d3af969db7b805e9f564a557184e2b5f9d405a9c63","index":0},{"boxId":"35198e0be720975c0486509d391ec841be10a60b315e5caaf8fb7ae69a3a75df","value":67500000000,"ergoTree":"1002041408cd038b0f29a60fa8d7e1aeafbe512288a6c6bc696547bbf8247db23c95e83014513cea02d192a39a8cc7a70173007301","assets":[],"creationHeight":3,"additionalRegisters":{},"transactionId":"0c8b926e2a2fc034163df5d3af969db7b805e9f564a557184e2b5f9d405a9c63","index":1}], size: 339)
20:17:02.815 INFO  [ef-critical-dispatcher-23] o.e.m.CandidateGenerator$ - Assembling a block candidate for block #3 from 1 transactions available
20:17:02.819 INFO  [ef-critical-dispatcher-23] o.e.m.CandidateGenerator$ - No fee proposition found in txs List(0c8b926e2a2fc034163df5d3af969db7b805e9f564a557184e2b5f9d405a9c63) 
20:17:02.821 INFO  [ef-critical-dispatcher-23] o.e.m.CandidateGenerator$ - Got candidate block at height 3 with 1 transactions, msg 09be4a95495de99de11615fa3ebfbfc657ba11cfc26d8359983bb19dee22252a
20:17:02.822 INFO  [ef-critical-dispatcher-23] o.e.m.CandidateGenerator - Generated new candidate in 17 ms
20:17:03.828 WARN  [ctor.default-dispatcher-8] o.e.n.ErgoNodeViewSynchronizer - No peers available in requestDownload
20:17:07.772 INFO  [tor.default-dispatcher-18] o.e.m.ErgoMiningThread - Found solution, sending it for validation
20:17:07.774 INFO  [ef-critical-dispatcher-23] o.e.m.CandidateGenerator - New block mined, header: Header({"extensionId":"9876561b365312251f5c75d912777b2d998dfb73015fbea11e603c564a24c80d","difficulty":"1","votes":"000000","timestamp":1791595022811,"size":218,"unparsedBytes":"","stateRoot":"f612ffdc2ecd632ac69d62bad37bfdf25b9318a336a7a73d61c1f1f85609ab9e03","height":3,"nBits":16842752,"version":3,"id":"dfc6b032c837b05a90c2872198158a034de404647a12faab116b6db8bad6cdfa","adProofsRoot":"9abd9a8ad02725d205286cdffe6389b91977594a1731b2a8e0c7c3dedf3079c7","transactionsRoot":"1a9d8e72545c993a13db09eb008049358b2a9c4456d5feb6cc9ac8a8913ff727","extensionHash":"de47c54bd80758d04414e99adcbd2e3ce9517e7a8839c406137e3c6d8410fdf2","powSolutions":{"pk":"038b0f29a60fa8d7e1aeafbe512288a6c6bc696547bbf8247db23c95e83014513c","w":"0296120b8be77d5d7ca7bed26d805bd0a6a4e6b46f206099f54c5ec29f5c56c567","n":"0000000000000000","d":4669754555362966542260907698580693434515678581046331170387953204672457313675},"adProofsId":"ad7d8e2d200bb5bc2f9c334a77731f834e00a9379dfcb995d227ef4a85109b76","transactionsId":"8a995247ff9564334c8ddce2330744282fa55f001bcfaea719ae10546a1eba14","parentId":"7acacf899f6c035e665460d3ecfec7c7b7e68a64d729b89915034aa0721db9a7"})
20:17:07.776 INFO  [ef-critical-dispatcher-23] o.e.m.CandidateGenerator - New block dfc6b032c837b05a90c2872198158a034de404647a12faab116b6db8bad6cdfa w. nonce 0
20:17:07.776 INFO  [tor.default-dispatcher-18] o.e.n.ErgoNodeViewSynchronizer - Immediately announcing newly mined block dfc6b032c837b05a90c2872198158a034de404647a12faab116b6db8bad6cdfa at height 3 to all peers
20:17:07.776 INFO  [ref-critical-dispatcher-5] o.e.n.UtxoNodeViewHolder - Got locally generated modifier dfc6b032c837b05a90c2872198158a034de404647a12faab116b6db8bad6cdfa of type 101
20:17:07.776 INFO  [ef-critical-dispatcher-23] o.e.m.CandidateGenerator - Processed solution AutolykosSolution(Ecp((4e29d12087d02e51f19950b67875289ed9e4872dbd1c170bace513f9c7b49eb0,2b9e7178d74f049e4796e8e263ce297d8fb9568829a4af7ed225550eed6b03cf,b53f31722529e29f5ca36d8613d5ea342389639c8b43f68f32b538641b18e9e0)),Ecp((589e459445eeb42038dd66521a9a2bcb98e0c114a61c46741a989d174e039eb2,68c6977e700014fab901be536a89cebe805f419a42a3719b8f8815b40fd0d1f6,770aa9aea3837e8cf62eb9ab8fc58420896012306950ce8b40e0a1c97bf4504b)),[B@460b25ae,4669754555362966542260907698580693434515678581046331170387953204672457313675) with the result Success(())
20:17:07.776 INFO  [ref-critical-dispatcher-5] o.e.n.UtxoNodeViewHolder - Apply modifier dfc6b032c837b05a90c2872198158a034de404647a12faab116b6db8bad6cdfa of type 101 to nodeViewHolder
20:17:07.776 INFO  [tor.default-dispatcher-18] o.e.m.ErgoMiningThread - Solution accepted
20:17:07.778 INFO  [ref-critical-dispatcher-5] o.e.n.h.ErgoHistory$$anon$1 - New best header dfc6b032c837b05a90c2872198158a034de404647a12faab116b6db8bad6cdfa with score 3. New height 3, old height 2
20:17:07.779 WARN  [tor.default-dispatcher-18] o.e.n.ErgoNodeViewSynchronizer - No peers available in requestDownload
20:17:07.780 INFO  [ref-critical-dispatcher-5] o.e.n.UtxoNodeViewHolder - Got locally generated modifier 8a995247ff9564334c8ddce2330744282fa55f001bcfaea719ae10546a1eba14 of type 102
20:17:07.780 INFO  [ref-critical-dispatcher-5] o.e.n.UtxoNodeViewHolder - Apply modifier 8a995247ff9564334c8ddce2330744282fa55f001bcfaea719ae10546a1eba14 of type 102 to nodeViewHolder
20:17:07.781 INFO  [ref-critical-dispatcher-5] o.e.n.UtxoNodeViewHolder - Got locally generated modifier 9876561b365312251f5c75d912777b2d998dfb73015fbea11e603c564a24c80d of type 108
20:17:07.781 INFO  [ref-critical-dispatcher-5] o.e.n.UtxoNodeViewHolder - Apply modifier 9876561b365312251f5c75d912777b2d998dfb73015fbea11e603c564a24c80d of type 108 to nodeViewHolder
20:17:07.782 INFO  [ref-critical-dispatcher-5] o.e.n.h.ErgoHistory$$anon$1 - Full block dfc6b032c837b05a90c2872198158a034de404647a12faab116b6db8bad6cdfa appended, going to apply 1 modifiers. New best block is dfc6b032c837b05a90c2872198158a034de404647a12faab116b6db8bad6cdfa with height 3 updates block 7acacf899f6c035e665460d3ecfec7c7b7e68a64d729b89915034aa0721db9a7 with height 2
20:17:07.791 INFO  [ref-critical-dispatcher-5] o.e.n.UtxoNodeViewHolder - Apply modifier ad7d8e2d200bb5bc2f9c334a77731f834e00a9379dfcb995d227ef4a85109b76 of type 104 to nodeViewHolder
20:17:07.792 INFO  [ref-critical-dispatcher-5] o.e.n.state.UtxoState - Valid modifier with header dfc6b032c837b05a90c2872198158a034de404647a12faab116b6db8bad6cdfa and emission box Some(a769f355cf504ee0044fcd5645b0a798df103c6cbde8109c8f5611036a24d2a2) applied to UtxoState at height 3
20:17:07.792 INFO  [ref-critical-dispatcher-5] o.e.n.state.UtxoState - checking snapshot for 3, simple check: false
20:17:07.793 INFO  [ef-critical-dispatcher-23] o.e.m.CandidateGenerator - Preparing new candidate on getting new block at 3
20:17:07.793 INFO  [ref-critical-dispatcher-5] o.e.n.UtxoNodeViewHolder - Persistent modifier 9876561b365312251f5c75d912777b2d998dfb73015fbea11e603c564a24c80d applied successfully
20:17:07.793 INFO  [tor.default-dispatcher-18] o.e.local.MempoolAuditor - Initiating mempool cleanup
20:17:07.793 INFO  [ergoref-api-dispatcher-6] o.e.n.w.ErgoWalletActor - Wallet is going to scan a block dfc6b032c837b05a90c2872198158a034de404647a12faab116b6db8bad6cdfa on chain at height 3
20:17:07.793 INFO  [tor.default-dispatcher-18] o.e.local.MempoolAuditor - Cleanup done. Switching to awaiting mode
20:17:07.795 INFO  [ref-indexer-dispatcher-15] o.e.n.h.extra.ExtraIndexer - Buffered block 3 / 3 [txs: 1, boxes: 2] (buffer: 11 / 20000)
20:17:07.795 INFO  [ef-critical-dispatcher-23] o.e.m.CandidateGenerator$ - Emission tx for nextHeight = 4: ErgoTransaction(id: 8dba933de2efb7418d0279ba0431af17e5cdbff60e7232768dba57340e839ce5, inputs: [{"boxId":"a769f355cf504ee0044fcd5645b0a798df103c6cbde8109c8f5611036a24d2a2","spendingProof":{"proofBytes":"","extension":{}}}], outputs: [{"boxId":"18d5d98010b6b0d343ce97ebfb8b1d90077342167b79045d00082929723d6c8b","value":93408862500000000,"ergoTree":"101004020e351002041408cd0279be667ef9dcbbac55a06295ce870b07029bfcdb2dce28d959f2815b16f81798ea02d192a39a8cc7a7017300730110010204020404040004c0fd4f05808c82f5f6030580b8c9e5ae040580f882ad16040204c0944004c0f407040004000580f882ad16d19683030191a38cc7a7019683020193c2b2a57300007473017302830108cdeeac93a38cc7b2a573030001978302019683040193b1a5730493c2a7c2b2a573050093958fa3730673079973089c73097e9a730a9d99a3730b730c0599c1a7c1b2a5730d00938cc7b2a5730e0001a390c1a7730f","assets":[],"creationHeight":4,"additionalRegisters":{},"transactionId":"8dba933de2efb7418d0279ba0431af17e5cdbff60e7232768dba57340e839ce5","index":0},{"boxId":"eaa6c4ab9f9b40cdad593f148ee9cc0d2391660906b3c9c270986762bcf27eb8","value":67500000000,"ergoTree":"1002041408cd038b0f29a60fa8d7e1aeafbe512288a6c6bc696547bbf8247db23c95e83014513cea02d192a39a8cc7a70173007301","assets":[],"creationHeight":4,"additionalRegisters":{},"transactionId":"8dba933de2efb7418d0279ba0431af17e5cdbff60e7232768dba57340e839ce5","index":1}], size: 339)
20:17:07.804 INFO  [ef-critical-dispatcher-23] o.e.m.CandidateGenerator$ - Assembling a block candidate for block #4 from 1 transactions available
20:17:07.808 INFO  [ef-critical-dispatcher-23] o.e.m.CandidateGenerator$ - No fee proposition found in txs List(8dba933de2efb7418d0279ba0431af17e5cdbff60e7232768dba57340e839ce5) 
20:17:07.811 INFO  [ef-critical-dispatcher-23] o.e.m.CandidateGenerator$ - Got candidate block at height 4 with 1 transactions, msg 5f410a102c9b89f61d67525deaa3bc59f7a016efaf7ed5c8045588dd6cdeb87a
20:17:07.811 INFO  [ef-critical-dispatcher-23] o.e.m.CandidateGenerator - Generated new candidate in 18 ms
20:17:07.811 INFO  [ef-critical-dispatcher-23] o.e.m.CandidateGenerator$ - Regenerating block candidate
20:17:07.813 INFO  [ef-critical-dispatcher-23] o.e.m.CandidateGenerator$ - Emission tx for nextHeight = 4: ErgoTransaction(id: 8dba933de2efb7418d0279ba0431af17e5cdbff60e7232768dba57340e839ce5, inputs: [{"boxId":"a769f355cf504ee0044fcd5645b0a798df103c6cbde8109c8f5611036a24d2a2","spendingProof":{"proofBytes":"","extension":{}}}], outputs: [{"boxId":"18d5d98010b6b0d343ce97ebfb8b1d90077342167b79045d00082929723d6c8b","value":93408862500000000,"ergoTree":"101004020e351002041408cd0279be667ef9dcbbac55a06295ce870b07029bfcdb2dce28d959f2815b16f81798ea02d192a39a8cc7a7017300730110010204020404040004c0fd4f05808c82f5f6030580b8c9e5ae040580f882ad16040204c0944004c0f407040004000580f882ad16d19683030191a38cc7a7019683020193c2b2a57300007473017302830108cdeeac93a38cc7b2a573030001978302019683040193b1a5730493c2a7c2b2a573050093958fa3730673079973089c73097e9a730a9d99a3730b730c0599c1a7c1b2a5730d00938cc7b2a5730e0001a390c1a7730f","assets":[],"creationHeight":4,"additionalRegisters":{},"transactionId":"8dba933de2efb7418d0279ba0431af17e5cdbff60e7232768dba57340e839ce5","index":0},{"boxId":"eaa6c4ab9f9b40cdad593f148ee9cc0d2391660906b3c9c270986762bcf27eb8","value":67500000000,"ergoTree":"1002041408cd038b0f29a60fa8d7e1aeafbe512288a6c6bc696547bbf8247db23c95e83014513cea02d192a39a8cc7a70173007301","assets":[],"creationHeight":4,"additionalRegisters":{},"transactionId":"8dba933de2efb7418d0279ba0431af17e5cdbff60e7232768dba57340e839ce5","index":1}], size: 339)
20:17:07.818 INFO  [ef-critical-dispatcher-23] o.e.m.CandidateGenerator$ - Assembling a block candidate for block #4 from 1 transactions available
20:17:07.821 INFO  [ef-critical-dispatcher-23] o.e.m.CandidateGenerator$ - No fee proposition found in txs List(8dba933de2efb7418d0279ba0431af17e5cdbff60e7232768dba57340e839ce5) 
20:17:07.822 INFO  [ef-critical-dispatcher-23] o.e.m.CandidateGenerator$ - Got candidate block at height 4 with 1 transactions, msg 277967a29d9341bfd88747f6e746bcd286183bfbff87b7c259a30308bbcdbef4
20:17:07.823 INFO  [ef-critical-dispatcher-23] o.e.m.CandidateGenerator - Generated new candidate in 12 ms
20:17:08.829 WARN  [tor.default-dispatcher-20] o.e.n.ErgoNodeViewSynchronizer - No peers available in requestDownload
20:17:12.793 INFO  [tor.default-dispatcher-18] o.e.m.ErgoMiningThread - Found solution, sending it for validation
20:17:12.795 INFO  [ef-critical-dispatcher-23] o.e.m.CandidateGenerator - New block mined, header: Header({"extensionId":"e493b975433b8cc1a77a29c54d72c5d62c489689d1bc0023c47bbd1dc6429a21","difficulty":"1","votes":"000000","timestamp":1791595027815,"size":218,"unparsedBytes":"","stateRoot":"d6cb4746156ce443afa77ef54df2a9ca3d2dabded61a41adf98ad4b66b61720c03","height":4,"nBits":16842752,"version":3,"id":"a1d1c225d3dbf03ba0d6a67af4f3245e1ac853bc288768029e95820eb3c43758","adProofsRoot":"cd7c8e4880778e68f966ec59ae1ee5c436b055718302f731f4c140341639e9d8","transactionsRoot":"3acba254358ad97469db446925f0b6b229c060ac2aee336cb812479565956c5c","extensionHash":"337b488bcdd1bbec0b3084044077cdbf3de5fbe8b7da8e3bef55363b6a246420","powSolutions":{"pk":"038b0f29a60fa8d7e1aeafbe512288a6c6bc696547bbf8247db23c95e83014513c","w":"020f09a6bb06a40dbb7a9c85d2959ab1a517e48eb93304782da8a41225f5976a18","n":"0000000000000000","d":61889481933064137864702510870610597807526409857366683488028866878520439772666},"adProofsId":"fdcb499f3995d4771a7a0ded7e1a1bd51200b0d23199d367a33146945bac9fd2","transactionsId":"e07b7b1f4ca6fe890bdddd02371e2fdf678f9d68e24b27babbc09ddd80b9d8db","parentId":"dfc6b032c837b05a90c2872198158a034de404647a12faab116b6db8bad6cdfa"})
20:17:12.798 INFO  [ef-critical-dispatcher-23] o.e.m.CandidateGenerator - New block a1d1c225d3dbf03ba0d6a67af4f3245e1ac853bc288768029e95820eb3c43758 w. nonce 0
20:17:12.799 INFO  [tor.default-dispatcher-18] o.e.n.ErgoNodeViewSynchronizer - Immediately announcing newly mined block a1d1c225d3dbf03ba0d6a67af4f3245e1ac853bc288768029e95820eb3c43758 at height 4 to all peers
20:17:12.799 INFO  [ref-critical-dispatcher-5] o.e.n.UtxoNodeViewHolder - Got locally generated modifier a1d1c225d3dbf03ba0d6a67af4f3245e1ac853bc288768029e95820eb3c43758 of type 101
20:17:12.799 INFO  [ref-critical-dispatcher-5] o.e.n.UtxoNodeViewHolder - Apply modifier a1d1c225d3dbf03ba0d6a67af4f3245e1ac853bc288768029e95820eb3c43758 of type 101 to nodeViewHolder
20:17:12.799 INFO  [ef-critical-dispatcher-23] o.e.m.CandidateGenerator - Processed solution AutolykosSolution(Ecp((4e29d12087d02e51f19950b67875289ed9e4872dbd1c170bace513f9c7b49eb0,2b9e7178d74f049e4796e8e263ce297d8fb9568829a4af7ed225550eed6b03cf,b53f31722529e29f5ca36d8613d5ea342389639c8b43f68f32b538641b18e9e0)),Ecp((3814750fb178cd3106a1cf75968c62ff04b0c6e1c393a0e4ad75b8909ab139de,b1e26043ac6c2cc9002ebc7f6a5933e973a5b15f369b706fba9fc2cec62fbf6,a3b094d120ef8b046d87f5b05c6421413e8ed9b1cb37336f1241674f1ed9766a)),[B@17272f93,61889481933064137864702510870610597807526409857366683488028866878520439772666) with the result Success(())
20:17:12.799 INFO  [tor.default-dispatcher-18] o.e.m.ErgoMiningThread - Solution accepted
20:17:12.801 INFO  [ref-critical-dispatcher-5] o.e.n.h.ErgoHistory$$anon$1 - New best header a1d1c225d3dbf03ba0d6a67af4f3245e1ac853bc288768029e95820eb3c43758 with score 4. New height 4, old height 3
20:17:12.803 WARN  [tor.default-dispatcher-18] o.e.n.ErgoNodeViewSynchronizer - No peers available in requestDownload
20:17:12.803 INFO  [ref-critical-dispatcher-5] o.e.n.UtxoNodeViewHolder - Got locally generated modifier e07b7b1f4ca6fe890bdddd02371e2fdf678f9d68e24b27babbc09ddd80b9d8db of type 102
20:17:12.803 INFO  [ref-critical-dispatcher-5] o.e.n.UtxoNodeViewHolder - Apply modifier e07b7b1f4ca6fe890bdddd02371e2fdf678f9d68e24b27babbc09ddd80b9d8db of type 102 to nodeViewHolder
20:17:12.807 INFO  [ef-critical-dispatcher-23] o.e.n.UtxoNodeViewHolder - Got locally generated modifier e493b975433b8cc1a77a29c54d72c5d62c489689d1bc0023c47bbd1dc6429a21 of type 108
20:17:12.807 INFO  [ef-critical-dispatcher-23] o.e.n.UtxoNodeViewHolder - Apply modifier e493b975433b8cc1a77a29c54d72c5d62c489689d1bc0023c47bbd1dc6429a21 of type 108 to nodeViewHolder
20:17:12.808 INFO  [ef-critical-dispatcher-23] o.e.n.h.ErgoHistory$$anon$1 - Full block a1d1c225d3dbf03ba0d6a67af4f3245e1ac853bc288768029e95820eb3c43758 appended, going to apply 1 modifiers. New best block is a1d1c225d3dbf03ba0d6a67af4f3245e1ac853bc288768029e95820eb3c43758 with height 4 updates block dfc6b032c837b05a90c2872198158a034de404647a12faab116b6db8bad6cdfa with height 3
20:17:12.824 INFO  [ef-critical-dispatcher-23] o.e.n.UtxoNodeViewHolder - Apply modifier fdcb499f3995d4771a7a0ded7e1a1bd51200b0d23199d367a33146945bac9fd2 of type 104 to nodeViewHolder
20:17:12.824 INFO  [ef-critical-dispatcher-23] o.e.n.state.UtxoState - Valid modifier with header a1d1c225d3dbf03ba0d6a67af4f3245e1ac853bc288768029e95820eb3c43758 and emission box Some(18d5d98010b6b0d343ce97ebfb8b1d90077342167b79045d00082929723d6c8b) applied to UtxoState at height 4
20:17:12.824 INFO  [ef-critical-dispatcher-23] o.e.n.state.UtxoState - checking snapshot for 4, simple check: false
20:17:12.825 INFO  [ref-critical-dispatcher-5] o.e.m.CandidateGenerator - Preparing new candidate on getting new block at 4
20:17:12.825 INFO  [ef-critical-dispatcher-23] o.e.n.UtxoNodeViewHolder - Persistent modifier e493b975433b8cc1a77a29c54d72c5d62c489689d1bc0023c47bbd1dc6429a21 applied successfully
20:17:12.825 INFO  [tor.default-dispatcher-18] o.e.local.MempoolAuditor - Initiating mempool cleanup
20:17:12.825 INFO  [ergoref-api-dispatcher-6] o.e.n.w.ErgoWalletActor - Wallet is going to scan a block a1d1c225d3dbf03ba0d6a67af4f3245e1ac853bc288768029e95820eb3c43758 on chain at height 4
20:17:12.825 INFO  [tor.default-dispatcher-18] o.e.local.MempoolAuditor - Cleanup done. Switching to awaiting mode
20:17:12.826 INFO  [ref-indexer-dispatcher-15] o.e.n.h.extra.ExtraIndexer - Buffered block 4 / 4 [txs: 1, boxes: 2] (buffer: 11 / 20000)
20:17:12.827 INFO  [ref-critical-dispatcher-5] o.e.m.CandidateGenerator$ - Emission tx for nextHeight = 5: ErgoTransaction(id: 47fa322ac9425b9b5b679b86760cd86353ccfb3958f1e5c6953b0f9dadda2213, inputs: [{"boxId":"18d5d98010b6b0d343ce97ebfb8b1d90077342167b79045d00082929723d6c8b","spendingProof":{"proofBytes":"","extension":{}}}], outputs: [{"boxId":"ee93b45bb3300dc822b90d8e86eae7a828278f2418ca63228b80562422c212a5","value":93408795000000000,"ergoTree":"101004020e351002041408cd0279be667ef9dcbbac55a06295ce870b07029bfcdb2dce28d959f2815b16f81798ea02d192a39a8cc7a7017300730110010204020404040004c0fd4f05808c82f5f6030580b8c9e5ae040580f882ad16040204c0944004c0f407040004000580f882ad16d19683030191a38cc7a7019683020193c2b2a57300007473017302830108cdeeac93a38cc7b2a573030001978302019683040193b1a5730493c2a7c2b2a573050093958fa3730673079973089c73097e9a730a9d99a3730b730c0599c1a7c1b2a5730d00938cc7b2a5730e0001a390c1a7730f","assets":[],"creationHeight":5,"additionalRegisters":{},"transactionId":"47fa322ac9425b9b5b679b86760cd86353ccfb3958f1e5c6953b0f9dadda2213","index":0},{"boxId":"1c41655be23d3d1c5271d0b25ff0ce11ddf7c8738a3b647ee31577c1bade8dd4","value":67500000000,"ergoTree":"1002041408cd038b0f29a60fa8d7e1aeafbe512288a6c6bc696547bbf8247db23c95e83014513cea02d192a39a8cc7a70173007301","assets":[],"creationHeight":5,"additionalRegisters":{},"transactionId":"47fa322ac9425b9b5b679b86760cd86353ccfb3958f1e5c6953b0f9dadda2213","index":1}], size: 339)
20:17:12.831 INFO  [ref-critical-dispatcher-5] o.e.m.CandidateGenerator$ - Assembling a block candidate for block #5 from 1 transactions available
20:17:12.834 INFO  [ref-critical-dispatcher-5] o.e.m.CandidateGenerator$ - No fee proposition found in txs List(47fa322ac9425b9b5b679b86760cd86353ccfb3958f1e5c6953b0f9dadda2213) 
20:17:12.835 INFO  [ref-critical-dispatcher-5] o.e.m.CandidateGenerator$ - Got candidate block at height 5 with 1 transactions, msg 3a33fc50601e630a2963169d91957ce85adea9808f7b8f43740bddaaa422aa7e
20:17:12.835 INFO  [ref-critical-dispatcher-5] o.e.m.CandidateGenerator - Generated new candidate in 10 ms
20:17:12.835 INFO  [ref-critical-dispatcher-5] o.e.m.CandidateGenerator$ - Regenerating block candidate
20:17:12.837 INFO  [ref-critical-dispatcher-5] o.e.m.CandidateGenerator$ - Emission tx for nextHeight = 5: ErgoTransaction(id: 47fa322ac9425b9b5b679b86760cd86353ccfb3958f1e5c6953b0f9dadda2213, inputs: [{"boxId":"18d5d98010b6b0d343ce97ebfb8b1d90077342167b79045d00082929723d6c8b","spendingProof":{"proofBytes":"","extension":{}}}], outputs: [{"boxId":"ee93b45bb3300dc822b90d8e86eae7a828278f2418ca63228b80562422c212a5","value":93408795000000000,"ergoTree":"101004020e351002041408cd0279be667ef9dcbbac55a06295ce870b07029bfcdb2dce28d959f2815b16f81798ea02d192a39a8cc7a7017300730110010204020404040004c0fd4f05808c82f5f6030580b8c9e5ae040580f882ad16040204c0944004c0f407040004000580f882ad16d19683030191a38cc7a7019683020193c2b2a57300007473017302830108cdeeac93a38cc7b2a573030001978302019683040193b1a5730493c2a7c2b2a573050093958fa3730673079973089c73097e9a730a9d99a3730b730c0599c1a7c1b2a5730d00938cc7b2a5730e0001a390c1a7730f","assets":[],"creationHeight":5,"additionalRegisters":{},"transactionId":"47fa322ac9425b9b5b679b86760cd86353ccfb3958f1e5c6953b0f9dadda2213","index":0},{"boxId":"1c41655be23d3d1c5271d0b25ff0ce11ddf7c8738a3b647ee31577c1bade8dd4","value":67500000000,"ergoTree":"1002041408cd038b0f29a60fa8d7e1aeafbe512288a6c6bc696547bbf8247db23c95e83014513cea02d192a39a8cc7a70173007301","assets":[],"creationHeight":5,"additionalRegisters":{},"transactionId":"47fa322ac9425b9b5b679b86760cd86353ccfb3958f1e5c6953b0f9dadda2213","index":1}], size: 339)
20:17:12.843 INFO  [ref-critical-dispatcher-5] o.e.m.CandidateGenerator$ - Assembling a block candidate for block #5 from 1 transactions available
20:17:12.846 INFO  [ref-critical-dispatcher-5] o.e.m.CandidateGenerator$ - No fee proposition found in txs List(47fa322ac9425b9b5b679b86760cd86353ccfb3958f1e5c6953b0f9dadda2213) 
20:17:12.847 INFO  [ref-critical-dispatcher-5] o.e.m.CandidateGenerator$ - Got candidate block at height 5 with 1 transactions, msg c7c9c901a9af843bbfdaea8f8ae99fd680771af80260f246a609694ed516db76
20:17:12.847 INFO  [ref-critical-dispatcher-5] o.e.m.CandidateGenerator - Generated new candidate in 12 ms
20:17:13.828 WARN  [ctor.default-dispatcher-8] o.e.n.ErgoNodeViewSynchronizer - No peers available in requestDownload
20:17:17.816 INFO  [tor.default-dispatcher-17] o.e.m.ErgoMiningThread - Found solution, sending it for validation
20:17:17.819 INFO  [ref-critical-dispatcher-5] o.e.m.CandidateGenerator - New block mined, header: Header({"extensionId":"a04c86d297399c38e0f596c77194a14f1b17c7344428b4e3c956fee5f2e17697","difficulty":"1","votes":"000000","timestamp":1791595032839,"size":218,"unparsedBytes":"","stateRoot":"adb78fe1fc06ceea486b4540e0b54ae5ce92b9201625669770e8efa3613931c004","height":5,"nBits":16842752,"version":3,"id":"1eebc61b619a57a16730f6cb40706c59181c22115b459d078dc4da55cc333a87","adProofsRoot":"f4878bb8dc2bcf23ef58b607d562c055050888cadecdccce0692d97a622863ff","transactionsRoot":"628c93cb77342b8dc06125f5db8e875ae648078d523179e4d14b02652f400e11","extensionHash":"4d9d27dba55962d3c2fc35ddd5a159d254eff13af0a33f13e0e804e791915867","powSolutions":{"pk":"038b0f29a60fa8d7e1aeafbe512288a6c6bc696547bbf8247db23c95e83014513c","w":"03b796fc163b4e34711052eb87fa224dbc3cd70143a481413500b66f3bfd36fbf1","n":"0000000000000000","d":51519571548163096958478193010331926847632161285371464587768652041526753106002},"adProofsId":"c4d0eb4ef483e4ae8c454e3aad3fa832308875729d3d073117e2787bfe518454","transactionsId":"cffde3e1d5f76c9557ba8f8c4760b76e06baee45d0d5c1eb3a443cd006117434","parentId":"a1d1c225d3dbf03ba0d6a67af4f3245e1ac853bc288768029e95820eb3c43758"})
20:17:17.824 INFO  [ref-critical-dispatcher-5] o.e.m.CandidateGenerator - New block 1eebc61b619a57a16730f6cb40706c59181c22115b459d078dc4da55cc333a87 w. nonce 0
20:17:17.824 INFO  [tor.default-dispatcher-17] o.e.n.ErgoNodeViewSynchronizer - Immediately announcing newly mined block 1eebc61b619a57a16730f6cb40706c59181c22115b459d078dc4da55cc333a87 at height 5 to all peers
20:17:17.825 INFO  [ef-critical-dispatcher-23] o.e.n.UtxoNodeViewHolder - Got locally generated modifier 1eebc61b619a57a16730f6cb40706c59181c22115b459d078dc4da55cc333a87 of type 101
20:17:17.825 INFO  [ef-critical-dispatcher-23] o.e.n.UtxoNodeViewHolder - Apply modifier 1eebc61b619a57a16730f6cb40706c59181c22115b459d078dc4da55cc333a87 of type 101 to nodeViewHolder
20:17:17.824 INFO  [ref-critical-dispatcher-5] o.e.m.CandidateGenerator - Processed solution AutolykosSolution(Ecp((4e29d12087d02e51f19950b67875289ed9e4872dbd1c170bace513f9c7b49eb0,2b9e7178d74f049e4796e8e263ce297d8fb9568829a4af7ed225550eed6b03cf,b53f31722529e29f5ca36d8613d5ea342389639c8b43f68f32b538641b18e9e0)),Ecp((194f77761bd30d75266056efcd8790a7dcc6a4659ce5da97d46868e84ba01120,9c9cbfd78a629daac2740d27ad005d28f753ca1377dcdf31767c7ccc03adabe7,deac9c008872dc584ab4ca110198d4e8c02fb665031bf715a186fb4c0ceeef5c)),[B@25fa9577,51519571548163096958478193010331926847632161285371464587768652041526753106002) with the result Success(())
20:17:17.827 INFO  [tor.default-dispatcher-17] o.e.m.ErgoMiningThread - Solution accepted
20:17:17.831 INFO  [ef-critical-dispatcher-23] o.e.n.h.ErgoHistory$$anon$1 - New best header 1eebc61b619a57a16730f6cb40706c59181c22115b459d078dc4da55cc333a87 with score 5. New height 5, old height 4
20:17:17.834 WARN  [tor.default-dispatcher-17] o.e.n.ErgoNodeViewSynchronizer - No peers available in requestDownload
20:17:17.835 INFO  [ef-critical-dispatcher-23] o.e.n.UtxoNodeViewHolder - Got locally generated modifier cffde3e1d5f76c9557ba8f8c4760b76e06baee45d0d5c1eb3a443cd006117434 of type 102
20:17:17.835 INFO  [ef-critical-dispatcher-23] o.e.n.UtxoNodeViewHolder - Apply modifier cffde3e1d5f76c9557ba8f8c4760b76e06baee45d0d5c1eb3a443cd006117434 of type 102 to nodeViewHolder
20:17:17.838 INFO  [ef-critical-dispatcher-23] o.e.n.UtxoNodeViewHolder - Got locally generated modifier a04c86d297399c38e0f596c77194a14f1b17c7344428b4e3c956fee5f2e17697 of type 108
20:17:17.838 INFO  [ef-critical-dispatcher-23] o.e.n.UtxoNodeViewHolder - Apply modifier a04c86d297399c38e0f596c77194a14f1b17c7344428b4e3c956fee5f2e17697 of type 108 to nodeViewHolder
20:17:17.840 INFO  [ef-critical-dispatcher-23] o.e.n.h.ErgoHistory$$anon$1 - Full block 1eebc61b619a57a16730f6cb40706c59181c22115b459d078dc4da55cc333a87 appended, going to apply 1 modifiers. New best block is 1eebc61b619a57a16730f6cb40706c59181c22115b459d078dc4da55cc333a87 with height 5 updates block a1d1c225d3dbf03ba0d6a67af4f3245e1ac853bc288768029e95820eb3c43758 with height 4
20:17:17.855 INFO  [ef-critical-dispatcher-23] o.e.n.UtxoNodeViewHolder - Apply modifier c4d0eb4ef483e4ae8c454e3aad3fa832308875729d3d073117e2787bfe518454 of type 104 to nodeViewHolder
20:17:17.856 INFO  [ef-critical-dispatcher-23] o.e.n.state.UtxoState - Valid modifier with header 1eebc61b619a57a16730f6cb40706c59181c22115b459d078dc4da55cc333a87 and emission box Some(ee93b45bb3300dc822b90d8e86eae7a828278f2418ca63228b80562422c212a5) applied to UtxoState at height 5
20:17:17.856 INFO  [ef-critical-dispatcher-23] o.e.n.state.UtxoState - checking snapshot for 5, simple check: false
20:17:17.857 INFO  [ref-critical-dispatcher-5] o.e.m.CandidateGenerator - Preparing new candidate on getting new block at 5
20:17:17.857 INFO  [ef-critical-dispatcher-23] o.e.n.UtxoNodeViewHolder - Persistent modifier a04c86d297399c38e0f596c77194a14f1b17c7344428b4e3c956fee5f2e17697 applied successfully
20:17:17.857 INFO  [tor.default-dispatcher-17] o.e.local.MempoolAuditor - Initiating mempool cleanup
20:17:17.857 INFO  [ergoref-api-dispatcher-6] o.e.n.w.ErgoWalletActor - Wallet is going to scan a block 1eebc61b619a57a16730f6cb40706c59181c22115b459d078dc4da55cc333a87 on chain at height 5
20:17:17.858 INFO  [tor.default-dispatcher-17] o.e.local.MempoolAuditor - Cleanup done. Switching to awaiting mode
20:17:17.859 INFO  [ref-indexer-dispatcher-15] o.e.n.h.extra.ExtraIndexer - Buffered block 5 / 5 [txs: 1, boxes: 2] (buffer: 11 / 20000)
20:17:17.865 INFO  [ref-critical-dispatcher-5] o.e.m.CandidateGenerator$ - Emission tx for nextHeight = 6: ErgoTransaction(id: 32dfd59a8a7db8da7a562d475a355498d3acc1de702770d6b123c759804ad006, inputs: [{"boxId":"ee93b45bb3300dc822b90d8e86eae7a828278f2418ca63228b80562422c212a5","spendingProof":{"proofBytes":"","extension":{}}}], outputs: [{"boxId":"583ab38a91090d7374692192cc76e2a52789d5aa6e97478657005d209a9c6211","value":93408727500000000,"ergoTree":"101004020e351002041408cd0279be667ef9dcbbac55a06295ce870b07029bfcdb2dce28d959f2815b16f81798ea02d192a39a8cc7a7017300730110010204020404040004c0fd4f05808c82f5f6030580b8c9e5ae040580f882ad16040204c0944004c0f407040004000580f882ad16d19683030191a38cc7a7019683020193c2b2a57300007473017302830108cdeeac93a38cc7b2a573030001978302019683040193b1a5730493c2a7c2b2a573050093958fa3730673079973089c73097e9a730a9d99a3730b730c0599c1a7c1b2a5730d00938cc7b2a5730e0001a390c1a7730f","assets":[],"creationHeight":6,"additionalRegisters":{},"transactionId":"32dfd59a8a7db8da7a562d475a355498d3acc1de702770d6b123c759804ad006","index":0},{"boxId":"68372e60ab53ceb8972e4124548f54e93093481d685edb4ec50f8b05febb7941","value":67500000000,"ergoTree":"1002041408cd038b0f29a60fa8d7e1aeafbe512288a6c6bc696547bbf8247db23c95e83014513cea02d192a39a8cc7a70173007301","assets":[],"creationHeight":6,"additionalRegisters":{},"transactionId":"32dfd59a8a7db8da7a562d475a355498d3acc1de702770d6b123c759804ad006","index":1}], size: 339)
20:17:17.872 INFO  [ref-critical-dispatcher-5] o.e.m.CandidateGenerator$ - Assembling a block candidate for block #6 from 1 transactions available
20:17:17.879 INFO  [ref-critical-dispatcher-5] o.e.m.CandidateGenerator$ - No fee proposition found in txs List(32dfd59a8a7db8da7a562d475a355498d3acc1de702770d6b123c759804ad006) 
20:17:17.881 INFO  [ref-critical-dispatcher-5] o.e.m.CandidateGenerator$ - Got candidate block at height 6 with 1 transactions, msg 2fe23192d903b5ecf8a25be428c4439cfef2f8b78083d903baeccf47eb71cec2
20:17:17.882 INFO  [ref-critical-dispatcher-5] o.e.m.CandidateGenerator - Generated new candidate in 25 ms
20:17:17.882 INFO  [ref-critical-dispatcher-5] o.e.m.CandidateGenerator$ - Regenerating block candidate
20:17:17.884 INFO  [ref-critical-dispatcher-5] o.e.m.CandidateGenerator$ - Emission tx for nextHeight = 6: ErgoTransaction(id: 32dfd59a8a7db8da7a562d475a355498d3acc1de702770d6b123c759804ad006, inputs: [{"boxId":"ee93b45bb3300dc822b90d8e86eae7a828278f2418ca63228b80562422c212a5","spendingProof":{"proofBytes":"","extension":{}}}], outputs: [{"boxId":"583ab38a91090d7374692192cc76e2a52789d5aa6e97478657005d209a9c6211","value":93408727500000000,"ergoTree":"101004020e351002041408cd0279be667ef9dcbbac55a06295ce870b07029bfcdb2dce28d959f2815b16f81798ea02d192a39a8cc7a7017300730110010204020404040004c0fd4f05808c82f5f6030580b8c9e5ae040580f882ad16040204c0944004c0f407040004000580f882ad16d19683030191a38cc7a7019683020193c2b2a57300007473017302830108cdeeac93a38cc7b2a573030001978302019683040193b1a5730493c2a7c2b2a573050093958fa3730673079973089c73097e9a730a9d99a3730b730c0599c1a7c1b2a5730d00938cc7b2a5730e0001a390c1a7730f","assets":[],"creationHeight":6,"additionalRegisters":{},"transactionId":"32dfd59a8a7db8da7a562d475a355498d3acc1de702770d6b123c759804ad006","index":0},{"boxId":"68372e60ab53ceb8972e4124548f54e93093481d685edb4ec50f8b05febb7941","value":67500000000,"ergoTree":"1002041408cd038b0f29a60fa8d7e1aeafbe512288a6c6bc696547bbf8247db23c95e83014513cea02d192a39a8cc7a70173007301","assets":[],"creationHeight":6,"additionalRegisters":{},"transactionId":"32dfd59a8a7db8da7a562d475a355498d3acc1de702770d6b123c759804ad006","index":1}], size: 339)
20:17:17.889 INFO  [ref-critical-dispatcher-5] o.e.m.CandidateGenerator$ - Assembling a block candidate for block #6 from 1 transactions available
20:17:17.893 INFO  [ref-critical-dispatcher-5] o.e.m.CandidateGenerator$ - No fee proposition found in txs List(32dfd59a8a7db8da7a562d475a355498d3acc1de702770d6b123c759804ad006) 
20:17:17.894 INFO  [ref-critical-dispatcher-5] o.e.m.CandidateGenerator$ - Got candidate block at height 6 with 1 transactions, msg 4a5f0807a77e61d7e28c65987a50e7d508a315001d31577bfd931ca56069be72
20:17:17.894 INFO  [ref-critical-dispatcher-5] o.e.m.CandidateGenerator - Generated new candidate in 12 ms
20:17:18.829 WARN  [tor.default-dispatcher-17] o.e.n.ErgoNodeViewSynchronizer - No peers available in requestDownload
20:17:22.835 INFO  [tor.default-dispatcher-20] o.e.m.ErgoMiningThread - Found solution, sending it for validation
20:17:22.840 INFO  [ref-critical-dispatcher-5] o.e.m.CandidateGenerator - New block mined, header: Header({"extensionId":"604cf099af0b10ddcd20255ed23afa099e9af7715d6f1fb4e09e01f00ca2adf6","difficulty":"1","votes":"000000","timestamp":1791595037886,"size":218,"unparsedBytes":"","stateRoot":"859d5b847c529d13fdb2ee93289aea49c9b9067f974b2e8816a02ce2b2f5bc8004","height":6,"nBits":16842752,"version":3,"id":"3fea9ce8d4ec8ac142e728a594ee750b828218930cdedc9cf0b4e7b9b7c40a02","adProofsRoot":"ef14055438823a37f0f88cbfff7df6bacd722710ad98ac210847b6d2ff1d79d0","transactionsRoot":"7626b85e68454c8a90c5d162e14b66545eb4f4b7647ebe7126ad561421e4d1a4","extensionHash":"fc4858ea60aa231f8ebb31771bb1fdb45c11a154eccf57c245ad40b39abb719d","powSolutions":{"pk":"038b0f29a60fa8d7e1aeafbe512288a6c6bc696547bbf8247db23c95e83014513c","w":"03735803a4327bdaf3d59e3efdf1f78d617bab40088510d9a10066a214bae0df57","n":"0000000000000000","d":113808848984345492914469673687681540828594753734443857686479182422729262461321},"adProofsId":"1f5e5a57bc21c64e5f48e5397af8ad6b619c47221a3d07634ed6a2e9dab02f7b","transactionsId":"b5090345cb946b49974ee8d339216a058e534838a1348f3c395317b7d3fe4ef9","parentId":"1eebc61b619a57a16730f6cb40706c59181c22115b459d078dc4da55cc333a87"})
20:17:22.845 INFO  [ref-critical-dispatcher-5] o.e.m.CandidateGenerator - New block 3fea9ce8d4ec8ac142e728a594ee750b828218930cdedc9cf0b4e7b9b7c40a02 w. nonce 0
20:17:22.845 INFO  [tor.default-dispatcher-20] o.e.n.ErgoNodeViewSynchronizer - Immediately announcing newly mined block 3fea9ce8d4ec8ac142e728a594ee750b828218930cdedc9cf0b4e7b9b7c40a02 at height 6 to all peers
20:17:22.845 INFO  [ef-critical-dispatcher-23] o.e.n.UtxoNodeViewHolder - Got locally generated modifier 3fea9ce8d4ec8ac142e728a594ee750b828218930cdedc9cf0b4e7b9b7c40a02 of type 101
20:17:22.846 INFO  [ef-critical-dispatcher-23] o.e.n.UtxoNodeViewHolder - Apply modifier 3fea9ce8d4ec8ac142e728a594ee750b828218930cdedc9cf0b4e7b9b7c40a02 of type 101 to nodeViewHolder
20:17:22.845 INFO  [ref-critical-dispatcher-5] o.e.m.CandidateGenerator - Processed solution AutolykosSolution(Ecp((4e29d12087d02e51f19950b67875289ed9e4872dbd1c170bace513f9c7b49eb0,2b9e7178d74f049e4796e8e263ce297d8fb9568829a4af7ed225550eed6b03cf,b53f31722529e29f5ca36d8613d5ea342389639c8b43f68f32b538641b18e9e0)),Ecp((3beb1d299f9be98537e400e2bfe60e69a7a27f1c6f89fad48f3789736f2f2950,578d36e203c2efc76a8a7d7d697009ce6059cf5326d5074c05f41aed0d746677,4b6eb8e6b40a2cf79e59b919663c8a68b8af2519c3ef3e131d1d02b521b9f9e2)),[B@384a05f8,113808848984345492914469673687681540828594753734443857686479182422729262461321) with the result Success(())
20:17:22.847 INFO  [tor.default-dispatcher-20] o.e.m.ErgoMiningThread - Solution accepted
20:17:22.849 INFO  [ef-critical-dispatcher-23] o.e.n.h.ErgoHistory$$anon$1 - New best header 3fea9ce8d4ec8ac142e728a594ee750b828218930cdedc9cf0b4e7b9b7c40a02 with score 6. New height 6, old height 5
20:17:22.851 WARN  [tor.default-dispatcher-20] o.e.n.ErgoNodeViewSynchronizer - No peers available in requestDownload
20:17:22.851 INFO  [ef-critical-dispatcher-23] o.e.n.UtxoNodeViewHolder - Got locally generated modifier b5090345cb946b49974ee8d339216a058e534838a1348f3c395317b7d3fe4ef9 of type 102
20:17:22.851 INFO  [ef-critical-dispatcher-23] o.e.n.UtxoNodeViewHolder - Apply modifier b5090345cb946b49974ee8d339216a058e534838a1348f3c395317b7d3fe4ef9 of type 102 to nodeViewHolder
20:17:22.853 INFO  [ef-critical-dispatcher-23] o.e.n.UtxoNodeViewHolder - Got locally generated modifier 604cf099af0b10ddcd20255ed23afa099e9af7715d6f1fb4e09e01f00ca2adf6 of type 108
20:17:22.853 INFO  [ef-critical-dispatcher-23] o.e.n.UtxoNodeViewHolder - Apply modifier 604cf099af0b10ddcd20255ed23afa099e9af7715d6f1fb4e09e01f00ca2adf6 of type 108 to nodeViewHolder
20:17:22.854 INFO  [ef-critical-dispatcher-23] o.e.n.h.ErgoHistory$$anon$1 - Full block 3fea9ce8d4ec8ac142e728a594ee750b828218930cdedc9cf0b4e7b9b7c40a02 appended, going to apply 1 modifiers. New best block is 3fea9ce8d4ec8ac142e728a594ee750b828218930cdedc9cf0b4e7b9b7c40a02 with height 6 updates block 1eebc61b619a57a16730f6cb40706c59181c22115b459d078dc4da55cc333a87 with height 5
20:17:22.864 INFO  [ef-critical-dispatcher-23] o.e.n.UtxoNodeViewHolder - Apply modifier 1f5e5a57bc21c64e5f48e5397af8ad6b619c47221a3d07634ed6a2e9dab02f7b of type 104 to nodeViewHolder
20:17:22.865 INFO  [ef-critical-dispatcher-23] o.e.n.state.UtxoState - Valid modifier with header 3fea9ce8d4ec8ac142e728a594ee750b828218930cdedc9cf0b4e7b9b7c40a02 and emission box Some(583ab38a91090d7374692192cc76e2a52789d5aa6e97478657005d209a9c6211) applied to UtxoState at height 6
20:17:22.865 INFO  [ef-critical-dispatcher-23] o.e.n.state.UtxoState - checking snapshot for 6, simple check: false
20:17:22.865 INFO  [ref-critical-dispatcher-5] o.e.m.CandidateGenerator - Preparing new candidate on getting new block at 6
20:17:22.866 INFO  [ef-critical-dispatcher-23] o.e.n.UtxoNodeViewHolder - Persistent modifier 604cf099af0b10ddcd20255ed23afa099e9af7715d6f1fb4e09e01f00ca2adf6 applied successfully
20:17:22.866 INFO  [tor.default-dispatcher-20] o.e.local.MempoolAuditor - Initiating mempool cleanup
20:17:22.866 INFO  [ergoref-api-dispatcher-6] o.e.n.w.ErgoWalletActor - Wallet is going to scan a block 3fea9ce8d4ec8ac142e728a594ee750b828218930cdedc9cf0b4e7b9b7c40a02 on chain at height 6
20:17:22.866 INFO  [tor.default-dispatcher-20] o.e.local.MempoolAuditor - Cleanup done. Switching to awaiting mode
20:17:22.867 INFO  [ref-indexer-dispatcher-15] o.e.n.h.extra.ExtraIndexer - Buffered block 6 / 6 [txs: 1, boxes: 2] (buffer: 11 / 20000)
20:17:22.869 INFO  [ref-critical-dispatcher-5] o.e.m.CandidateGenerator$ - Emission tx for nextHeight = 7: ErgoTransaction(id: 52426f12515ac989f0814bbb7643126c6a1f9e0783e1f489b266d874026b89e2, inputs: [{"boxId":"583ab38a91090d7374692192cc76e2a52789d5aa6e97478657005d209a9c6211","spendingProof":{"proofBytes":"","extension":{}}}], outputs: [{"boxId":"fdb5b211552f35d8c46253669e30ed89adfb29aa0e420add8a672decbae14197","value":93408660000000000,"ergoTree":"101004020e351002041408cd0279be667ef9dcbbac55a06295ce870b07029bfcdb2dce28d959f2815b16f81798ea02d192a39a8cc7a7017300730110010204020404040004c0fd4f05808c82f5f6030580b8c9e5ae040580f882ad16040204c0944004c0f407040004000580f882ad16d19683030191a38cc7a7019683020193c2b2a57300007473017302830108cdeeac93a38cc7b2a573030001978302019683040193b1a5730493c2a7c2b2a573050093958fa3730673079973089c73097e9a730a9d99a3730b730c0599c1a7c1b2a5730d00938cc7b2a5730e0001a390c1a7730f","assets":[],"creationHeight":7,"additionalRegisters":{},"transactionId":"52426f12515ac989f0814bbb7643126c6a1f9e0783e1f489b266d874026b89e2","index":0},{"boxId":"b498071eaebb66c20e2762c38bac63dae9fb751c359f1ce6d939c15f6ffd08a2","value":67500000000,"ergoTree":"1002041408cd038b0f29a60fa8d7e1aeafbe512288a6c6bc696547bbf8247db23c95e83014513cea02d192a39a8cc7a70173007301","assets":[],"creationHeight":7,"additionalRegisters":{},"transactionId":"52426f12515ac989f0814bbb7643126c6a1f9e0783e1f489b266d874026b89e2","index":1}], size: 339)
20:17:22.876 INFO  [ref-critical-dispatcher-5] o.e.m.CandidateGenerator$ - Assembling a block candidate for block #7 from 1 transactions available
20:17:22.881 INFO  [ref-critical-dispatcher-5] o.e.m.CandidateGenerator$ - No fee proposition found in txs List(52426f12515ac989f0814bbb7643126c6a1f9e0783e1f489b266d874026b89e2) 
20:17:22.882 INFO  [ref-critical-dispatcher-5] o.e.m.CandidateGenerator$ - Got candidate block at height 7 with 1 transactions, msg 067bf006674efaf8a724ea5acd157dcef82c5e7dd82560304945bf94a491c60d
20:17:22.882 INFO  [ref-critical-dispatcher-5] o.e.m.CandidateGenerator - Generated new candidate in 16 ms
20:17:22.882 INFO  [ref-critical-dispatcher-5] o.e.m.CandidateGenerator$ - Regenerating block candidate
20:17:22.884 INFO  [ref-critical-dispatcher-5] o.e.m.CandidateGenerator$ - Emission tx for nextHeight = 7: ErgoTransaction(id: 52426f12515ac989f0814bbb7643126c6a1f9e0783e1f489b266d874026b89e2, inputs: [{"boxId":"583ab38a91090d7374692192cc76e2a52789d5aa6e97478657005d209a9c6211","spendingProof":{"proofBytes":"","extension":{}}}], outputs: [{"boxId":"fdb5b211552f35d8c46253669e30ed89adfb29aa0e420add8a672decbae14197","value":93408660000000000,"ergoTree":"101004020e351002041408cd0279be667ef9dcbbac55a06295ce870b07029bfcdb2dce28d959f2815b16f81798ea02d192a39a8cc7a7017300730110010204020404040004c0fd4f05808c82f5f6030580b8c9e5ae040580f882ad16040204c0944004c0f407040004000580f882ad16d19683030191a38cc7a7019683020193c2b2a57300007473017302830108cdeeac93a38cc7b2a573030001978302019683040193b1a5730493c2a7c2b2a573050093958fa3730673079973089c73097e9a730a9d99a3730b730c0599c1a7c1b2a5730d00938cc7b2a5730e0001a390c1a7730f","assets":[],"creationHeight":7,"additionalRegisters":{},"transactionId":"52426f12515ac989f0814bbb7643126c6a1f9e0783e1f489b266d874026b89e2","index":0},{"boxId":"b498071eaebb66c20e2762c38bac63dae9fb751c359f1ce6d939c15f6ffd08a2","value":67500000000,"ergoTree":"1002041408cd038b0f29a60fa8d7e1aeafbe512288a6c6bc696547bbf8247db23c95e83014513cea02d192a39a8cc7a70173007301","assets":[],"creationHeight":7,"additionalRegisters":{},"transactionId":"52426f12515ac989f0814bbb7643126c6a1f9e0783e1f489b266d874026b89e2","index":1}], size: 339)
20:17:22.889 INFO  [ref-critical-dispatcher-5] o.e.m.CandidateGenerator$ - Assembling a block candidate for block #7 from 1 transactions available
20:17:22.892 INFO  [ref-critical-dispatcher-5] o.e.m.CandidateGenerator$ - No fee proposition found in txs List(52426f12515ac989f0814bbb7643126c6a1f9e0783e1f489b266d874026b89e2) 
20:17:22.893 INFO  [ref-critical-dispatcher-5] o.e.m.CandidateGenerator$ - Got candidate block at height 7 with 1 transactions, msg 46b706c8c9aef69e4235c2f84f2828e687d9ea8509873236152a4e0eaa06eee3
20:17:22.893 INFO  [ref-critical-dispatcher-5] o.e.m.CandidateGenerator - Generated new candidate in 11 ms
20:17:23.829 WARN  [tor.default-dispatcher-17] o.e.n.ErgoNodeViewSynchronizer - No peers available in requestDownload
20:17:27.850 INFO  [tor.default-dispatcher-17] o.e.m.ErgoMiningThread - Found solution, sending it for validation
20:17:27.852 INFO  [ref-critical-dispatcher-5] o.e.m.CandidateGenerator - New block mined, header: Header({"extensionId":"4d25bf2663b768822834caf4cad8aea5bdea5ac7f09d8cd2a977603c1f04cf16","difficulty":"1","votes":"000000","timestamp":1791595042885,"size":218,"unparsedBytes":"","stateRoot":"20650e93d9eff46221c36febb52de767b294d8f1e9ea0dc4c19dc4804332736a04","height":7,"nBits":16842752,"version":3,"id":"effe3151464a17e031332b47ac66f663ed3ce1031e8b8e2a7e869a0c50a3c813","adProofsRoot":"c16dcadd29287a7bf97df038824dd1ada7c62428ef9df7e73db175b137f2648e","transactionsRoot":"3702050289725a61c6cc37dff599e3d3423815e78aa156166a483544246707dd","extensionHash":"fc4858ea60aa231f8ebb31771bb1fdb45c11a154eccf57c245ad40b39abb719d","powSolutions":{"pk":"038b0f29a60fa8d7e1aeafbe512288a6c6bc696547bbf8247db23c95e83014513c","w":"028662ce5ace773a32121b3f69d53f0f3ae9b61ae3fb484e46342a2703008327bc","n":"0000000000000000","d":76606091573175975904116904177228768891760544679662522678480177323982521462249},"adProofsId":"fd4a8276e8653edac9936a599761ef2f1fcd04f77fac1260d0ec48834397f607","transactionsId":"c1ad454ef2ffc3215dcb6bc5c789dbef08555db9db4275baf574b52154a63a4a","parentId":"3fea9ce8d4ec8ac142e728a594ee750b828218930cdedc9cf0b4e7b9b7c40a02"})
20:17:27.853 INFO  [ref-critical-dispatcher-5] o.e.m.CandidateGenerator - New block effe3151464a17e031332b47ac66f663ed3ce1031e8b8e2a7e869a0c50a3c813 w. nonce 0
20:17:27.853 INFO  [tor.default-dispatcher-17] o.e.n.ErgoNodeViewSynchronizer - Immediately announcing newly mined block effe3151464a17e031332b47ac66f663ed3ce1031e8b8e2a7e869a0c50a3c813 at height 7 to all peers
20:17:27.853 INFO  [ef-critical-dispatcher-23] o.e.n.UtxoNodeViewHolder - Got locally generated modifier effe3151464a17e031332b47ac66f663ed3ce1031e8b8e2a7e869a0c50a3c813 of type 101
20:17:27.853 INFO  [ef-critical-dispatcher-23] o.e.n.UtxoNodeViewHolder - Apply modifier effe3151464a17e031332b47ac66f663ed3ce1031e8b8e2a7e869a0c50a3c813 of type 101 to nodeViewHolder
20:17:27.853 INFO  [ref-critical-dispatcher-5] o.e.m.CandidateGenerator - Processed solution AutolykosSolution(Ecp((4e29d12087d02e51f19950b67875289ed9e4872dbd1c170bace513f9c7b49eb0,2b9e7178d74f049e4796e8e263ce297d8fb9568829a4af7ed225550eed6b03cf,b53f31722529e29f5ca36d8613d5ea342389639c8b43f68f32b538641b18e9e0)),Ecp((8594b5ffe5b63e60e98a11e263fa4e021b4fcd23398d785e8955d17615fc01f1,f6e7a4999da0b18a8e1cedaa7f76a1d7010a1fa6ce90f72fd0eed6c4fb57480f,b11251e1cf3487cb92b1158f689711ec68e6cf25050fa1d90eeca73f34a85ff6)),[B@1334a054,76606091573175975904116904177228768891760544679662522678480177323982521462249) with the result Success(())
20:17:27.853 INFO  [tor.default-dispatcher-17] o.e.m.ErgoMiningThread - Solution accepted
20:17:27.854 INFO  [ef-critical-dispatcher-23] o.e.n.h.ErgoHistory$$anon$1 - New best header effe3151464a17e031332b47ac66f663ed3ce1031e8b8e2a7e869a0c50a3c813 with score 7. New height 7, old height 6
20:17:27.855 WARN  [tor.default-dispatcher-17] o.e.n.ErgoNodeViewSynchronizer - No peers available in requestDownload
20:17:27.855 INFO  [ef-critical-dispatcher-23] o.e.n.UtxoNodeViewHolder - Got locally generated modifier c1ad454ef2ffc3215dcb6bc5c789dbef08555db9db4275baf574b52154a63a4a of type 102
20:17:27.856 INFO  [ef-critical-dispatcher-23] o.e.n.UtxoNodeViewHolder - Apply modifier c1ad454ef2ffc3215dcb6bc5c789dbef08555db9db4275baf574b52154a63a4a of type 102 to nodeViewHolder
20:17:27.857 INFO  [ef-critical-dispatcher-23] o.e.n.UtxoNodeViewHolder - Got locally generated modifier 4d25bf2663b768822834caf4cad8aea5bdea5ac7f09d8cd2a977603c1f04cf16 of type 108
20:17:27.857 INFO  [ef-critical-dispatcher-23] o.e.n.UtxoNodeViewHolder - Apply modifier 4d25bf2663b768822834caf4cad8aea5bdea5ac7f09d8cd2a977603c1f04cf16 of type 108 to nodeViewHolder
20:17:27.857 INFO  [ef-critical-dispatcher-23] o.e.n.h.ErgoHistory$$anon$1 - Full block effe3151464a17e031332b47ac66f663ed3ce1031e8b8e2a7e869a0c50a3c813 appended, going to apply 1 modifiers. New best block is effe3151464a17e031332b47ac66f663ed3ce1031e8b8e2a7e869a0c50a3c813 with height 7 updates block 3fea9ce8d4ec8ac142e728a594ee750b828218930cdedc9cf0b4e7b9b7c40a02 with height 6
20:17:27.863 INFO  [ef-critical-dispatcher-23] o.e.n.UtxoNodeViewHolder - Apply modifier fd4a8276e8653edac9936a599761ef2f1fcd04f77fac1260d0ec48834397f607 of type 104 to nodeViewHolder
20:17:27.864 INFO  [ef-critical-dispatcher-23] o.e.n.state.UtxoState - Valid modifier with header effe3151464a17e031332b47ac66f663ed3ce1031e8b8e2a7e869a0c50a3c813 and emission box Some(fdb5b211552f35d8c46253669e30ed89adfb29aa0e420add8a672decbae14197) applied to UtxoState at height 7
20:17:27.864 INFO  [ef-critical-dispatcher-23] o.e.n.state.UtxoState - checking snapshot for 7, simple check: false
20:17:27.864 INFO  [ref-critical-dispatcher-5] o.e.m.CandidateGenerator - Preparing new candidate on getting new block at 7
20:17:27.864 INFO  [ctor.default-dispatcher-8] o.e.local.MempoolAuditor - Initiating mempool cleanup
20:17:27.864 INFO  [ef-critical-dispatcher-23] o.e.n.UtxoNodeViewHolder - Persistent modifier 4d25bf2663b768822834caf4cad8aea5bdea5ac7f09d8cd2a977603c1f04cf16 applied successfully
20:17:27.865 INFO  [ergoref-api-dispatcher-6] o.e.n.w.ErgoWalletActor - Wallet is going to scan a block effe3151464a17e031332b47ac66f663ed3ce1031e8b8e2a7e869a0c50a3c813 on chain at height 7
20:17:27.865 INFO  [ctor.default-dispatcher-8] o.e.local.MempoolAuditor - Cleanup done. Switching to awaiting mode
20:17:27.868 INFO  [ref-indexer-dispatcher-15] o.e.n.h.extra.ExtraIndexer - Buffered block 7 / 7 [txs: 1, boxes: 2] (buffer: 11 / 20000)
20:17:27.868 INFO  [ref-critical-dispatcher-5] o.e.m.CandidateGenerator$ - Emission tx for nextHeight = 8: ErgoTransaction(id: c72681c9a33b7b3858dbfd3604cbecf7c1eed8f3db4948a3c0c2026e608b9a9e, inputs: [{"boxId":"fdb5b211552f35d8c46253669e30ed89adfb29aa0e420add8a672decbae14197","spendingProof":{"proofBytes":"","extension":{}}}], outputs: [{"boxId":"2373abe9687206c89216ed62510b930ac59ca36b4412290d9999c7a3246edda0","value":93408592500000000,"ergoTree":"101004020e351002041408cd0279be667ef9dcbbac55a06295ce870b07029bfcdb2dce28d959f2815b16f81798ea02d192a39a8cc7a7017300730110010204020404040004c0fd4f05808c82f5f6030580b8c9e5ae040580f882ad16040204c0944004c0f407040004000580f882ad16d19683030191a38cc7a7019683020193c2b2a57300007473017302830108cdeeac93a38cc7b2a573030001978302019683040193b1a5730493c2a7c2b2a573050093958fa3730673079973089c73097e9a730a9d99a3730b730c0599c1a7c1b2a5730d00938cc7b2a5730e0001a390c1a7730f","assets":[],"creationHeight":8,"additionalRegisters":{},"transactionId":"c72681c9a33b7b3858dbfd3604cbecf7c1eed8f3db4948a3c0c2026e608b9a9e","index":0},{"boxId":"814a4037610a3da19e906b3a79f21fde8620e7fd578fc07b1b0c41888ec0bf81","value":67500000000,"ergoTree":"1002041408cd038b0f29a60fa8d7e1aeafbe512288a6c6bc696547bbf8247db23c95e83014513cea02d192a39a8cc7a70173007301","assets":[],"creationHeight":8,"additionalRegisters":{},"transactionId":"c72681c9a33b7b3858dbfd3604cbecf7c1eed8f3db4948a3c0c2026e608b9a9e","index":1}], size: 339)
20:17:27.873 INFO  [ref-critical-dispatcher-5] o.e.m.CandidateGenerator$ - Assembling a block candidate for block #8 from 1 transactions available
20:17:27.875 INFO  [ref-critical-dispatcher-5] o.e.m.CandidateGenerator$ - No fee proposition found in txs List(c72681c9a33b7b3858dbfd3604cbecf7c1eed8f3db4948a3c0c2026e608b9a9e) 
20:17:27.877 INFO  [ref-critical-dispatcher-5] o.e.m.CandidateGenerator$ - Got candidate block at height 8 with 1 transactions, msg 4958dd9e5f97d7cb285e33dd2e1a5c657db19ce149d60862f87dbf2979723974
20:17:27.877 INFO  [ref-critical-dispatcher-5] o.e.m.CandidateGenerator - Generated new candidate in 13 ms
20:17:27.877 INFO  [ref-critical-dispatcher-5] o.e.m.CandidateGenerator$ - Regenerating block candidate
20:17:27.879 INFO  [ref-critical-dispatcher-5] o.e.m.CandidateGenerator$ - Emission tx for nextHeight = 8: ErgoTransaction(id: c72681c9a33b7b3858dbfd3604cbecf7c1eed8f3db4948a3c0c2026e608b9a9e, inputs: [{"boxId":"fdb5b211552f35d8c46253669e30ed89adfb29aa0e420add8a672decbae14197","spendingProof":{"proofBytes":"","extension":{}}}], outputs: [{"boxId":"2373abe9687206c89216ed62510b930ac59ca36b4412290d9999c7a3246edda0","value":93408592500000000,"ergoTree":"101004020e351002041408cd0279be667ef9dcbbac55a06295ce870b07029bfcdb2dce28d959f2815b16f81798ea02d192a39a8cc7a7017300730110010204020404040004c0fd4f05808c82f5f6030580b8c9e5ae040580f882ad16040204c0944004c0f407040004000580f882ad16d19683030191a38cc7a7019683020193c2b2a57300007473017302830108cdeeac93a38cc7b2a573030001978302019683040193b1a5730493c2a7c2b2a573050093958fa3730673079973089c73097e9a730a9d99a3730b730c0599c1a7c1b2a5730d00938cc7b2a5730e0001a390c1a7730f","assets":[],"creationHeight":8,"additionalRegisters":{},"transactionId":"c72681c9a33b7b3858dbfd3604cbecf7c1eed8f3db4948a3c0c2026e608b9a9e","index":0},{"boxId":"814a4037610a3da19e906b3a79f21fde8620e7fd578fc07b1b0c41888ec0bf81","value":67500000000,"ergoTree":"1002041408cd038b0f29a60fa8d7e1aeafbe512288a6c6bc696547bbf8247db23c95e83014513cea02d192a39a8cc7a70173007301","assets":[],"creationHeight":8,"additionalRegisters":{},"transactionId":"c72681c9a33b7b3858dbfd3604cbecf7c1eed8f3db4948a3c0c2026e608b9a9e","index":1}], size: 339)
20:17:27.883 INFO  [ref-critical-dispatcher-5] o.e.m.CandidateGenerator$ - Assembling a block candidate for block #8 from 1 transactions available
20:17:27.887 INFO  [ref-critical-dispatcher-5] o.e.m.CandidateGenerator$ - No fee proposition found in txs List(c72681c9a33b7b3858dbfd3604cbecf7c1eed8f3db4948a3c0c2026e608b9a9e) 
20:17:27.888 INFO  [ref-critical-dispatcher-5] o.e.m.CandidateGenerator$ - Got candidate block at height 8 with 1 transactions, msg f494d9cd9126c623b357266b6f91c67f7df1ec4328af29135106817390bd1c52
20:17:27.889 INFO  [ref-critical-dispatcher-5] o.e.m.CandidateGenerator - Generated new candidate in 12 ms
20:17:28.828 WARN  [tor.default-dispatcher-20] o.e.n.ErgoNodeViewSynchronizer - No peers available in requestDownload
20:17:32.870 INFO  [tor.default-dispatcher-17] o.e.m.ErgoMiningThread - Found solution, sending it for validation
20:17:32.872 INFO  [ref-critical-dispatcher-5] o.e.m.CandidateGenerator - New block mined, header: Header({"extensionId":"d42837c405f353ba391b012484e29d2685b60d24d7745dcad8131a8134755a63","difficulty":"1","votes":"780000","timestamp":1791595047880,"size":218,"unparsedBytes":"","stateRoot":"b971bcf3a00acb08154c825f2a5c38b1938e30a449cedcd9e5847ccdb17b72fe04","height":8,"nBits":16842752,"version":3,"id":"c8e7b699397384b55fa920127b1d8c472f37fd02163bdbc46bf81a15299007db","adProofsRoot":"af4bc042d0935bb7b6da53e177bc2f195e70f7b782b3bcb789005103b438697f","transactionsRoot":"4a04a229f72ebe5f465e6bca45f252a87c2d5f73dc53ae1ef95ca7bf751edecf","extensionHash":"6a7a639d43538bf679e913e23b2cbdc250d81d2c48574a0d21ddc0c1a66435cc","powSolutions":{"pk":"038b0f29a60fa8d7e1aeafbe512288a6c6bc696547bbf8247db23c95e83014513c","w":"03348c86e4c1251197d0ae300d2a9d824d9c2e1c7caaae50bc1ae619c2d48b134d","n":"0000000000000000","d":59429538656258307074898805208012970049033527186747083277960652708008713950464},"adProofsId":"3c35415db3b03aee038b41cdad15edd7f663e7f94acf211bafef4c38d5dc703d","transactionsId":"77cd36c1148db9858cf7580c3394cc6d01f619bc31724235e738553b5762f399","parentId":"effe3151464a17e031332b47ac66f663ed3ce1031e8b8e2a7e869a0c50a3c813"})
20:17:32.873 INFO  [ref-critical-dispatcher-5] o.e.m.CandidateGenerator - New block c8e7b699397384b55fa920127b1d8c472f37fd02163bdbc46bf81a15299007db w. nonce 0
20:17:32.873 INFO  [tor.default-dispatcher-17] o.e.n.ErgoNodeViewSynchronizer - Immediately announcing newly mined block c8e7b699397384b55fa920127b1d8c472f37fd02163bdbc46bf81a15299007db at height 8 to all peers
20:17:32.873 INFO  [ef-critical-dispatcher-23] o.e.n.UtxoNodeViewHolder - Got locally generated modifier c8e7b699397384b55fa920127b1d8c472f37fd02163bdbc46bf81a15299007db of type 101
20:17:32.874 INFO  [ef-critical-dispatcher-23] o.e.n.UtxoNodeViewHolder - Apply modifier c8e7b699397384b55fa920127b1d8c472f37fd02163bdbc46bf81a15299007db of type 101 to nodeViewHolder
20:17:32.873 INFO  [ref-critical-dispatcher-5] o.e.m.CandidateGenerator - Processed solution AutolykosSolution(Ecp((4e29d12087d02e51f19950b67875289ed9e4872dbd1c170bace513f9c7b49eb0,2b9e7178d74f049e4796e8e263ce297d8fb9568829a4af7ed225550eed6b03cf,b53f31722529e29f5ca36d8613d5ea342389639c8b43f68f32b538641b18e9e0)),Ecp((4d41cae0bd59b97fc7ddf7da54eba0e1736f7882eb9fb42ae7232e93e8328506,951c4c950899b506f9f1521d478d7cffcd44855c669b57a717f492387e80bcaa,88c923bd58d2be752faa2d80ff9aaccc5e1c62eabb2eebb3a767f6ba79277f32)),[B@5ef30641,59429538656258307074898805208012970049033527186747083277960652708008713950464) with the result Success(())
20:17:32.874 INFO  [tor.default-dispatcher-17] o.e.m.ErgoMiningThread - Solution accepted
20:17:32.878 INFO  [ef-critical-dispatcher-23] o.e.n.h.ErgoHistory$$anon$1 - New best header c8e7b699397384b55fa920127b1d8c472f37fd02163bdbc46bf81a15299007db with score 8. New height 8, old height 7
20:17:32.879 WARN  [tor.default-dispatcher-17] o.e.n.ErgoNodeViewSynchronizer - No peers available in requestDownload
20:17:32.879 INFO  [ef-critical-dispatcher-23] o.e.n.UtxoNodeViewHolder - Got locally generated modifier 77cd36c1148db9858cf7580c3394cc6d01f619bc31724235e738553b5762f399 of type 102
20:17:32.879 INFO  [ef-critical-dispatcher-23] o.e.n.UtxoNodeViewHolder - Apply modifier 77cd36c1148db9858cf7580c3394cc6d01f619bc31724235e738553b5762f399 of type 102 to nodeViewHolder
20:17:32.880 INFO  [ref-critical-dispatcher-5] o.e.n.UtxoNodeViewHolder - Got locally generated modifier d42837c405f353ba391b012484e29d2685b60d24d7745dcad8131a8134755a63 of type 108
20:17:32.880 INFO  [ref-critical-dispatcher-5] o.e.n.UtxoNodeViewHolder - Apply modifier d42837c405f353ba391b012484e29d2685b60d24d7745dcad8131a8134755a63 of type 108 to nodeViewHolder
20:17:32.881 INFO  [ref-critical-dispatcher-5] o.e.n.h.ErgoHistory$$anon$1 - Full block c8e7b699397384b55fa920127b1d8c472f37fd02163bdbc46bf81a15299007db appended, going to apply 1 modifiers. New best block is c8e7b699397384b55fa920127b1d8c472f37fd02163bdbc46bf81a15299007db with height 8 updates block effe3151464a17e031332b47ac66f663ed3ce1031e8b8e2a7e869a0c50a3c813 with height 7
20:17:32.890 INFO  [ref-critical-dispatcher-5] o.e.n.UtxoNodeViewHolder - Apply modifier 3c35415db3b03aee038b41cdad15edd7f663e7f94acf211bafef4c38d5dc703d of type 104 to nodeViewHolder
20:17:32.890 INFO  [ref-critical-dispatcher-5] o.e.n.state.UtxoState - Valid modifier with header c8e7b699397384b55fa920127b1d8c472f37fd02163bdbc46bf81a15299007db and emission box Some(2373abe9687206c89216ed62510b930ac59ca36b4412290d9999c7a3246edda0) applied to UtxoState at height 8
20:17:32.890 INFO  [ref-critical-dispatcher-5] o.e.n.state.UtxoState - checking snapshot for 8, simple check: false
20:17:32.891 INFO  [ef-critical-dispatcher-23] o.e.m.CandidateGenerator - Preparing new candidate on getting new block at 8
20:17:32.891 INFO  [ref-critical-dispatcher-5] o.e.n.UtxoNodeViewHolder - Persistent modifier d42837c405f353ba391b012484e29d2685b60d24d7745dcad8131a8134755a63 applied successfully
20:17:32.891 INFO  [tor.default-dispatcher-17] o.e.local.MempoolAuditor - Initiating mempool cleanup
20:17:32.891 INFO  [ergoref-api-dispatcher-6] o.e.n.w.ErgoWalletActor - Wallet is going to scan a block c8e7b699397384b55fa920127b1d8c472f37fd02163bdbc46bf81a15299007db on chain at height 8
20:17:32.891 INFO  [tor.default-dispatcher-17] o.e.local.MempoolAuditor - Cleanup done. Switching to awaiting mode
20:17:32.893 INFO  [ref-indexer-dispatcher-15] o.e.n.h.extra.ExtraIndexer - Buffered block 8 / 8 [txs: 1, boxes: 2] (buffer: 11 / 20000)
20:17:32.893 INFO  [ef-critical-dispatcher-23] o.e.m.CandidateGenerator$ - Emission tx for nextHeight = 9: ErgoTransaction(id: 30a04b29f0a48b900efcba10b7ca215651f152a9683e1237dda567e366640b89, inputs: [{"boxId":"2373abe9687206c89216ed62510b930ac59ca36b4412290d9999c7a3246edda0","spendingProof":{"proofBytes":"","extension":{}}}], outputs: [{"boxId":"7ad3fa1d89b62b4dabff623908210b6bda8bee6e598e4d8eed5087425fa7a863","value":93408525000000000,"ergoTree":"101004020e351002041408cd0279be667ef9dcbbac55a06295ce870b07029bfcdb2dce28d959f2815b16f81798ea02d192a39a8cc7a7017300730110010204020404040004c0fd4f05808c82f5f6030580b8c9e5ae040580f882ad16040204c0944004c0f407040004000580f882ad16d19683030191a38cc7a7019683020193c2b2a57300007473017302830108cdeeac93a38cc7b2a573030001978302019683040193b1a5730493c2a7c2b2a573050093958fa3730673079973089c73097e9a730a9d99a3730b730c0599c1a7c1b2a5730d00938cc7b2a5730e0001a390c1a7730f","assets":[],"creationHeight":9,"additionalRegisters":{},"transactionId":"30a04b29f0a48b900efcba10b7ca215651f152a9683e1237dda567e366640b89","index":0},{"boxId":"886478457445eec559560ca761c62b6215c8ce28ca55be6a678808f83643fd4e","value":67500000000,"ergoTree":"1002041408cd038b0f29a60fa8d7e1aeafbe512288a6c6bc696547bbf8247db23c95e83014513cea02d192a39a8cc7a70173007301","assets":[],"creationHeight":9,"additionalRegisters":{},"transactionId":"30a04b29f0a48b900efcba10b7ca215651f152a9683e1237dda567e366640b89","index":1}], size: 339)
20:17:32.897 INFO  [ef-critical-dispatcher-23] o.e.m.CandidateGenerator$ - Assembling a block candidate for block #9 from 1 transactions available
20:17:32.899 INFO  [ef-critical-dispatcher-23] o.e.m.CandidateGenerator$ - No fee proposition found in txs List(30a04b29f0a48b900efcba10b7ca215651f152a9683e1237dda567e366640b89) 
20:17:32.900 INFO  [ef-critical-dispatcher-23] o.e.m.CandidateGenerator$ - Got candidate block at height 9 with 1 transactions, msg 0acdf2c02f08ff3e2588f90d93365d96444d5cfb3d58a43e8f40321f053d3b34
20:17:32.900 INFO  [ef-critical-dispatcher-23] o.e.m.CandidateGenerator - Generated new candidate in 9 ms
20:17:32.901 INFO  [ref-critical-dispatcher-5] o.e.m.CandidateGenerator$ - Regenerating block candidate
20:17:32.902 INFO  [ref-critical-dispatcher-5] o.e.m.CandidateGenerator$ - Emission tx for nextHeight = 9: ErgoTransaction(id: 30a04b29f0a48b900efcba10b7ca215651f152a9683e1237dda567e366640b89, inputs: [{"boxId":"2373abe9687206c89216ed62510b930ac59ca36b4412290d9999c7a3246edda0","spendingProof":{"proofBytes":"","extension":{}}}], outputs: [{"boxId":"7ad3fa1d89b62b4dabff623908210b6bda8bee6e598e4d8eed5087425fa7a863","value":93408525000000000,"ergoTree":"101004020e351002041408cd0279be667ef9dcbbac55a06295ce870b07029bfcdb2dce28d959f2815b16f81798ea02d192a39a8cc7a7017300730110010204020404040004c0fd4f05808c82f5f6030580b8c9e5ae040580f882ad16040204c0944004c0f407040004000580f882ad16d19683030191a38cc7a7019683020193c2b2a57300007473017302830108cdeeac93a38cc7b2a573030001978302019683040193b1a5730493c2a7c2b2a573050093958fa3730673079973089c73097e9a730a9d99a3730b730c0599c1a7c1b2a5730d00938cc7b2a5730e0001a390c1a7730f","assets":[],"creationHeight":9,"additionalRegisters":{},"transactionId":"30a04b29f0a48b900efcba10b7ca215651f152a9683e1237dda567e366640b89","index":0},{"boxId":"886478457445eec559560ca761c62b6215c8ce28ca55be6a678808f83643fd4e","value":67500000000,"ergoTree":"1002041408cd038b0f29a60fa8d7e1aeafbe512288a6c6bc696547bbf8247db23c95e83014513cea02d192a39a8cc7a70173007301","assets":[],"creationHeight":9,"additionalRegisters":{},"transactionId":"30a04b29f0a48b900efcba10b7ca215651f152a9683e1237dda567e366640b89","index":1}], size: 339)
20:17:32.907 INFO  [ref-critical-dispatcher-5] o.e.m.CandidateGenerator$ - Assembling a block candidate for block #9 from 1 transactions available
20:17:32.910 INFO  [ref-critical-dispatcher-5] o.e.m.CandidateGenerator$ - No fee proposition found in txs List(30a04b29f0a48b900efcba10b7ca215651f152a9683e1237dda567e366640b89) 
20:17:32.911 INFO  [ref-critical-dispatcher-5] o.e.m.CandidateGenerator$ - Got candidate block at height 9 with 1 transactions, msg 7c3cb3ac63862aff39693f0fb9ac670ee70602904a47357c85d7a36e8df3146b
20:17:32.911 INFO  [ref-critical-dispatcher-5] o.e.m.CandidateGenerator - Generated new candidate in 10 ms
20:17:33.829 WARN  [tor.default-dispatcher-20] o.e.n.ErgoNodeViewSynchronizer - No peers available in requestDownload
20:17:37.891 INFO  [tor.default-dispatcher-18] o.e.m.ErgoMiningThread - Found solution, sending it for validation
20:17:37.892 INFO  [ref-critical-dispatcher-5] o.e.m.CandidateGenerator - New block mined, header: Header({"extensionId":"430bbb0860c223bd2bfae9b5fc27cfc1b26ec5a05f4aa6d8974bb1dcaaba4a21","difficulty":"1","votes":"780000","timestamp":1791595052903,"size":218,"unparsedBytes":"","stateRoot":"8e96a5acbd37c3860d23bc645c91342b82feb14964a3cfd10a556803bcecb0cf04","height":9,"nBits":16842752,"version":3,"id":"355f989adbb0f0020309def0f01bc807979a144175ea55e79db934816e7dbc1b","adProofsRoot":"15ad6892939b04dcc91781c86c79a8bedbc2e5e84b0e1f5891e58bcdaa8bbc46","transactionsRoot":"ffdb16a5c507ff0fb8ab54638bdaaa0369ec91cca233f53f4fd9b8505f0f3add","extensionHash":"fc4858ea60aa231f8ebb31771bb1fdb45c11a154eccf57c245ad40b39abb719d","powSolutions":{"pk":"038b0f29a60fa8d7e1aeafbe512288a6c6bc696547bbf8247db23c95e83014513c","w":"03fb58ad2d33038d844b71c311a43b981a0f7b83795492821590701c47fb793f69","n":"0000000000000000","d":27491259867539434211504841593284330247557646754333422044922715750905070958685},"adProofsId":"ce9035e85a477808b78772946ca350824b73ea9e22c66b0bff481ca7eb3cac22","transactionsId":"4ac35f5fefb3f699beaa667ca0f19092cb4fc8377d663f8b4ab56848899df8c1","parentId":"c8e7b699397384b55fa920127b1d8c472f37fd02163bdbc46bf81a15299007db"})
20:17:37.894 INFO  [ref-critical-dispatcher-5] o.e.m.CandidateGenerator - New block 355f989adbb0f0020309def0f01bc807979a144175ea55e79db934816e7dbc1b w. nonce 0
20:17:37.894 INFO  [tor.default-dispatcher-18] o.e.n.ErgoNodeViewSynchronizer - Immediately announcing newly mined block 355f989adbb0f0020309def0f01bc807979a144175ea55e79db934816e7dbc1b at height 9 to all peers
20:17:37.894 INFO  [ef-critical-dispatcher-23] o.e.n.UtxoNodeViewHolder - Got locally generated modifier 355f989adbb0f0020309def0f01bc807979a144175ea55e79db934816e7dbc1b of type 101
20:17:37.894 INFO  [ef-critical-dispatcher-23] o.e.n.UtxoNodeViewHolder - Apply modifier 355f989adbb0f0020309def0f01bc807979a144175ea55e79db934816e7dbc1b of type 101 to nodeViewHolder
20:17:37.894 INFO  [ref-critical-dispatcher-5] o.e.m.CandidateGenerator - Processed solution AutolykosSolution(Ecp((4e29d12087d02e51f19950b67875289ed9e4872dbd1c170bace513f9c7b49eb0,2b9e7178d74f049e4796e8e263ce297d8fb9568829a4af7ed225550eed6b03cf,b53f31722529e29f5ca36d8613d5ea342389639c8b43f68f32b538641b18e9e0)),Ecp((64735035bba820e6ac213f91b5b7525aab7552402158eabf9a0d92c60e3d520d,b6bda2e9533cc70fba23fb3c98c50f7cccb24e8cd857894c24c2c2660012f2da,8eb3e61baed36287d69034da1e9cf04cace4cf22082547aae793a9cfe66f10b1)),[B@68a5d08c,27491259867539434211504841593284330247557646754333422044922715750905070958685) with the result Success(())
20:17:37.895 INFO  [tor.default-dispatcher-18] o.e.m.ErgoMiningThread - Solution accepted
20:17:37.896 INFO  [ef-critical-dispatcher-23] o.e.n.h.ErgoHistory$$anon$1 - New best header 355f989adbb0f0020309def0f01bc807979a144175ea55e79db934816e7dbc1b with score 9. New height 9, old height 8
20:17:37.897 WARN  [tor.default-dispatcher-18] o.e.n.ErgoNodeViewSynchronizer - No peers available in requestDownload
20:17:37.897 INFO  [ef-critical-dispatcher-23] o.e.n.UtxoNodeViewHolder - Got locally generated modifier 4ac35f5fefb3f699beaa667ca0f19092cb4fc8377d663f8b4ab56848899df8c1 of type 102
20:17:37.897 INFO  [ef-critical-dispatcher-23] o.e.n.UtxoNodeViewHolder - Apply modifier 4ac35f5fefb3f699beaa667ca0f19092cb4fc8377d663f8b4ab56848899df8c1 of type 102 to nodeViewHolder
20:17:37.898 INFO  [ef-critical-dispatcher-23] o.e.n.UtxoNodeViewHolder - Got locally generated modifier 430bbb0860c223bd2bfae9b5fc27cfc1b26ec5a05f4aa6d8974bb1dcaaba4a21 of type 108
20:17:37.898 INFO  [ef-critical-dispatcher-23] o.e.n.UtxoNodeViewHolder - Apply modifier 430bbb0860c223bd2bfae9b5fc27cfc1b26ec5a05f4aa6d8974bb1dcaaba4a21 of type 108 to nodeViewHolder
20:17:37.898 INFO  [ef-critical-dispatcher-23] o.e.n.h.ErgoHistory$$anon$1 - Full block 355f989adbb0f0020309def0f01bc807979a144175ea55e79db934816e7dbc1b appended, going to apply 1 modifiers. New best block is 355f989adbb0f0020309def0f01bc807979a144175ea55e79db934816e7dbc1b with height 9 updates block c8e7b699397384b55fa920127b1d8c472f37fd02163bdbc46bf81a15299007db with height 8
20:17:37.906 INFO  [ef-critical-dispatcher-23] o.e.n.UtxoNodeViewHolder - Apply modifier ce9035e85a477808b78772946ca350824b73ea9e22c66b0bff481ca7eb3cac22 of type 104 to nodeViewHolder
20:17:37.906 INFO  [ef-critical-dispatcher-23] o.e.n.state.UtxoState - Valid modifier with header 355f989adbb0f0020309def0f01bc807979a144175ea55e79db934816e7dbc1b and emission box Some(7ad3fa1d89b62b4dabff623908210b6bda8bee6e598e4d8eed5087425fa7a863) applied to UtxoState at height 9
20:17:37.906 INFO  [ef-critical-dispatcher-23] o.e.n.state.UtxoState - checking snapshot for 9, simple check: false
20:17:37.907 INFO  [ref-critical-dispatcher-5] o.e.m.CandidateGenerator - Preparing new candidate on getting new block at 9
20:17:37.907 INFO  [tor.default-dispatcher-18] o.e.local.MempoolAuditor - Initiating mempool cleanup
20:17:37.907 INFO  [ef-critical-dispatcher-23] o.e.n.UtxoNodeViewHolder - Persistent modifier 430bbb0860c223bd2bfae9b5fc27cfc1b26ec5a05f4aa6d8974bb1dcaaba4a21 applied successfully
20:17:37.907 INFO  [ergoref-api-dispatcher-6] o.e.n.w.ErgoWalletActor - Wallet is going to scan a block 355f989adbb0f0020309def0f01bc807979a144175ea55e79db934816e7dbc1b on chain at height 9
20:17:37.908 INFO  [tor.default-dispatcher-18] o.e.local.MempoolAuditor - Cleanup done. Switching to awaiting mode
20:17:37.910 INFO  [ref-indexer-dispatcher-15] o.e.n.h.extra.ExtraIndexer - Buffered block 9 / 9 [txs: 1, boxes: 2] (buffer: 11 / 20000)
20:17:37.910 INFO  [ref-critical-dispatcher-5] o.e.m.CandidateGenerator$ - Emission tx for nextHeight = 10: ErgoTransaction(id: 637986fe54945f18b1b9952ef29e79d61772f6ff3fd6ccc92f8b87605ecc871f, inputs: [{"boxId":"7ad3fa1d89b62b4dabff623908210b6bda8bee6e598e4d8eed5087425fa7a863","spendingProof":{"proofBytes":"","extension":{}}}], outputs: [{"boxId":"32fe3d5965108270bffddcf58ed541febdc984f498b0b5843c330ffb94d45a20","value":93408457500000000,"ergoTree":"101004020e351002041408cd0279be667ef9dcbbac55a06295ce870b07029bfcdb2dce28d959f2815b16f81798ea02d192a39a8cc7a7017300730110010204020404040004c0fd4f05808c82f5f6030580b8c9e5ae040580f882ad16040204c0944004c0f407040004000580f882ad16d19683030191a38cc7a7019683020193c2b2a57300007473017302830108cdeeac93a38cc7b2a573030001978302019683040193b1a5730493c2a7c2b2a573050093958fa3730673079973089c73097e9a730a9d99a3730b730c0599c1a7c1b2a5730d00938cc7b2a5730e0001a390c1a7730f","assets":[],"creationHeight":10,"additionalRegisters":{},"transactionId":"637986fe54945f18b1b9952ef29e79d61772f6ff3fd6ccc92f8b87605ecc871f","index":0},{"boxId":"5a3c52434ac80b06167764c1a5c01e37add9645eb275c8e79851d25e04314546","value":67500000000,"ergoTree":"1002041408cd038b0f29a60fa8d7e1aeafbe512288a6c6bc696547bbf8247db23c95e83014513cea02d192a39a8cc7a70173007301","assets":[],"creationHeight":10,"additionalRegisters":{},"transactionId":"637986fe54945f18b1b9952ef29e79d61772f6ff3fd6ccc92f8b87605ecc871f","index":1}], size: 339)
20:17:37.917 INFO  [ref-critical-dispatcher-5] o.e.m.CandidateGenerator$ - Assembling a block candidate for block #10 from 1 transactions available
20:17:37.920 INFO  [ref-critical-dispatcher-5] o.e.m.CandidateGenerator$ - No fee proposition found in txs List(637986fe54945f18b1b9952ef29e79d61772f6ff3fd6ccc92f8b87605ecc871f) 
20:17:37.921 INFO  [ref-critical-dispatcher-5] o.e.m.CandidateGenerator$ - Got candidate block at height 10 with 1 transactions, msg 1e494829421a90dc1aa3390640f37b6e41b05b1b4ccc4e9644ff7b2a87e9cabf
20:17:37.921 INFO  [ref-critical-dispatcher-5] o.e.m.CandidateGenerator - Generated new candidate in 14 ms
20:17:37.921 INFO  [ref-critical-dispatcher-5] o.e.m.CandidateGenerator$ - Regenerating block candidate
20:17:37.923 INFO  [ref-critical-dispatcher-5] o.e.m.CandidateGenerator$ - Emission tx for nextHeight = 10: ErgoTransaction(id: 637986fe54945f18b1b9952ef29e79d61772f6ff3fd6ccc92f8b87605ecc871f, inputs: [{"boxId":"7ad3fa1d89b62b4dabff623908210b6bda8bee6e598e4d8eed5087425fa7a863","spendingProof":{"proofBytes":"","extension":{}}}], outputs: [{"boxId":"32fe3d5965108270bffddcf58ed541febdc984f498b0b5843c330ffb94d45a20","value":93408457500000000,"ergoTree":"101004020e351002041408cd0279be667ef9dcbbac55a06295ce870b07029bfcdb2dce28d959f2815b16f81798ea02d192a39a8cc7a7017300730110010204020404040004c0fd4f05808c82f5f6030580b8c9e5ae040580f882ad16040204c0944004c0f407040004000580f882ad16d19683030191a38cc7a7019683020193c2b2a57300007473017302830108cdeeac93a38cc7b2a573030001978302019683040193b1a5730493c2a7c2b2a573050093958fa3730673079973089c73097e9a730a9d99a3730b730c0599c1a7c1b2a5730d00938cc7b2a5730e0001a390c1a7730f","assets":[],"creationHeight":10,"additionalRegisters":{},"transactionId":"637986fe54945f18b1b9952ef29e79d61772f6ff3fd6ccc92f8b87605ecc871f","index":0},{"boxId":"5a3c52434ac80b06167764c1a5c01e37add9645eb275c8e79851d25e04314546","value":67500000000,"ergoTree":"1002041408cd038b0f29a60fa8d7e1aeafbe512288a6c6bc696547bbf8247db23c95e83014513cea02d192a39a8cc7a70173007301","assets":[],"creationHeight":10,"additionalRegisters":{},"transactionId":"637986fe54945f18b1b9952ef29e79d61772f6ff3fd6ccc92f8b87605ecc871f","index":1}], size: 339)
20:17:38.019 INFO  [ref-critical-dispatcher-5] o.e.m.CandidateGenerator$ - Assembling a block candidate for block #10 from 1 transactions available
20:17:38.022 INFO  [ref-critical-dispatcher-5] o.e.m.CandidateGenerator$ - No fee proposition found in txs List(637986fe54945f18b1b9952ef29e79d61772f6ff3fd6ccc92f8b87605ecc871f) 
20:17:38.023 INFO  [ref-critical-dispatcher-5] o.e.m.CandidateGenerator$ - Got candidate block at height 10 with 1 transactions, msg 72a505ab1edc1128ce352461c01df9098f679427b4eb8025b6608ca932a9d401
20:17:38.023 INFO  [ref-critical-dispatcher-5] o.e.m.CandidateGenerator - Generated new candidate in 102 ms
20:17:38.828 WARN  [tor.default-dispatcher-18] o.e.n.ErgoNodeViewSynchronizer - No peers available in requestDownload
20:17:42.912 INFO  [tor.default-dispatcher-20] o.e.m.ErgoMiningThread - Found solution, sending it for validation
20:17:42.914 INFO  [ref-critical-dispatcher-5] o.e.m.CandidateGenerator - New block mined, header: Header({"extensionId":"0f952e4fd9b59e6199da7e09359079d9e13193f16a18cd68ca0ca91b0888fe76","difficulty":"1","votes":"780000","timestamp":1791595057929,"size":218,"unparsedBytes":"","stateRoot":"3df6941f5c229ebcbb40f278397ef4ddbed100a9ba6e356bf99b278c3d47568905","height":10,"nBits":16842752,"version":3,"id":"494f687622b1d33fb70255353148682ee864cca7404fc77b47110c6b92c25641","adProofsRoot":"358853a7518e96f9035a85956c71d871027b86ab4439e4ffe55a5057e5084165","transactionsRoot":"56ddd669cd6717037da98c950876f7e440eeb2f9129f1c9088e74e2814f308d9","extensionHash":"f72dd7ef695fc78da3b3b5efcbdb0b26b896f0204d1197a46d9b16f4b6b18a64","powSolutions":{"pk":"038b0f29a60fa8d7e1aeafbe512288a6c6bc696547bbf8247db23c95e83014513c","w":"02c765af3d2e44b8641abdc37e6e50ffbd0830f34c6608f6ea14201a08012b8ba2","n":"0000000000000000","d":81085308479648477082762122129492451672627191328751929565837972878821239034299},"adProofsId":"fda431d22fd295d7710ae5d85ad0db59ecb3e8cd6ce93b25d9e9331a4c774687","transactionsId":"e483a9114a19ec1b8b9da87bd74a65c406a804bd700ecbec744ebf93460a9d0a","parentId":"355f989adbb0f0020309def0f01bc807979a144175ea55e79db934816e7dbc1b"})
20:17:42.916 INFO  [ref-critical-dispatcher-5] o.e.m.CandidateGenerator - New block 494f687622b1d33fb70255353148682ee864cca7404fc77b47110c6b92c25641 w. nonce 0
20:17:42.916 INFO  [tor.default-dispatcher-20] o.e.n.ErgoNodeViewSynchronizer - Immediately announcing newly mined block 494f687622b1d33fb70255353148682ee864cca7404fc77b47110c6b92c25641 at height 10 to all peers
20:17:42.916 INFO  [ef-critical-dispatcher-23] o.e.n.UtxoNodeViewHolder - Got locally generated modifier 494f687622b1d33fb70255353148682ee864cca7404fc77b47110c6b92c25641 of type 101
20:17:42.916 INFO  [ef-critical-dispatcher-23] o.e.n.UtxoNodeViewHolder - Apply modifier 494f687622b1d33fb70255353148682ee864cca7404fc77b47110c6b92c25641 of type 101 to nodeViewHolder
20:17:42.916 INFO  [ref-critical-dispatcher-5] o.e.m.CandidateGenerator - Processed solution AutolykosSolution(Ecp((4e29d12087d02e51f19950b67875289ed9e4872dbd1c170bace513f9c7b49eb0,2b9e7178d74f049e4796e8e263ce297d8fb9568829a4af7ed225550eed6b03cf,b53f31722529e29f5ca36d8613d5ea342389639c8b43f68f32b538641b18e9e0)),Ecp((abe2aeb655d43aa0847dbe31c4d2b85122b2b7b26dffafd40f765da755fd9bf7,43a6b1d023b263c4e7cef0835f6079ab962023225d7b89411a98f8d047071b19,78093cf9f8b76b72554f1f7da76917739e118e42ca27fe5d0f1009c6b3e0f807)),[B@3b41f79d,81085308479648477082762122129492451672627191328751929565837972878821239034299) with the result Success(())
20:17:42.916 INFO  [tor.default-dispatcher-20] o.e.m.ErgoMiningThread - Solution accepted
20:17:42.918 INFO  [ef-critical-dispatcher-23] o.e.n.h.ErgoHistory$$anon$1 - New best header 494f687622b1d33fb70255353148682ee864cca7404fc77b47110c6b92c25641 with score 10. New height 10, old height 9
20:17:42.919 WARN  [tor.default-dispatcher-20] o.e.n.ErgoNodeViewSynchronizer - No peers available in requestDownload
20:17:42.919 INFO  [ref-critical-dispatcher-5] o.e.n.UtxoNodeViewHolder - Got locally generated modifier e483a9114a19ec1b8b9da87bd74a65c406a804bd700ecbec744ebf93460a9d0a of type 102
20:17:42.919 INFO  [ref-critical-dispatcher-5] o.e.n.UtxoNodeViewHolder - Apply modifier e483a9114a19ec1b8b9da87bd74a65c406a804bd700ecbec744ebf93460a9d0a of type 102 to nodeViewHolder
20:17:42.920 INFO  [ref-critical-dispatcher-5] o.e.n.UtxoNodeViewHolder - Got locally generated modifier 0f952e4fd9b59e6199da7e09359079d9e13193f16a18cd68ca0ca91b0888fe76 of type 108
20:17:42.920 INFO  [ref-critical-dispatcher-5] o.e.n.UtxoNodeViewHolder - Apply modifier 0f952e4fd9b59e6199da7e09359079d9e13193f16a18cd68ca0ca91b0888fe76 of type 108 to nodeViewHolder
20:17:42.921 INFO  [ref-critical-dispatcher-5] o.e.n.h.ErgoHistory$$anon$1 - Full block 494f687622b1d33fb70255353148682ee864cca7404fc77b47110c6b92c25641 appended, going to apply 1 modifiers. New best block is 494f687622b1d33fb70255353148682ee864cca7404fc77b47110c6b92c25641 with height 10 updates block 355f989adbb0f0020309def0f01bc807979a144175ea55e79db934816e7dbc1b with height 9
20:17:42.930 INFO  [ref-critical-dispatcher-5] o.e.n.UtxoNodeViewHolder - Apply modifier fda431d22fd295d7710ae5d85ad0db59ecb3e8cd6ce93b25d9e9331a4c774687 of type 104 to nodeViewHolder
20:17:42.931 INFO  [ref-critical-dispatcher-5] o.e.n.state.UtxoState - Valid modifier with header 494f687622b1d33fb70255353148682ee864cca7404fc77b47110c6b92c25641 and emission box Some(32fe3d5965108270bffddcf58ed541febdc984f498b0b5843c330ffb94d45a20) applied to UtxoState at height 10
20:17:42.931 INFO  [ref-critical-dispatcher-5] o.e.n.state.UtxoState - checking snapshot for 10, simple check: false
20:17:42.932 INFO  [ef-critical-dispatcher-23] o.e.m.CandidateGenerator - Preparing new candidate on getting new block at 10
20:17:42.932 INFO  [tor.default-dispatcher-20] o.e.local.MempoolAuditor - Initiating mempool cleanup
20:17:42.932 INFO  [ref-critical-dispatcher-5] o.e.n.UtxoNodeViewHolder - Persistent modifier 0f952e4fd9b59e6199da7e09359079d9e13193f16a18cd68ca0ca91b0888fe76 applied successfully
20:17:42.932 INFO  [ergoref-api-dispatcher-6] o.e.n.w.ErgoWalletActor - Wallet is going to scan a block 494f687622b1d33fb70255353148682ee864cca7404fc77b47110c6b92c25641 on chain at height 10
20:17:42.932 INFO  [tor.default-dispatcher-17] o.e.local.MempoolAuditor - Cleanup done. Switching to awaiting mode
20:17:42.933 INFO  [ref-indexer-dispatcher-15] o.e.n.h.extra.ExtraIndexer - Buffered block 10 / 10 [txs: 1, boxes: 2] (buffer: 11 / 20000)
20:17:42.934 INFO  [ef-critical-dispatcher-23] o.e.m.CandidateGenerator$ - Emission tx for nextHeight = 11: ErgoTransaction(id: 143a0c655325f20c5d295fa418b037d18956fd33513e592a52eaffe469b0bcf9, inputs: [{"boxId":"32fe3d5965108270bffddcf58ed541febdc984f498b0b5843c330ffb94d45a20","spendingProof":{"proofBytes":"","extension":{}}}], outputs: [{"boxId":"3f92c3da526843043a201234fe4faf407964025b33ac4297258b394d8e56121d","value":93408390000000000,"ergoTree":"101004020e351002041408cd0279be667ef9dcbbac55a06295ce870b07029bfcdb2dce28d959f2815b16f81798ea02d192a39a8cc7a7017300730110010204020404040004c0fd4f05808c82f5f6030580b8c9e5ae040580f882ad16040204c0944004c0f407040004000580f882ad16d19683030191a38cc7a7019683020193c2b2a57300007473017302830108cdeeac93a38cc7b2a573030001978302019683040193b1a5730493c2a7c2b2a573050093958fa3730673079973089c73097e9a730a9d99a3730b730c0599c1a7c1b2a5730d00938cc7b2a5730e0001a390c1a7730f","assets":[],"creationHeight":11,"additionalRegisters":{},"transactionId":"143a0c655325f20c5d295fa418b037d18956fd33513e592a52eaffe469b0bcf9","index":0},{"boxId":"0f6cfeba1be28cbc78611fa429ae54a780bee0c5c59f8a54a33196bc291129ca","value":67500000000,"ergoTree":"1002041408cd038b0f29a60fa8d7e1aeafbe512288a6c6bc696547bbf8247db23c95e83014513cea02d192a39a8cc7a70173007301","assets":[],"creationHeight":11,"additionalRegisters":{},"transactionId":"143a0c655325f20c5d295fa418b037d18956fd33513e592a52eaffe469b0bcf9","index":1}], size: 339)
20:17:42.939 INFO  [ef-critical-dispatcher-23] o.e.m.CandidateGenerator$ - Assembling a block candidate for block #11 from 1 transactions available
20:17:42.943 INFO  [ef-critical-dispatcher-23] o.e.m.CandidateGenerator$ - No fee proposition found in txs List(143a0c655325f20c5d295fa418b037d18956fd33513e592a52eaffe469b0bcf9) 
20:17:42.944 INFO  [ef-critical-dispatcher-23] o.e.m.CandidateGenerator$ - Got candidate block at height 11 with 1 transactions, msg 66f517105067f7dcaf675c59c297837d01849f8d7bdf4fe3d11db9c1a6f841d4
20:17:42.944 INFO  [ef-critical-dispatcher-23] o.e.m.CandidateGenerator - Generated new candidate in 12 ms
20:17:42.945 INFO  [ef-critical-dispatcher-23] o.e.m.CandidateGenerator$ - Regenerating block candidate
20:17:42.947 INFO  [ef-critical-dispatcher-23] o.e.m.CandidateGenerator$ - Emission tx for nextHeight = 11: ErgoTransaction(id: 143a0c655325f20c5d295fa418b037d18956fd33513e592a52eaffe469b0bcf9, inputs: [{"boxId":"32fe3d5965108270bffddcf58ed541febdc984f498b0b5843c330ffb94d45a20","spendingProof":{"proofBytes":"","extension":{}}}], outputs: [{"boxId":"3f92c3da526843043a201234fe4faf407964025b33ac4297258b394d8e56121d","value":93408390000000000,"ergoTree":"101004020e351002041408cd0279be667ef9dcbbac55a06295ce870b07029bfcdb2dce28d959f2815b16f81798ea02d192a39a8cc7a7017300730110010204020404040004c0fd4f05808c82f5f6030580b8c9e5ae040580f882ad16040204c0944004c0f407040004000580f882ad16d19683030191a38cc7a7019683020193c2b2a57300007473017302830108cdeeac93a38cc7b2a573030001978302019683040193b1a5730493c2a7c2b2a573050093958fa3730673079973089c73097e9a730a9d99a3730b730c0599c1a7c1b2a5730d00938cc7b2a5730e0001a390c1a7730f","assets":[],"creationHeight":11,"additionalRegisters":{},"transactionId":"143a0c655325f20c5d295fa418b037d18956fd33513e592a52eaffe469b0bcf9","index":0},{"boxId":"0f6cfeba1be28cbc78611fa429ae54a780bee0c5c59f8a54a33196bc291129ca","value":67500000000,"ergoTree":"1002041408cd038b0f29a60fa8d7e1aeafbe512288a6c6bc696547bbf8247db23c95e83014513cea02d192a39a8cc7a70173007301","assets":[],"creationHeight":11,"additionalRegisters":{},"transactionId":"143a0c655325f20c5d295fa418b037d18956fd33513e592a52eaffe469b0bcf9","index":1}], size: 339)
20:17:42.952 INFO  [ef-critical-dispatcher-23] o.e.m.CandidateGenerator$ - Assembling a block candidate for block #11 from 1 transactions available
20:17:42.955 INFO  [ef-critical-dispatcher-23] o.e.m.CandidateGenerator$ - No fee proposition found in txs List(143a0c655325f20c5d295fa418b037d18956fd33513e592a52eaffe469b0bcf9) 
20:17:42.956 INFO  [ef-critical-dispatcher-23] o.e.m.CandidateGenerator$ - Got candidate block at height 11 with 1 transactions, msg ce52313fe83e8e39842fe2b985feb3b3ca4161f74e3815c4dc7b7ec2dbacf1d1
20:17:42.957 INFO  [ef-critical-dispatcher-23] o.e.m.CandidateGenerator - Generated new candidate in 12 ms
20:17:43.828 WARN  [tor.default-dispatcher-20] o.e.n.ErgoNodeViewSynchronizer - No peers available in requestDownload
20:17:47.933 INFO  [ctor.default-dispatcher-8] o.e.m.ErgoMiningThread - Found solution, sending it for validation
20:17:47.937 INFO  [ef-critical-dispatcher-23] o.e.m.CandidateGenerator - New block mined, header: Header({"extensionId":"163c590b8237948864c31532bfefa8aee01d4262532e1316f15960bb3477c599","difficulty":"1","votes":"780000","timestamp":1791595062948,"size":218,"unparsedBytes":"","stateRoot":"e10ef9eae0e2258de68a81ee1a04f6a37964a44cfef7d80c5dae4f30a6006bc105","height":11,"nBits":16842752,"version":3,"id":"49ed25bf1fd16073228a14d6eab3bc037334edf47cdf8b8b1682343147806168","adProofsRoot":"e1e66f11597e622cd4202e3dd2de2450f16771f1bb3d843f2bb2f665e7c39f20","transactionsRoot":"decbec86d92b1070262e2677489c290660fdc28dbc1668240175a4f1215ae99b","extensionHash":"f72dd7ef695fc78da3b3b5efcbdb0b26b896f0204d1197a46d9b16f4b6b18a64","powSolutions":{"pk":"038b0f29a60fa8d7e1aeafbe512288a6c6bc696547bbf8247db23c95e83014513c","w":"0356e526d09b95b42373045beaa0dce99ed43a2331e954736c8d7d4fda1c083c58","n":"0000000000000000","d":57310666639188279589954307257343630469442881583734279430398312459384411564359},"adProofsId":"3231300a025a2608e8aba67a42b9cc03b7b620c8287f4954498a477d0eaf3fbe","transactionsId":"207687ea815b196b97a02c8ee915c23b44927e4d14ed07345e9b23ae8ba69471","parentId":"494f687622b1d33fb70255353148682ee864cca7404fc77b47110c6b92c25641"})
20:17:47.941 INFO  [ef-critical-dispatcher-23] o.e.m.CandidateGenerator - New block 49ed25bf1fd16073228a14d6eab3bc037334edf47cdf8b8b1682343147806168 w. nonce 0
20:17:47.942 INFO  [ctor.default-dispatcher-8] o.e.n.ErgoNodeViewSynchronizer - Immediately announcing newly mined block 49ed25bf1fd16073228a14d6eab3bc037334edf47cdf8b8b1682343147806168 at height 11 to all peers
20:17:47.942 INFO  [ref-critical-dispatcher-5] o.e.n.UtxoNodeViewHolder - Got locally generated modifier 49ed25bf1fd16073228a14d6eab3bc037334edf47cdf8b8b1682343147806168 of type 101
20:17:47.942 INFO  [ref-critical-dispatcher-5] o.e.n.UtxoNodeViewHolder - Apply modifier 49ed25bf1fd16073228a14d6eab3bc037334edf47cdf8b8b1682343147806168 of type 101 to nodeViewHolder
20:17:47.942 INFO  [ef-critical-dispatcher-23] o.e.m.CandidateGenerator - Processed solution AutolykosSolution(Ecp((4e29d12087d02e51f19950b67875289ed9e4872dbd1c170bace513f9c7b49eb0,2b9e7178d74f049e4796e8e263ce297d8fb9568829a4af7ed225550eed6b03cf,b53f31722529e29f5ca36d8613d5ea342389639c8b43f68f32b538641b18e9e0)),Ecp((74d8cc2e1f34e2e3ec78bc21710f055f68cf0f858f0970b2b3c0c94068055657,e7232906d88bdc1b87dc02a8ab4093aed4fc807962af2314370e5aaddf5c728,8cbee489128e17b966ee36b55598067e00ff5005e8ed37b3ad052646e4c5d71a)),[B@47ef48a2,57310666639188279589954307257343630469442881583734279430398312459384411564359) with the result Success(())
20:17:47.942 INFO  [tor.default-dispatcher-18] o.e.m.ErgoMiningThread - Solution accepted
20:17:47.945 INFO  [ref-critical-dispatcher-5] o.e.n.h.ErgoHistory$$anon$1 - New best header 49ed25bf1fd16073228a14d6eab3bc037334edf47cdf8b8b1682343147806168 with score 11. New height 11, old height 10
20:17:47.947 WARN  [tor.default-dispatcher-18] o.e.n.ErgoNodeViewSynchronizer - No peers available in requestDownload
20:17:47.947 INFO  [ref-critical-dispatcher-5] o.e.n.UtxoNodeViewHolder - Got locally generated modifier 207687ea815b196b97a02c8ee915c23b44927e4d14ed07345e9b23ae8ba69471 of type 102
20:17:47.947 INFO  [ref-critical-dispatcher-5] o.e.n.UtxoNodeViewHolder - Apply modifier 207687ea815b196b97a02c8ee915c23b44927e4d14ed07345e9b23ae8ba69471 of type 102 to nodeViewHolder
20:17:47.949 INFO  [ef-critical-dispatcher-23] o.e.n.UtxoNodeViewHolder - Got locally generated modifier 163c590b8237948864c31532bfefa8aee01d4262532e1316f15960bb3477c599 of type 108
20:17:47.950 INFO  [ef-critical-dispatcher-23] o.e.n.UtxoNodeViewHolder - Apply modifier 163c590b8237948864c31532bfefa8aee01d4262532e1316f15960bb3477c599 of type 108 to nodeViewHolder
20:17:47.951 INFO  [ef-critical-dispatcher-23] o.e.n.h.ErgoHistory$$anon$1 - Full block 49ed25bf1fd16073228a14d6eab3bc037334edf47cdf8b8b1682343147806168 appended, going to apply 1 modifiers. New best block is 49ed25bf1fd16073228a14d6eab3bc037334edf47cdf8b8b1682343147806168 with height 11 updates block 494f687622b1d33fb70255353148682ee864cca7404fc77b47110c6b92c25641 with height 10
20:17:47.971 INFO  [ef-critical-dispatcher-23] o.e.n.UtxoNodeViewHolder - Apply modifier 3231300a025a2608e8aba67a42b9cc03b7b620c8287f4954498a477d0eaf3fbe of type 104 to nodeViewHolder
20:17:47.972 INFO  [ef-critical-dispatcher-23] o.e.n.state.UtxoState - Valid modifier with header 49ed25bf1fd16073228a14d6eab3bc037334edf47cdf8b8b1682343147806168 and emission box Some(3f92c3da526843043a201234fe4faf407964025b33ac4297258b394d8e56121d) applied to UtxoState at height 11
20:17:47.972 INFO  [ef-critical-dispatcher-23] o.e.n.state.UtxoState - checking snapshot for 11, simple check: false
20:17:47.973 INFO  [ref-critical-dispatcher-5] o.e.m.CandidateGenerator - Preparing new candidate on getting new block at 11
20:17:47.979 INFO  [ref-indexer-dispatcher-15] o.e.n.h.extra.ExtraIndexer - Buffered block 11 / 11 [txs: 1, boxes: 2] (buffer: 11 / 20000)
20:17:47.982 INFO  [tor.default-dispatcher-18] o.e.local.MempoolAuditor - Initiating mempool cleanup
20:17:47.982 INFO  [ef-critical-dispatcher-23] o.e.n.UtxoNodeViewHolder - Persistent modifier 163c590b8237948864c31532bfefa8aee01d4262532e1316f15960bb3477c599 applied successfully
20:17:47.982 INFO  [ergoref-api-dispatcher-6] o.e.n.w.ErgoWalletActor - Wallet is going to scan a block 49ed25bf1fd16073228a14d6eab3bc037334edf47cdf8b8b1682343147806168 on chain at height 11
20:17:47.982 INFO  [tor.default-dispatcher-20] o.e.local.MempoolAuditor - Cleanup done. Switching to awaiting mode
20:17:47.988 INFO  [ref-critical-dispatcher-5] o.e.m.CandidateGenerator$ - Emission tx for nextHeight = 12: ErgoTransaction(id: 4446500cf3b030baadf473da3b9058e0f4e048c91e5ffcbe8d7e315fd7d58d75, inputs: [{"boxId":"3f92c3da526843043a201234fe4faf407964025b33ac4297258b394d8e56121d","spendingProof":{"proofBytes":"","extension":{}}}], outputs: [{"boxId":"40c0c3bad3d2dea80de06c64d707eb1d37afd8b2c731d0936ee628279b78a122","value":93408322500000000,"ergoTree":"101004020e351002041408cd0279be667ef9dcbbac55a06295ce870b07029bfcdb2dce28d959f2815b16f81798ea02d192a39a8cc7a7017300730110010204020404040004c0fd4f05808c82f5f6030580b8c9e5ae040580f882ad16040204c0944004c0f407040004000580f882ad16d19683030191a38cc7a7019683020193c2b2a57300007473017302830108cdeeac93a38cc7b2a573030001978302019683040193b1a5730493c2a7c2b2a573050093958fa3730673079973089c73097e9a730a9d99a3730b730c0599c1a7c1b2a5730d00938cc7b2a5730e0001a390c1a7730f","assets":[],"creationHeight":12,"additionalRegisters":{},"transactionId":"4446500cf3b030baadf473da3b9058e0f4e048c91e5ffcbe8d7e315fd7d58d75","index":0},{"boxId":"9fbbc6631eeb59779cb980bd7c26354e6c723cafec63d00604ceaaa0510ca0b5","value":67500000000,"ergoTree":"1002041408cd038b0f29a60fa8d7e1aeafbe512288a6c6bc696547bbf8247db23c95e83014513cea02d192a39a8cc7a70173007301","assets":[],"creationHeight":12,"additionalRegisters":{},"transactionId":"4446500cf3b030baadf473da3b9058e0f4e048c91e5ffcbe8d7e315fd7d58d75","index":1}], size: 339)
20:17:48.009 INFO  [ref-critical-dispatcher-5] o.e.m.CandidateGenerator$ - Assembling a block candidate for block #12 from 1 transactions available
20:17:48.026 INFO  [ref-critical-dispatcher-5] o.e.m.CandidateGenerator$ - No fee proposition found in txs List(4446500cf3b030baadf473da3b9058e0f4e048c91e5ffcbe8d7e315fd7d58d75) 
20:17:48.029 INFO  [ref-critical-dispatcher-5] o.e.m.CandidateGenerator$ - Got candidate block at height 12 with 1 transactions, msg 968aed8eb95939d59f796f762ad22c2116d3bfdc0624d2ea0001106d6af9c207
20:17:48.029 INFO  [ref-critical-dispatcher-5] o.e.m.CandidateGenerator - Generated new candidate in 56 ms
20:17:48.029 INFO  [ref-critical-dispatcher-5] o.e.m.CandidateGenerator$ - Regenerating block candidate
20:17:48.044 INFO  [ref-critical-dispatcher-5] o.e.m.CandidateGenerator$ - Emission tx for nextHeight = 12: ErgoTransaction(id: 4446500cf3b030baadf473da3b9058e0f4e048c91e5ffcbe8d7e315fd7d58d75, inputs: [{"boxId":"3f92c3da526843043a201234fe4faf407964025b33ac4297258b394d8e56121d","spendingProof":{"proofBytes":"","extension":{}}}], outputs: [{"boxId":"40c0c3bad3d2dea80de06c64d707eb1d37afd8b2c731d0936ee628279b78a122","value":93408322500000000,"ergoTree":"101004020e351002041408cd0279be667ef9dcbbac55a06295ce870b07029bfcdb2dce28d959f2815b16f81798ea02d192a39a8cc7a7017300730110010204020404040004c0fd4f05808c82f5f6030580b8c9e5ae040580f882ad16040204c0944004c0f407040004000580f882ad16d19683030191a38cc7a7019683020193c2b2a57300007473017302830108cdeeac93a38cc7b2a573030001978302019683040193b1a5730493c2a7c2b2a573050093958fa3730673079973089c73097e9a730a9d99a3730b730c0599c1a7c1b2a5730d00938cc7b2a5730e0001a390c1a7730f","assets":[],"creationHeight":12,"additionalRegisters":{},"transactionId":"4446500cf3b030baadf473da3b9058e0f4e048c91e5ffcbe8d7e315fd7d58d75","index":0},{"boxId":"9fbbc6631eeb59779cb980bd7c26354e6c723cafec63d00604ceaaa0510ca0b5","value":67500000000,"ergoTree":"1002041408cd038b0f29a60fa8d7e1aeafbe512288a6c6bc696547bbf8247db23c95e83014513cea02d192a39a8cc7a70173007301","assets":[],"creationHeight":12,"additionalRegisters":{},"transactionId":"4446500cf3b030baadf473da3b9058e0f4e048c91e5ffcbe8d7e315fd7d58d75","index":1}], size: 339)
20:17:48.062 INFO  [ref-critical-dispatcher-5] o.e.m.CandidateGenerator$ - Assembling a block candidate for block #12 from 1 transactions available
20:17:48.068 INFO  [ref-critical-dispatcher-5] o.e.m.CandidateGenerator$ - No fee proposition found in txs List(4446500cf3b030baadf473da3b9058e0f4e048c91e5ffcbe8d7e315fd7d58d75) 
20:17:48.075 INFO  [ref-critical-dispatcher-5] o.e.m.CandidateGenerator$ - Got candidate block at height 12 with 1 transactions, msg 84f449331a0afcf4cf906ca4f5f8bf6c99df8115f3ce3a6f3843bc5a99654dd0
20:17:48.076 INFO  [ref-critical-dispatcher-5] o.e.m.CandidateGenerator - Generated new candidate in 46 ms
20:17:48.829 WARN  [tor.default-dispatcher-21] o.e.n.ErgoNodeViewSynchronizer - No peers available in requestDownload
20:17:52.951 INFO  [tor.default-dispatcher-20] o.e.m.ErgoMiningThread - Found solution, sending it for validation
20:17:52.953 INFO  [ref-critical-dispatcher-5] o.e.m.CandidateGenerator - New block mined, header: Header({"extensionId":"95cc54fccfecdab321c56a8055bf4bc094a998c05e08830e9e0961f7f5670e24","difficulty":"1","votes":"000000","timestamp":1791595068045,"size":218,"unparsedBytes":"","stateRoot":"1a674f9e843e4ca35118efcec8242e62fb85c61c7d2aac9850f4da180271715105","height":12,"nBits":16842752,"version":3,"id":"37ab0090be8281ab8c6ec059cd8fdda674c663cc759ac014551427f7e0fc89a9","adProofsRoot":"7f2469bb3b72d53d0ef2f76c80f35fd178176d1092370d31e2d06ebab999d154","transactionsRoot":"e4fb6a0172b619d5ec194d61785b2ee5da1d8a89e60893ecafdbb4d500fbf2dd","extensionHash":"41c3c7214c3758b518ecfc5ff03aec52ac22f6a780fce891d32968a100563eec","powSolutions":{"pk":"038b0f29a60fa8d7e1aeafbe512288a6c6bc696547bbf8247db23c95e83014513c","w":"02f671477c049bc11c1e3417a6b365353a69a90715e3adce8507824518041365cb","n":"0000000000000000","d":10433592014695279139445892729881300354816295932475184524287541990073972970654},"adProofsId":"5d9d77c74e0e8a7271f2b481fbfcd9f2a38ff0fc2f5296c8b861c58303a534a9","transactionsId":"0b7748760bcda3688f8148d7bd0bedc5bd7d7e1733adcc7d21e20e2f44b4eb93","parentId":"49ed25bf1fd16073228a14d6eab3bc037334edf47cdf8b8b1682343147806168"})
20:17:52.954 INFO  [ref-critical-dispatcher-5] o.e.m.CandidateGenerator - New block 37ab0090be8281ab8c6ec059cd8fdda674c663cc759ac014551427f7e0fc89a9 w. nonce 0
20:17:52.955 INFO  [tor.default-dispatcher-20] o.e.n.ErgoNodeViewSynchronizer - Immediately announcing newly mined block 37ab0090be8281ab8c6ec059cd8fdda674c663cc759ac014551427f7e0fc89a9 at height 12 to all peers
20:17:52.955 INFO  [ef-critical-dispatcher-23] o.e.n.UtxoNodeViewHolder - Got locally generated modifier 37ab0090be8281ab8c6ec059cd8fdda674c663cc759ac014551427f7e0fc89a9 of type 101
20:17:52.955 INFO  [ef-critical-dispatcher-23] o.e.n.UtxoNodeViewHolder - Apply modifier 37ab0090be8281ab8c6ec059cd8fdda674c663cc759ac014551427f7e0fc89a9 of type 101 to nodeViewHolder
20:17:52.955 INFO  [ref-critical-dispatcher-5] o.e.m.CandidateGenerator - Processed solution AutolykosSolution(Ecp((4e29d12087d02e51f19950b67875289ed9e4872dbd1c170bace513f9c7b49eb0,2b9e7178d74f049e4796e8e263ce297d8fb9568829a4af7ed225550eed6b03cf,b53f31722529e29f5ca36d8613d5ea342389639c8b43f68f32b538641b18e9e0)),Ecp((87a0dd08d5442ca35fdc846616c58697f0772a5867446fb83371ebbd7aea215c,b23eb202429a1521cd30114534f42d189743a84ccad46783fea5b63c81123b77,46600829a137cb222d463bd7e189ea3a430d991265eeabb0c053df50a11b92a6)),[B@7b9a5f65,10433592014695279139445892729881300354816295932475184524287541990073972970654) with the result Success(())
20:17:52.955 INFO  [tor.default-dispatcher-16] o.e.m.ErgoMiningThread - Solution accepted
20:17:52.957 INFO  [ef-critical-dispatcher-23] o.e.n.h.ErgoHistory$$anon$1 - New best header 37ab0090be8281ab8c6ec059cd8fdda674c663cc759ac014551427f7e0fc89a9 with score 12. New height 12, old height 11
20:17:52.958 WARN  [tor.default-dispatcher-16] o.e.n.ErgoNodeViewSynchronizer - No peers available in requestDownload
20:17:52.958 INFO  [ef-critical-dispatcher-23] o.e.n.UtxoNodeViewHolder - Got locally generated modifier 0b7748760bcda3688f8148d7bd0bedc5bd7d7e1733adcc7d21e20e2f44b4eb93 of type 102
20:17:52.958 INFO  [ef-critical-dispatcher-23] o.e.n.UtxoNodeViewHolder - Apply modifier 0b7748760bcda3688f8148d7bd0bedc5bd7d7e1733adcc7d21e20e2f44b4eb93 of type 102 to nodeViewHolder
20:17:52.960 INFO  [ef-critical-dispatcher-23] o.e.n.UtxoNodeViewHolder - Got locally generated modifier 95cc54fccfecdab321c56a8055bf4bc094a998c05e08830e9e0961f7f5670e24 of type 108
20:17:52.960 INFO  [ef-critical-dispatcher-23] o.e.n.UtxoNodeViewHolder - Apply modifier 95cc54fccfecdab321c56a8055bf4bc094a998c05e08830e9e0961f7f5670e24 of type 108 to nodeViewHolder
20:17:52.961 INFO  [ef-critical-dispatcher-23] o.e.n.h.ErgoHistory$$anon$1 - Full block 37ab0090be8281ab8c6ec059cd8fdda674c663cc759ac014551427f7e0fc89a9 appended, going to apply 1 modifiers. New best block is 37ab0090be8281ab8c6ec059cd8fdda674c663cc759ac014551427f7e0fc89a9 with height 12 updates block 49ed25bf1fd16073228a14d6eab3bc037334edf47cdf8b8b1682343147806168 with height 11
20:17:52.970 INFO  [ef-critical-dispatcher-23] o.e.n.UtxoNodeViewHolder - Apply modifier 5d9d77c74e0e8a7271f2b481fbfcd9f2a38ff0fc2f5296c8b861c58303a534a9 of type 104 to nodeViewHolder
20:17:52.971 INFO  [ef-critical-dispatcher-23] o.e.n.state.UtxoState - Valid modifier with header 37ab0090be8281ab8c6ec059cd8fdda674c663cc759ac014551427f7e0fc89a9 and emission box Some(40c0c3bad3d2dea80de06c64d707eb1d37afd8b2c731d0936ee628279b78a122) applied to UtxoState at height 12
20:17:52.971 INFO  [ef-critical-dispatcher-23] o.e.n.state.UtxoState - checking snapshot for 12, simple check: false
20:17:52.972 INFO  [ref-critical-dispatcher-5] o.e.m.CandidateGenerator - Preparing new candidate on getting new block at 12
20:17:52.972 INFO  [ergoref-api-dispatcher-6] o.e.n.w.ErgoWalletActor - Wallet is going to scan a block 37ab0090be8281ab8c6ec059cd8fdda674c663cc759ac014551427f7e0fc89a9 on chain at height 12
20:17:52.972 INFO  [ef-critical-dispatcher-23] o.e.n.UtxoNodeViewHolder - Persistent modifier 95cc54fccfecdab321c56a8055bf4bc094a998c05e08830e9e0961f7f5670e24 applied successfully
20:17:52.972 INFO  [tor.default-dispatcher-16] o.e.local.MempoolAuditor - Initiating mempool cleanup
20:17:52.973 INFO  [tor.default-dispatcher-21] o.e.local.MempoolAuditor - Cleanup done. Switching to awaiting mode
20:17:52.975 INFO  [ref-indexer-dispatcher-15] o.e.n.h.extra.ExtraIndexer - Buffered block 12 / 12 [txs: 1, boxes: 2] (buffer: 11 / 20000)
20:17:52.975 INFO  [ref-critical-dispatcher-5] o.e.m.CandidateGenerator$ - Emission tx for nextHeight = 13: ErgoTransaction(id: c918ece56b466c35ae573b8ea0a26b409220ccdc4123590508e1e50745dd5056, inputs: [{"boxId":"40c0c3bad3d2dea80de06c64d707eb1d37afd8b2c731d0936ee628279b78a122","spendingProof":{"proofBytes":"","extension":{}}}], outputs: [{"boxId":"1c3d8b88a82eb364a146348bcc599140391b0eab38a52504d557ff516bc3f705","value":93408255000000000,"ergoTree":"101004020e351002041408cd0279be667ef9dcbbac55a06295ce870b07029bfcdb2dce28d959f2815b16f81798ea02d192a39a8cc7a7017300730110010204020404040004c0fd4f05808c82f5f6030580b8c9e5ae040580f882ad16040204c0944004c0f407040004000580f882ad16d19683030191a38cc7a7019683020193c2b2a57300007473017302830108cdeeac93a38cc7b2a573030001978302019683040193b1a5730493c2a7c2b2a573050093958fa3730673079973089c73097e9a730a9d99a3730b730c0599c1a7c1b2a5730d00938cc7b2a5730e0001a390c1a7730f","assets":[],"creationHeight":13,"additionalRegisters":{},"transactionId":"c918ece56b466c35ae573b8ea0a26b409220ccdc4123590508e1e50745dd5056","index":0},{"boxId":"6e6bc7f71624896cb0b2e28ea431704568fa43c7a5e75a01aa01334ac1eff112","value":67500000000,"ergoTree":"1002041408cd038b0f29a60fa8d7e1aeafbe512288a6c6bc696547bbf8247db23c95e83014513cea02d192a39a8cc7a70173007301","assets":[],"creationHeight":13,"additionalRegisters":{},"transactionId":"c918ece56b466c35ae573b8ea0a26b409220ccdc4123590508e1e50745dd5056","index":1}], size: 339)
20:17:52.982 INFO  [ref-critical-dispatcher-5] o.e.m.CandidateGenerator$ - Assembling a block candidate for block #13 from 1 transactions available
20:17:52.985 INFO  [ref-critical-dispatcher-5] o.e.m.CandidateGenerator$ - No fee proposition found in txs List(c918ece56b466c35ae573b8ea0a26b409220ccdc4123590508e1e50745dd5056) 
20:17:52.987 INFO  [ref-critical-dispatcher-5] o.e.m.CandidateGenerator$ - Got candidate block at height 13 with 1 transactions, msg 7e358768998f869f64809ef6ecea0c34bac1134211ceff52c275eff3ce7fe903
20:17:52.987 INFO  [ref-critical-dispatcher-5] o.e.m.CandidateGenerator - Generated new candidate in 15 ms
20:17:52.987 INFO  [ef-critical-dispatcher-23] o.e.m.CandidateGenerator$ - Regenerating block candidate
20:17:52.990 INFO  [ef-critical-dispatcher-23] o.e.m.CandidateGenerator$ - Emission tx for nextHeight = 13: ErgoTransaction(id: c918ece56b466c35ae573b8ea0a26b409220ccdc4123590508e1e50745dd5056, inputs: [{"boxId":"40c0c3bad3d2dea80de06c64d707eb1d37afd8b2c731d0936ee628279b78a122","spendingProof":{"proofBytes":"","extension":{}}}], outputs: [{"boxId":"1c3d8b88a82eb364a146348bcc599140391b0eab38a52504d557ff516bc3f705","value":93408255000000000,"ergoTree":"101004020e351002041408cd0279be667ef9dcbbac55a06295ce870b07029bfcdb2dce28d959f2815b16f81798ea02d192a39a8cc7a7017300730110010204020404040004c0fd4f05808c82f5f6030580b8c9e5ae040580f882ad16040204c0944004c0f407040004000580f882ad16d19683030191a38cc7a7019683020193c2b2a57300007473017302830108cdeeac93a38cc7b2a573030001978302019683040193b1a5730493c2a7c2b2a573050093958fa3730673079973089c73097e9a730a9d99a3730b730c0599c1a7c1b2a5730d00938cc7b2a5730e0001a390c1a7730f","assets":[],"creationHeight":13,"additionalRegisters":{},"transactionId":"c918ece56b466c35ae573b8ea0a26b409220ccdc4123590508e1e50745dd5056","index":0},{"boxId":"6e6bc7f71624896cb0b2e28ea431704568fa43c7a5e75a01aa01334ac1eff112","value":67500000000,"ergoTree":"1002041408cd038b0f29a60fa8d7e1aeafbe512288a6c6bc696547bbf8247db23c95e83014513cea02d192a39a8cc7a70173007301","assets":[],"creationHeight":13,"additionalRegisters":{},"transactionId":"c918ece56b466c35ae573b8ea0a26b409220ccdc4123590508e1e50745dd5056","index":1}], size: 339)
20:17:52.996 INFO  [ef-critical-dispatcher-23] o.e.m.CandidateGenerator$ - Assembling a block candidate for block #13 from 1 transactions available
20:17:52.999 INFO  [ef-critical-dispatcher-23] o.e.m.CandidateGenerator$ - No fee proposition found in txs List(c918ece56b466c35ae573b8ea0a26b409220ccdc4123590508e1e50745dd5056) 
20:17:53.001 INFO  [ef-critical-dispatcher-23] o.e.m.CandidateGenerator$ - Got candidate block at height 13 with 1 transactions, msg f7bf6c4cc447daf711e7ae84a56e2b71109f4b3999e4495e8587643fbab344ae
20:17:53.001 INFO  [ef-critical-dispatcher-23] o.e.m.CandidateGenerator - Generated new candidate in 14 ms
20:17:53.829 WARN  [tor.default-dispatcher-16] o.e.n.ErgoNodeViewSynchronizer - No peers available in requestDownload
20:17:57.971 INFO  [tor.default-dispatcher-21] o.e.m.ErgoMiningThread - Found solution, sending it for validation
20:17:57.972 INFO  [ef-critical-dispatcher-23] o.e.m.CandidateGenerator - New block mined, header: Header({"extensionId":"e57056e80214c88506737ee69c1660952b7fbdc525b03a2d3e947901b6cd3c43","difficulty":"1","votes":"000000","timestamp":1791595072991,"size":218,"unparsedBytes":"","stateRoot":"2933630f0b8d0e8f3ab8de1ce891fffa9a9cd934ab1e2b756e43d9a88bf71c1405","height":13,"nBits":16842752,"version":3,"id":"723ccd5f2e0754771d7984e210e2377caf107690622a169ae5091f310b13fdc9","adProofsRoot":"93e738ade2d35b812fc3ef8005319a45136f80f50d87dc1882fa94e87e2c41c4","transactionsRoot":"05cc456c5e17f5abdba01287f012bccb10367c21cd9f019864fd3840246ce64e","extensionHash":"1ade7008c05fc709989b649b49206d433d79e23ee45fb38c26b716b32c2a33fc","powSolutions":{"pk":"038b0f29a60fa8d7e1aeafbe512288a6c6bc696547bbf8247db23c95e83014513c","w":"03960ba1bdce183ab8770be46a89d894173b796a0120b099dbaf6efc17e812ef56","n":"0000000000000000","d":43667744911100156170970245507140392313058755261615116249981083595737806032908},"adProofsId":"fe04fa0c16b056ec3ec10b7fb18e3600618b45b8fd2d38f5307fe157748f6e66","transactionsId":"8daa93692801064a39f45077e89cc9f0063425ac225e9314e158fad27a066a89","parentId":"37ab0090be8281ab8c6ec059cd8fdda674c663cc759ac014551427f7e0fc89a9"})
20:17:57.973 INFO  [ef-critical-dispatcher-23] o.e.m.CandidateGenerator - New block 723ccd5f2e0754771d7984e210e2377caf107690622a169ae5091f310b13fdc9 w. nonce 0
20:17:57.973 INFO  [tor.default-dispatcher-21] o.e.n.ErgoNodeViewSynchronizer - Immediately announcing newly mined block 723ccd5f2e0754771d7984e210e2377caf107690622a169ae5091f310b13fdc9 at height 13 to all peers
20:17:57.973 INFO  [ref-critical-dispatcher-5] o.e.n.UtxoNodeViewHolder - Got locally generated modifier 723ccd5f2e0754771d7984e210e2377caf107690622a169ae5091f310b13fdc9 of type 101
20:17:57.973 INFO  [ref-critical-dispatcher-5] o.e.n.UtxoNodeViewHolder - Apply modifier 723ccd5f2e0754771d7984e210e2377caf107690622a169ae5091f310b13fdc9 of type 101 to nodeViewHolder
20:17:57.973 INFO  [ef-critical-dispatcher-23] o.e.m.CandidateGenerator - Processed solution AutolykosSolution(Ecp((4e29d12087d02e51f19950b67875289ed9e4872dbd1c170bace513f9c7b49eb0,2b9e7178d74f049e4796e8e263ce297d8fb9568829a4af7ed225550eed6b03cf,b53f31722529e29f5ca36d8613d5ea342389639c8b43f68f32b538641b18e9e0)),Ecp((be8cf0dc1c6df321f7ee61ab49f1b8d1cc8f14c4f925692105a1231aed3b604e,864d50d0cbea3faea0e6545d66d22b0a4831e7360dad5b421bc03e53d3307f3a,9e6e98d553a200bcd4ed30ea11e207604c3120525b25b5466ee9da6c60697ae4)),[B@294921f9,43667744911100156170970245507140392313058755261615116249981083595737806032908) with the result Success(())
20:17:57.973 INFO  [tor.default-dispatcher-21] o.e.m.ErgoMiningThread - Solution accepted
20:17:57.975 INFO  [ref-critical-dispatcher-5] o.e.n.h.ErgoHistory$$anon$1 - New best header 723ccd5f2e0754771d7984e210e2377caf107690622a169ae5091f310b13fdc9 with score 13. New height 13, old height 12
20:17:57.975 WARN  [tor.default-dispatcher-21] o.e.n.ErgoNodeViewSynchronizer - No peers available in requestDownload
20:17:57.976 INFO  [ref-critical-dispatcher-5] o.e.n.UtxoNodeViewHolder - Got locally generated modifier 8daa93692801064a39f45077e89cc9f0063425ac225e9314e158fad27a066a89 of type 102
20:17:57.976 INFO  [ref-critical-dispatcher-5] o.e.n.UtxoNodeViewHolder - Apply modifier 8daa93692801064a39f45077e89cc9f0063425ac225e9314e158fad27a066a89 of type 102 to nodeViewHolder
20:17:57.977 INFO  [ef-critical-dispatcher-23] o.e.n.UtxoNodeViewHolder - Got locally generated modifier e57056e80214c88506737ee69c1660952b7fbdc525b03a2d3e947901b6cd3c43 of type 108
20:17:57.977 INFO  [ef-critical-dispatcher-23] o.e.n.UtxoNodeViewHolder - Apply modifier e57056e80214c88506737ee69c1660952b7fbdc525b03a2d3e947901b6cd3c43 of type 108 to nodeViewHolder
20:17:57.978 INFO  [ef-critical-dispatcher-23] o.e.n.h.ErgoHistory$$anon$1 - Full block 723ccd5f2e0754771d7984e210e2377caf107690622a169ae5091f310b13fdc9 appended, going to apply 1 modifiers. New best block is 723ccd5f2e0754771d7984e210e2377caf107690622a169ae5091f310b13fdc9 with height 13 updates block 37ab0090be8281ab8c6ec059cd8fdda674c663cc759ac014551427f7e0fc89a9 with height 12
20:17:57.984 INFO  [ef-critical-dispatcher-23] o.e.n.UtxoNodeViewHolder - Apply modifier fe04fa0c16b056ec3ec10b7fb18e3600618b45b8fd2d38f5307fe157748f6e66 of type 104 to nodeViewHolder
20:17:57.985 INFO  [ef-critical-dispatcher-23] o.e.n.state.UtxoState - Valid modifier with header 723ccd5f2e0754771d7984e210e2377caf107690622a169ae5091f310b13fdc9 and emission box Some(1c3d8b88a82eb364a146348bcc599140391b0eab38a52504d557ff516bc3f705) applied to UtxoState at height 13
20:17:57.985 INFO  [ef-critical-dispatcher-23] o.e.n.state.UtxoState - checking snapshot for 13, simple check: false
20:17:57.986 INFO  [ref-critical-dispatcher-5] o.e.m.CandidateGenerator - Preparing new candidate on getting new block at 13
20:17:57.986 INFO  [tor.default-dispatcher-21] o.e.local.MempoolAuditor - Initiating mempool cleanup
20:17:57.986 INFO  [ef-critical-dispatcher-23] o.e.n.UtxoNodeViewHolder - Persistent modifier e57056e80214c88506737ee69c1660952b7fbdc525b03a2d3e947901b6cd3c43 applied successfully
20:17:57.986 INFO  [ergoref-api-dispatcher-6] o.e.n.w.ErgoWalletActor - Wallet is going to scan a block 723ccd5f2e0754771d7984e210e2377caf107690622a169ae5091f310b13fdc9 on chain at height 13
20:17:57.986 INFO  [tor.default-dispatcher-21] o.e.local.MempoolAuditor - Cleanup done. Switching to awaiting mode
20:17:57.988 INFO  [ref-indexer-dispatcher-15] o.e.n.h.extra.ExtraIndexer - Buffered block 13 / 13 [txs: 1, boxes: 2] (buffer: 11 / 20000)
20:17:57.988 INFO  [ref-critical-dispatcher-5] o.e.m.CandidateGenerator$ - Emission tx for nextHeight = 14: ErgoTransaction(id: 60a030ea6bb2a5148c0275624f7b73e8ae46bf4920c93ddb4627d6f687eedb44, inputs: [{"boxId":"1c3d8b88a82eb364a146348bcc599140391b0eab38a52504d557ff516bc3f705","spendingProof":{"proofBytes":"","extension":{}}}], outputs: [{"boxId":"1a47acf9fca0d66c1aeb4c7670b73d582e803a6259076b86142576545dc82d19","value":93408187500000000,"ergoTree":"101004020e351002041408cd0279be667ef9dcbbac55a06295ce870b07029bfcdb2dce28d959f2815b16f81798ea02d192a39a8cc7a7017300730110010204020404040004c0fd4f05808c82f5f6030580b8c9e5ae040580f882ad16040204c0944004c0f407040004000580f882ad16d19683030191a38cc7a7019683020193c2b2a57300007473017302830108cdeeac93a38cc7b2a573030001978302019683040193b1a5730493c2a7c2b2a573050093958fa3730673079973089c73097e9a730a9d99a3730b730c0599c1a7c1b2a5730d00938cc7b2a5730e0001a390c1a7730f","assets":[],"creationHeight":14,"additionalRegisters":{},"transactionId":"60a030ea6bb2a5148c0275624f7b73e8ae46bf4920c93ddb4627d6f687eedb44","index":0},{"boxId":"e806d52087a457f0daad7ab0e221fe223f718e3216c484c19b4645287c3b66ce","value":67500000000,"ergoTree":"1002041408cd038b0f29a60fa8d7e1aeafbe512288a6c6bc696547bbf8247db23c95e83014513cea02d192a39a8cc7a70173007301","assets":[],"creationHeight":14,"additionalRegisters":{},"transactionId":"60a030ea6bb2a5148c0275624f7b73e8ae46bf4920c93ddb4627d6f687eedb44","index":1}], size: 339)
20:17:57.997 INFO  [ref-critical-dispatcher-5] o.e.m.CandidateGenerator$ - Assembling a block candidate for block #14 from 1 transactions available
20:17:57.999 INFO  [ref-critical-dispatcher-5] o.e.m.CandidateGenerator$ - No fee proposition found in txs List(60a030ea6bb2a5148c0275624f7b73e8ae46bf4920c93ddb4627d6f687eedb44) 
20:17:58.000 INFO  [ref-critical-dispatcher-5] o.e.m.CandidateGenerator$ - Got candidate block at height 14 with 1 transactions, msg 323e562b0d1410bdf64f2534255178001ab765118952e3ed5b144957932af92c
20:17:58.001 INFO  [ref-critical-dispatcher-5] o.e.m.CandidateGenerator - Generated new candidate in 15 ms
20:17:58.001 INFO  [ref-critical-dispatcher-5] o.e.m.CandidateGenerator$ - Regenerating block candidate
20:17:58.002 INFO  [ref-critical-dispatcher-5] o.e.m.CandidateGenerator$ - Emission tx for nextHeight = 14: ErgoTransaction(id: 60a030ea6bb2a5148c0275624f7b73e8ae46bf4920c93ddb4627d6f687eedb44, inputs: [{"boxId":"1c3d8b88a82eb364a146348bcc599140391b0eab38a52504d557ff516bc3f705","spendingProof":{"proofBytes":"","extension":{}}}], outputs: [{"boxId":"1a47acf9fca0d66c1aeb4c7670b73d582e803a6259076b86142576545dc82d19","value":93408187500000000,"ergoTree":"101004020e351002041408cd0279be667ef9dcbbac55a06295ce870b07029bfcdb2dce28d959f2815b16f81798ea02d192a39a8cc7a7017300730110010204020404040004c0fd4f05808c82f5f6030580b8c9e5ae040580f882ad16040204c0944004c0f407040004000580f882ad16d19683030191a38cc7a7019683020193c2b2a57300007473017302830108cdeeac93a38cc7b2a573030001978302019683040193b1a5730493c2a7c2b2a573050093958fa3730673079973089c73097e9a730a9d99a3730b730c0599c1a7c1b2a5730d00938cc7b2a5730e0001a390c1a7730f","assets":[],"creationHeight":14,"additionalRegisters":{},"transactionId":"60a030ea6bb2a5148c0275624f7b73e8ae46bf4920c93ddb4627d6f687eedb44","index":0},{"boxId":"e806d52087a457f0daad7ab0e221fe223f718e3216c484c19b4645287c3b66ce","value":67500000000,"ergoTree":"1002041408cd038b0f29a60fa8d7e1aeafbe512288a6c6bc696547bbf8247db23c95e83014513cea02d192a39a8cc7a70173007301","assets":[],"creationHeight":14,"additionalRegisters":{},"transactionId":"60a030ea6bb2a5148c0275624f7b73e8ae46bf4920c93ddb4627d6f687eedb44","index":1}], size: 339)
20:17:58.007 INFO  [ref-critical-dispatcher-5] o.e.m.CandidateGenerator$ - Assembling a block candidate for block #14 from 1 transactions available
20:17:58.009 INFO  [ref-critical-dispatcher-5] o.e.m.CandidateGenerator$ - No fee proposition found in txs List(60a030ea6bb2a5148c0275624f7b73e8ae46bf4920c93ddb4627d6f687eedb44) 
20:17:58.010 INFO  [ref-critical-dispatcher-5] o.e.m.CandidateGenerator$ - Got candidate block at height 14 with 1 transactions, msg e9a80ca546034ae3b656a82e7ec7b88695bf038fcf3d338a66ae5a4cf5f0387f
20:17:58.011 INFO  [ref-critical-dispatcher-5] o.e.m.CandidateGenerator - Generated new candidate in 10 ms
20:17:58.828 WARN  [tor.default-dispatcher-20] o.e.n.ErgoNodeViewSynchronizer - No peers available in requestDownload
20:18:03.006 INFO  [tor.default-dispatcher-17] o.e.m.ErgoMiningThread - Found solution, sending it for validation
20:18:03.012 INFO  [ref-critical-dispatcher-5] o.e.m.CandidateGenerator - New block mined, header: Header({"extensionId":"8ae2cb901e147885d7f77729a33d36d9177f2145281d35df1375892253ea7199","difficulty":"1","votes":"000000","timestamp":1791595078004,"size":218,"unparsedBytes":"","stateRoot":"c32e095cec1813caefe371699f4ec799104b98dd2ebbdfdd44bc508a28f1b51d05","height":14,"nBits":16842752,"version":3,"id":"0222527f9431a94f6036924e9eef59e3660bc0fcad1efe6ed1238c3967f5281c","adProofsRoot":"f93348348fc0abd78b14b715d035bf0c6b4bdfdf8e4f8714ad4b687f952a434c","transactionsRoot":"65230be70e72c08df7af5d33a8602e988ad5d2b585f605facd6f85f1eb4fa49a","extensionHash":"5313bff63e4680b399cbe1bc16e2b06f7ee2d222607be3bfc605ce88e600d6a7","powSolutions":{"pk":"038b0f29a60fa8d7e1aeafbe512288a6c6bc696547bbf8247db23c95e83014513c","w":"033ed42b44882de57cb6757284f4959638fff459260f9bd18a3de2fa702c1a9f22","n":"0000000000000000","d":89994410341706486951753251551856654725236058631695308311768905604615631591982},"adProofsId":"5ad598be2d85df15fac58281330cefa98acb42912073cd19b49cebf2a7cceb9b","transactionsId":"f5a8759e6ceda94d4b45f120ab9efc765513be0ff655bb2281813f8bc1c4165a","parentId":"723ccd5f2e0754771d7984e210e2377caf107690622a169ae5091f310b13fdc9"})
20:18:03.020 INFO  [ref-critical-dispatcher-5] o.e.m.CandidateGenerator - New block 0222527f9431a94f6036924e9eef59e3660bc0fcad1efe6ed1238c3967f5281c w. nonce 0
20:18:03.021 INFO  [tor.default-dispatcher-17] o.e.n.ErgoNodeViewSynchronizer - Immediately announcing newly mined block 0222527f9431a94f6036924e9eef59e3660bc0fcad1efe6ed1238c3967f5281c at height 14 to all peers
20:18:03.021 INFO  [ef-critical-dispatcher-23] o.e.n.UtxoNodeViewHolder - Got locally generated modifier 0222527f9431a94f6036924e9eef59e3660bc0fcad1efe6ed1238c3967f5281c of type 101
20:18:03.021 INFO  [ef-critical-dispatcher-23] o.e.n.UtxoNodeViewHolder - Apply modifier 0222527f9431a94f6036924e9eef59e3660bc0fcad1efe6ed1238c3967f5281c of type 101 to nodeViewHolder
20:18:03.021 INFO  [ref-critical-dispatcher-5] o.e.m.CandidateGenerator - Processed solution AutolykosSolution(Ecp((4e29d12087d02e51f19950b67875289ed9e4872dbd1c170bace513f9c7b49eb0,2b9e7178d74f049e4796e8e263ce297d8fb9568829a4af7ed225550eed6b03cf,b53f31722529e29f5ca36d8613d5ea342389639c8b43f68f32b538641b18e9e0)),Ecp((e24131a84d0d82d874fbc05503814b81c5045aa0501ecd5c6988baa3e74452c5,476528e1678db5ab854b3e94f8f5ed65b1afee4861e9a0ec71b523590660bda8,5dd277f5ffa5d6d1daa811eba7d8bd7035083a0f1da99eb58c56d94a7571232e)),[B@4bf01539,89994410341706486951753251551856654725236058631695308311768905604615631591982) with the result Success(())
20:18:03.022 INFO  [tor.default-dispatcher-20] o.e.m.ErgoMiningThread - Solution accepted
20:18:03.024 INFO  [ef-critical-dispatcher-23] o.e.n.h.ErgoHistory$$anon$1 - New best header 0222527f9431a94f6036924e9eef59e3660bc0fcad1efe6ed1238c3967f5281c with score 14. New height 14, old height 13
20:18:03.025 WARN  [tor.default-dispatcher-20] o.e.n.ErgoNodeViewSynchronizer - No peers available in requestDownload
20:18:03.026 INFO  [ef-critical-dispatcher-23] o.e.n.UtxoNodeViewHolder - Got locally generated modifier f5a8759e6ceda94d4b45f120ab9efc765513be0ff655bb2281813f8bc1c4165a of type 102
20:18:03.026 INFO  [ef-critical-dispatcher-23] o.e.n.UtxoNodeViewHolder - Apply modifier f5a8759e6ceda94d4b45f120ab9efc765513be0ff655bb2281813f8bc1c4165a of type 102 to nodeViewHolder
20:18:03.028 INFO  [ef-critical-dispatcher-23] o.e.n.UtxoNodeViewHolder - Got locally generated modifier 8ae2cb901e147885d7f77729a33d36d9177f2145281d35df1375892253ea7199 of type 108
20:18:03.028 INFO  [ef-critical-dispatcher-23] o.e.n.UtxoNodeViewHolder - Apply modifier 8ae2cb901e147885d7f77729a33d36d9177f2145281d35df1375892253ea7199 of type 108 to nodeViewHolder
20:18:03.029 INFO  [ef-critical-dispatcher-23] o.e.n.h.ErgoHistory$$anon$1 - Full block 0222527f9431a94f6036924e9eef59e3660bc0fcad1efe6ed1238c3967f5281c appended, going to apply 1 modifiers. New best block is 0222527f9431a94f6036924e9eef59e3660bc0fcad1efe6ed1238c3967f5281c with height 14 updates block 723ccd5f2e0754771d7984e210e2377caf107690622a169ae5091f310b13fdc9 with height 13
20:18:03.039 INFO  [ef-critical-dispatcher-23] o.e.n.UtxoNodeViewHolder - Apply modifier 5ad598be2d85df15fac58281330cefa98acb42912073cd19b49cebf2a7cceb9b of type 104 to nodeViewHolder
20:18:03.040 INFO  [ef-critical-dispatcher-23] o.e.n.state.UtxoState - Valid modifier with header 0222527f9431a94f6036924e9eef59e3660bc0fcad1efe6ed1238c3967f5281c and emission box Some(1a47acf9fca0d66c1aeb4c7670b73d582e803a6259076b86142576545dc82d19) applied to UtxoState at height 14
20:18:03.040 INFO  [ef-critical-dispatcher-23] o.e.n.state.UtxoState - checking snapshot for 14, simple check: false
20:18:03.041 INFO  [ref-critical-dispatcher-5] o.e.m.CandidateGenerator - Preparing new candidate on getting new block at 14
20:18:03.042 INFO  [tor.default-dispatcher-20] o.e.local.MempoolAuditor - Initiating mempool cleanup
20:18:03.042 INFO  [ef-critical-dispatcher-23] o.e.n.UtxoNodeViewHolder - Persistent modifier 8ae2cb901e147885d7f77729a33d36d9177f2145281d35df1375892253ea7199 applied successfully
20:18:03.042 INFO  [ergoref-api-dispatcher-6] o.e.n.w.ErgoWalletActor - Wallet is going to scan a block 0222527f9431a94f6036924e9eef59e3660bc0fcad1efe6ed1238c3967f5281c on chain at height 14
20:18:03.042 INFO  [tor.default-dispatcher-16] o.e.local.MempoolAuditor - Cleanup done. Switching to awaiting mode
20:18:03.045 INFO  [ref-indexer-dispatcher-15] o.e.n.h.extra.ExtraIndexer - Buffered block 14 / 14 [txs: 1, boxes: 2] (buffer: 11 / 20000)
20:18:03.045 INFO  [ref-critical-dispatcher-5] o.e.m.CandidateGenerator$ - Emission tx for nextHeight = 15: ErgoTransaction(id: f165f7c815dcadc3b950ca2f98d9ce0f660ac7469184bc4562b4e246975a6a0c, inputs: [{"boxId":"1a47acf9fca0d66c1aeb4c7670b73d582e803a6259076b86142576545dc82d19","spendingProof":{"proofBytes":"","extension":{}}}], outputs: [{"boxId":"d0dc1cafe36107e14c08ea59c27b49e3596a9d03f848cfb97a9e14a2c6cb45c7","value":93408120000000000,"ergoTree":"101004020e351002041408cd0279be667ef9dcbbac55a06295ce870b07029bfcdb2dce28d959f2815b16f81798ea02d192a39a8cc7a7017300730110010204020404040004c0fd4f05808c82f5f6030580b8c9e5ae040580f882ad16040204c0944004c0f407040004000580f882ad16d19683030191a38cc7a7019683020193c2b2a57300007473017302830108cdeeac93a38cc7b2a573030001978302019683040193b1a5730493c2a7c2b2a573050093958fa3730673079973089c73097e9a730a9d99a3730b730c0599c1a7c1b2a5730d00938cc7b2a5730e0001a390c1a7730f","assets":[],"creationHeight":15,"additionalRegisters":{},"transactionId":"f165f7c815dcadc3b950ca2f98d9ce0f660ac7469184bc4562b4e246975a6a0c","index":0},{"boxId":"ed93672d3566cf3706c5e97d5f32c8437d456e74d0f2bd463adb1c5319dd5e4f","value":67500000000,"ergoTree":"1002041408cd038b0f29a60fa8d7e1aeafbe512288a6c6bc696547bbf8247db23c95e83014513cea02d192a39a8cc7a70173007301","assets":[],"creationHeight":15,"additionalRegisters":{},"transactionId":"f165f7c815dcadc3b950ca2f98d9ce0f660ac7469184bc4562b4e246975a6a0c","index":1}], size: 339)
20:18:03.051 INFO  [ref-critical-dispatcher-5] o.e.m.CandidateGenerator$ - Assembling a block candidate for block #15 from 1 transactions available
20:18:03.054 INFO  [ref-critical-dispatcher-5] o.e.m.CandidateGenerator$ - No fee proposition found in txs List(f165f7c815dcadc3b950ca2f98d9ce0f660ac7469184bc4562b4e246975a6a0c) 
20:18:03.055 INFO  [ref-critical-dispatcher-5] o.e.m.CandidateGenerator$ - Got candidate block at height 15 with 1 transactions, msg 2eeacdf066bf980f30130fd9836998017eedc4679b28ab23c8c178b7605077f9
20:18:03.055 INFO  [ref-critical-dispatcher-5] o.e.m.CandidateGenerator - Generated new candidate in 13 ms
20:18:03.055 INFO  [ref-critical-dispatcher-5] o.e.m.CandidateGenerator$ - Regenerating block candidate
20:18:03.057 INFO  [ref-critical-dispatcher-5] o.e.m.CandidateGenerator$ - Emission tx for nextHeight = 15: ErgoTransaction(id: f165f7c815dcadc3b950ca2f98d9ce0f660ac7469184bc4562b4e246975a6a0c, inputs: [{"boxId":"1a47acf9fca0d66c1aeb4c7670b73d582e803a6259076b86142576545dc82d19","spendingProof":{"proofBytes":"","extension":{}}}], outputs: [{"boxId":"d0dc1cafe36107e14c08ea59c27b49e3596a9d03f848cfb97a9e14a2c6cb45c7","value":93408120000000000,"ergoTree":"101004020e351002041408cd0279be667ef9dcbbac55a06295ce870b07029bfcdb2dce28d959f2815b16f81798ea02d192a39a8cc7a7017300730110010204020404040004c0fd4f05808c82f5f6030580b8c9e5ae040580f882ad16040204c0944004c0f407040004000580f882ad16d19683030191a38cc7a7019683020193c2b2a57300007473017302830108cdeeac93a38cc7b2a573030001978302019683040193b1a5730493c2a7c2b2a573050093958fa3730673079973089c73097e9a730a9d99a3730b730c0599c1a7c1b2a5730d00938cc7b2a5730e0001a390c1a7730f","assets":[],"creationHeight":15,"additionalRegisters":{},"transactionId":"f165f7c815dcadc3b950ca2f98d9ce0f660ac7469184bc4562b4e246975a6a0c","index":0},{"boxId":"ed93672d3566cf3706c5e97d5f32c8437d456e74d0f2bd463adb1c5319dd5e4f","value":67500000000,"ergoTree":"1002041408cd038b0f29a60fa8d7e1aeafbe512288a6c6bc696547bbf8247db23c95e83014513cea02d192a39a8cc7a70173007301","assets":[],"creationHeight":15,"additionalRegisters":{},"transactionId":"f165f7c815dcadc3b950ca2f98d9ce0f660ac7469184bc4562b4e246975a6a0c","index":1}], size: 339)
20:18:03.061 INFO  [ref-critical-dispatcher-5] o.e.m.CandidateGenerator$ - Assembling a block candidate for block #15 from 1 transactions available
20:18:03.063 INFO  [ref-critical-dispatcher-5] o.e.m.CandidateGenerator$ - No fee proposition found in txs List(f165f7c815dcadc3b950ca2f98d9ce0f660ac7469184bc4562b4e246975a6a0c) 
20:18:03.064 INFO  [ref-critical-dispatcher-5] o.e.m.CandidateGenerator$ - Got candidate block at height 15 with 1 transactions, msg f5286d3c40ecf7fbe73828559b994a22c3de1df471bf9eeeeb910430b604979f
20:18:03.064 INFO  [ref-critical-dispatcher-5] o.e.m.CandidateGenerator - Generated new candidate in 8 ms
20:18:03.829 WARN  [tor.default-dispatcher-21] o.e.n.ErgoNodeViewSynchronizer - No peers available in requestDownload
20:18:08.011 INFO  [tor.default-dispatcher-21] o.e.m.ErgoMiningThread - Found solution, sending it for validation
20:18:08.012 INFO  [ref-critical-dispatcher-5] o.e.m.CandidateGenerator - New block mined, header: Header({"extensionId":"4921a2f2ff065a318b30efb5e4b77722f54e4fa3bee0f374b8176d52b0018742","difficulty":"1","votes":"000000","timestamp":1791595083058,"size":218,"unparsedBytes":"","stateRoot":"507bd3e65ee7808a8bc6df39158e65c886c310855dc578c2aeba7a4fc3ca899005","height":15,"nBits":16842752,"version":3,"id":"8c3be70e9952f286152ba970a577bc18d765d6bae643475c6cbd03d5db6981c9","adProofsRoot":"2bb1a4f3312cbc4b1176233edd0954310917d9c495ff3ddaecf444f0a770d944","transactionsRoot":"44461f7ef37c19daa4f9f215694e599b0a31fb2fa77d3a64e0a1525f54d54d82","extensionHash":"5313bff63e4680b399cbe1bc16e2b06f7ee2d222607be3bfc605ce88e600d6a7","powSolutions":{"pk":"038b0f29a60fa8d7e1aeafbe512288a6c6bc696547bbf8247db23c95e83014513c","w":"02c8d1b537298c52ed7b33a631b07cc249bf71f0c8c4e58f1238eb7b572ee4e188","n":"0000000000000000","d":2227558019980299404096019693571454764493021043075938436842687976984331958717},"adProofsId":"08a29aae6d861de01fb78de41051ee9e0089e86ae1958b68cc928f3e468d4f66","transactionsId":"092f36cbe611892fe01116017b795bddf0ecf2e1e454ea3264ee3c308beeeb57","parentId":"0222527f9431a94f6036924e9eef59e3660bc0fcad1efe6ed1238c3967f5281c"})
20:18:08.013 INFO  [ref-critical-dispatcher-5] o.e.m.CandidateGenerator - New block 8c3be70e9952f286152ba970a577bc18d765d6bae643475c6cbd03d5db6981c9 w. nonce 0
20:18:08.013 INFO  [tor.default-dispatcher-21] o.e.n.ErgoNodeViewSynchronizer - Immediately announcing newly mined block 8c3be70e9952f286152ba970a577bc18d765d6bae643475c6cbd03d5db6981c9 at height 15 to all peers
20:18:08.013 INFO  [ef-critical-dispatcher-23] o.e.n.UtxoNodeViewHolder - Got locally generated modifier 8c3be70e9952f286152ba970a577bc18d765d6bae643475c6cbd03d5db6981c9 of type 101
20:18:08.013 INFO  [ef-critical-dispatcher-23] o.e.n.UtxoNodeViewHolder - Apply modifier 8c3be70e9952f286152ba970a577bc18d765d6bae643475c6cbd03d5db6981c9 of type 101 to nodeViewHolder
20:18:08.013 INFO  [ref-critical-dispatcher-5] o.e.m.CandidateGenerator - Processed solution AutolykosSolution(Ecp((4e29d12087d02e51f19950b67875289ed9e4872dbd1c170bace513f9c7b49eb0,2b9e7178d74f049e4796e8e263ce297d8fb9568829a4af7ed225550eed6b03cf,b53f31722529e29f5ca36d8613d5ea342389639c8b43f68f32b538641b18e9e0)),Ecp((3c31fdbf7e74afbb49b4eaccf602b6e94ae95eecc1065cce0521cbcbbb3319b5,28f94ad11985445d818a5d234446c0bd7aa71504fd10bbba6cbd3881fbb04e92,915e2e82eaffc2131c92bb824a4a7ec52ac50314aecacb9e4852e23ac3e7b0b8)),[B@39de6e4b,2227558019980299404096019693571454764493021043075938436842687976984331958717) with the result Success(())
20:18:08.013 INFO  [tor.default-dispatcher-17] o.e.m.ErgoMiningThread - Solution accepted
20:18:08.014 INFO  [ef-critical-dispatcher-23] o.e.n.h.ErgoHistory$$anon$1 - New best header 8c3be70e9952f286152ba970a577bc18d765d6bae643475c6cbd03d5db6981c9 with score 15. New height 15, old height 14
20:18:08.015 WARN  [tor.default-dispatcher-17] o.e.n.ErgoNodeViewSynchronizer - No peers available in requestDownload
20:18:08.015 INFO  [ef-critical-dispatcher-23] o.e.n.UtxoNodeViewHolder - Got locally generated modifier 092f36cbe611892fe01116017b795bddf0ecf2e1e454ea3264ee3c308beeeb57 of type 102
20:18:08.015 INFO  [ef-critical-dispatcher-23] o.e.n.UtxoNodeViewHolder - Apply modifier 092f36cbe611892fe01116017b795bddf0ecf2e1e454ea3264ee3c308beeeb57 of type 102 to nodeViewHolder
20:18:08.016 INFO  [ef-critical-dispatcher-23] o.e.n.UtxoNodeViewHolder - Got locally generated modifier 4921a2f2ff065a318b30efb5e4b77722f54e4fa3bee0f374b8176d52b0018742 of type 108
20:18:08.016 INFO  [ef-critical-dispatcher-23] o.e.n.UtxoNodeViewHolder - Apply modifier 4921a2f2ff065a318b30efb5e4b77722f54e4fa3bee0f374b8176d52b0018742 of type 108 to nodeViewHolder
20:18:08.016 INFO  [ef-critical-dispatcher-23] o.e.n.h.ErgoHistory$$anon$1 - Full block 8c3be70e9952f286152ba970a577bc18d765d6bae643475c6cbd03d5db6981c9 appended, going to apply 1 modifiers. New best block is 8c3be70e9952f286152ba970a577bc18d765d6bae643475c6cbd03d5db6981c9 with height 15 updates block 0222527f9431a94f6036924e9eef59e3660bc0fcad1efe6ed1238c3967f5281c with height 14
20:18:08.022 INFO  [ef-critical-dispatcher-23] o.e.n.UtxoNodeViewHolder - Apply modifier 08a29aae6d861de01fb78de41051ee9e0089e86ae1958b68cc928f3e468d4f66 of type 104 to nodeViewHolder
20:18:08.022 INFO  [ef-critical-dispatcher-23] o.e.n.state.UtxoState - Valid modifier with header 8c3be70e9952f286152ba970a577bc18d765d6bae643475c6cbd03d5db6981c9 and emission box Some(d0dc1cafe36107e14c08ea59c27b49e3596a9d03f848cfb97a9e14a2c6cb45c7) applied to UtxoState at height 15
20:18:08.022 INFO  [ef-critical-dispatcher-23] o.e.n.state.UtxoState - checking snapshot for 15, simple check: false
20:18:08.022 INFO  [ref-critical-dispatcher-5] o.e.m.CandidateGenerator - Preparing new candidate on getting new block at 15
20:18:08.023 INFO  [tor.default-dispatcher-21] o.e.local.MempoolAuditor - Initiating mempool cleanup
20:18:08.023 INFO  [ef-critical-dispatcher-23] o.e.n.UtxoNodeViewHolder - Persistent modifier 4921a2f2ff065a318b30efb5e4b77722f54e4fa3bee0f374b8176d52b0018742 applied successfully
20:18:08.023 INFO  [ergoref-api-dispatcher-6] o.e.n.w.ErgoWalletActor - Wallet is going to scan a block 8c3be70e9952f286152ba970a577bc18d765d6bae643475c6cbd03d5db6981c9 on chain at height 15
20:18:08.023 INFO  [tor.default-dispatcher-17] o.e.local.MempoolAuditor - Cleanup done. Switching to awaiting mode
20:18:08.024 INFO  [ref-indexer-dispatcher-15] o.e.n.h.extra.ExtraIndexer - Buffered block 15 / 15 [txs: 1, boxes: 2] (buffer: 11 / 20000)
20:18:08.024 INFO  [ref-critical-dispatcher-5] o.e.m.CandidateGenerator$ - Emission tx for nextHeight = 16: ErgoTransaction(id: 3e358f7e3fb96d931541482706b6d43218cc19523c3e07cf73405715ac007dc2, inputs: [{"boxId":"d0dc1cafe36107e14c08ea59c27b49e3596a9d03f848cfb97a9e14a2c6cb45c7","spendingProof":{"proofBytes":"","extension":{}}}], outputs: [{"boxId":"d6e58221b1a7e39a3d714d17bdff09bd38d47dc63f150535e753f348e30cef1f","value":93408052500000000,"ergoTree":"101004020e351002041408cd0279be667ef9dcbbac55a06295ce870b07029bfcdb2dce28d959f2815b16f81798ea02d192a39a8cc7a7017300730110010204020404040004c0fd4f05808c82f5f6030580b8c9e5ae040580f882ad16040204c0944004c0f407040004000580f882ad16d19683030191a38cc7a7019683020193c2b2a57300007473017302830108cdeeac93a38cc7b2a573030001978302019683040193b1a5730493c2a7c2b2a573050093958fa3730673079973089c73097e9a730a9d99a3730b730c0599c1a7c1b2a5730d00938cc7b2a5730e0001a390c1a7730f","assets":[],"creationHeight":16,"additionalRegisters":{},"transactionId":"3e358f7e3fb96d931541482706b6d43218cc19523c3e07cf73405715ac007dc2","index":0},{"boxId":"190c1376cea1b7c42d87874d2d38269d865477d71667d1f299212225df14fd77","value":67500000000,"ergoTree":"1002041408cd038b0f29a60fa8d7e1aeafbe512288a6c6bc696547bbf8247db23c95e83014513cea02d192a39a8cc7a70173007301","assets":[],"creationHeight":16,"additionalRegisters":{},"transactionId":"3e358f7e3fb96d931541482706b6d43218cc19523c3e07cf73405715ac007dc2","index":1}], size: 339)
20:18:08.030 INFO  [ref-critical-dispatcher-5] o.e.m.CandidateGenerator$ - Assembling a block candidate for block #16 from 1 transactions available
20:18:08.032 INFO  [ref-critical-dispatcher-5] o.e.m.CandidateGenerator$ - No fee proposition found in txs List(3e358f7e3fb96d931541482706b6d43218cc19523c3e07cf73405715ac007dc2) 
20:18:08.033 INFO  [ref-critical-dispatcher-5] o.e.m.CandidateGenerator$ - Got candidate block at height 16 with 1 transactions, msg 91bfce525f0b7c35c998802d54a55538a6c58dbf555d01b9c82a8ff966d19bf1
20:18:08.033 INFO  [ref-critical-dispatcher-5] o.e.m.CandidateGenerator - Generated new candidate in 10 ms
20:18:08.033 INFO  [ref-critical-dispatcher-5] o.e.m.CandidateGenerator$ - Regenerating block candidate
20:18:08.034 INFO  [ref-critical-dispatcher-5] o.e.m.CandidateGenerator$ - Emission tx for nextHeight = 16: ErgoTransaction(id: 3e358f7e3fb96d931541482706b6d43218cc19523c3e07cf73405715ac007dc2, inputs: [{"boxId":"d0dc1cafe36107e14c08ea59c27b49e3596a9d03f848cfb97a9e14a2c6cb45c7","spendingProof":{"proofBytes":"","extension":{}}}], outputs: [{"boxId":"d6e58221b1a7e39a3d714d17bdff09bd38d47dc63f150535e753f348e30cef1f","value":93408052500000000,"ergoTree":"101004020e351002041408cd0279be667ef9dcbbac55a06295ce870b07029bfcdb2dce28d959f2815b16f81798ea02d192a39a8cc7a7017300730110010204020404040004c0fd4f05808c82f5f6030580b8c9e5ae040580f882ad16040204c0944004c0f407040004000580f882ad16d19683030191a38cc7a7019683020193c2b2a57300007473017302830108cdeeac93a38cc7b2a573030001978302019683040193b1a5730493c2a7c2b2a573050093958fa3730673079973089c73097e9a730a9d99a3730b730c0599c1a7c1b2a5730d00938cc7b2a5730e0001a390c1a7730f","assets":[],"creationHeight":16,"additionalRegisters":{},"transactionId":"3e358f7e3fb96d931541482706b6d43218cc19523c3e07cf73405715ac007dc2","index":0},{"boxId":"190c1376cea1b7c42d87874d2d38269d865477d71667d1f299212225df14fd77","value":67500000000,"ergoTree":"1002041408cd038b0f29a60fa8d7e1aeafbe512288a6c6bc696547bbf8247db23c95e83014513cea02d192a39a8cc7a70173007301","assets":[],"creationHeight":16,"additionalRegisters":{},"transactionId":"3e358f7e3fb96d931541482706b6d43218cc19523c3e07cf73405715ac007dc2","index":1}], size: 339)
20:18:08.038 INFO  [ref-critical-dispatcher-5] o.e.m.CandidateGenerator$ - Assembling a block candidate for block #16 from 1 transactions available
20:18:08.040 INFO  [ref-critical-dispatcher-5] o.e.m.CandidateGenerator$ - No fee proposition found in txs List(3e358f7e3fb96d931541482706b6d43218cc19523c3e07cf73405715ac007dc2) 
20:18:08.041 INFO  [ref-critical-dispatcher-5] o.e.m.CandidateGenerator$ - Got candidate block at height 16 with 1 transactions, msg c881b9d6e3ce18221d06a4a51888f666752758f92eb7dac6de6a0d7b4e7f04b3
20:18:08.041 INFO  [ref-critical-dispatcher-5] o.e.m.CandidateGenerator - Generated new candidate in 8 ms
20:18:08.829 WARN  [tor.default-dispatcher-18] o.e.n.ErgoNodeViewSynchronizer - No peers available in requestDownload
20:18:13.031 INFO  [tor.default-dispatcher-17] o.e.m.ErgoMiningThread - Found solution, sending it for validation
20:18:13.032 INFO  [ref-critical-dispatcher-5] o.e.m.CandidateGenerator - New block mined, header: Header({"extensionId":"c1a3460a6939bc1fe40d2b739bbe76577cee3e778cb1d96e4617a386a33d7d59","difficulty":"1","votes":"000000","timestamp":1791595088035,"size":218,"unparsedBytes":"","stateRoot":"c1ee92740fe522a1f3a17f2685aafbbff481ded0597445beac52dc8f20d6b0c405","height":16,"nBits":16842752,"version":4,"id":"2555fbbf2eee6f7cfd0e6c00595ec85274e2a86fb8aaf4012e5824f839627a8a","adProofsRoot":"d4c1836eb19a69c8d0c920f221d5dc513a2ab61afd97929b1ce9d47448a07699","transactionsRoot":"dba8b79ce1ed24b596c11b419abbb1cf28101246d002c8871ad9814c4fe809f8","extensionHash":"835811a2344d965dcf42d90d786b993ad28b0ec973374ea2154ac79d9bea38f4","powSolutions":{"pk":"038b0f29a60fa8d7e1aeafbe512288a6c6bc696547bbf8247db23c95e83014513c","w":"03597e25247ab85bc3b46245385398d0848ce81f570144dad9f7aa245f529df706","n":"0000000000000000","d":72409897209342564584043754425824120973093673089167161336319448782493574122837},"adProofsId":"ee1965a49d1aad7791c26e24ee59348915d0068c1dde3118c7c06fd9ff367bb7","transactionsId":"8ca054b6d70c1eca5c6efad1cc682fa07bcc935cf2c14d3ce76517c6de447802","parentId":"8c3be70e9952f286152ba970a577bc18d765d6bae643475c6cbd03d5db6981c9"})
20:18:13.033 INFO  [ref-critical-dispatcher-5] o.e.m.CandidateGenerator - New block 2555fbbf2eee6f7cfd0e6c00595ec85274e2a86fb8aaf4012e5824f839627a8a w. nonce 0
20:18:13.033 INFO  [tor.default-dispatcher-17] o.e.n.ErgoNodeViewSynchronizer - Immediately announcing newly mined block 2555fbbf2eee6f7cfd0e6c00595ec85274e2a86fb8aaf4012e5824f839627a8a at height 16 to all peers
20:18:13.033 INFO  [ef-critical-dispatcher-23] o.e.n.UtxoNodeViewHolder - Got locally generated modifier 2555fbbf2eee6f7cfd0e6c00595ec85274e2a86fb8aaf4012e5824f839627a8a of type 101
20:18:13.033 INFO  [ef-critical-dispatcher-23] o.e.n.UtxoNodeViewHolder - Apply modifier 2555fbbf2eee6f7cfd0e6c00595ec85274e2a86fb8aaf4012e5824f839627a8a of type 101 to nodeViewHolder
20:18:13.033 INFO  [ref-critical-dispatcher-5] o.e.m.CandidateGenerator - Processed solution AutolykosSolution(Ecp((4e29d12087d02e51f19950b67875289ed9e4872dbd1c170bace513f9c7b49eb0,2b9e7178d74f049e4796e8e263ce297d8fb9568829a4af7ed225550eed6b03cf,b53f31722529e29f5ca36d8613d5ea342389639c8b43f68f32b538641b18e9e0)),Ecp((ea67bfb55c28713838a46a627cee2d4e040173a1611e4018d22bca5dfc8f84e3,4f4d8c1b42c4bd4bee372287db3a3e309881f2bde7919f63490f46bcc1ac32a0,454387584a9d891db6a03d418a7d5654103ec04987eebdec165878ee52ba9ebb)),[B@7fd5cbd7,72409897209342564584043754425824120973093673089167161336319448782493574122837) with the result Success(())
20:18:13.033 INFO  [tor.default-dispatcher-18] o.e.m.ErgoMiningThread - Solution accepted
20:18:13.034 INFO  [ef-critical-dispatcher-23] o.e.n.h.ErgoHistory$$anon$1 - New best header 2555fbbf2eee6f7cfd0e6c00595ec85274e2a86fb8aaf4012e5824f839627a8a with score 16. New height 16, old height 15
20:18:13.035 WARN  [tor.default-dispatcher-18] o.e.n.ErgoNodeViewSynchronizer - No peers available in requestDownload
20:18:13.035 INFO  [ef-critical-dispatcher-23] o.e.n.UtxoNodeViewHolder - Got locally generated modifier 8ca054b6d70c1eca5c6efad1cc682fa07bcc935cf2c14d3ce76517c6de447802 of type 102
20:18:13.035 INFO  [ef-critical-dispatcher-23] o.e.n.UtxoNodeViewHolder - Apply modifier 8ca054b6d70c1eca5c6efad1cc682fa07bcc935cf2c14d3ce76517c6de447802 of type 102 to nodeViewHolder
20:18:13.036 INFO  [ef-critical-dispatcher-23] o.e.n.UtxoNodeViewHolder - Got locally generated modifier c1a3460a6939bc1fe40d2b739bbe76577cee3e778cb1d96e4617a386a33d7d59 of type 108
20:18:13.036 INFO  [ef-critical-dispatcher-23] o.e.n.UtxoNodeViewHolder - Apply modifier c1a3460a6939bc1fe40d2b739bbe76577cee3e778cb1d96e4617a386a33d7d59 of type 108 to nodeViewHolder
20:18:13.036 INFO  [ef-critical-dispatcher-23] o.e.n.h.ErgoHistory$$anon$1 - Full block 2555fbbf2eee6f7cfd0e6c00595ec85274e2a86fb8aaf4012e5824f839627a8a appended, going to apply 1 modifiers. New best block is 2555fbbf2eee6f7cfd0e6c00595ec85274e2a86fb8aaf4012e5824f839627a8a with height 16 updates block 8c3be70e9952f286152ba970a577bc18d765d6bae643475c6cbd03d5db6981c9 with height 15
20:18:13.044 INFO  [ef-critical-dispatcher-23] o.e.n.UtxoNodeViewHolder - Apply modifier ee1965a49d1aad7791c26e24ee59348915d0068c1dde3118c7c06fd9ff367bb7 of type 104 to nodeViewHolder
20:18:13.044 INFO  [ef-critical-dispatcher-23] o.e.n.state.UtxoState - Valid modifier with header 2555fbbf2eee6f7cfd0e6c00595ec85274e2a86fb8aaf4012e5824f839627a8a and emission box Some(d6e58221b1a7e39a3d714d17bdff09bd38d47dc63f150535e753f348e30cef1f) applied to UtxoState at height 16
20:18:13.044 INFO  [ef-critical-dispatcher-23] o.e.n.state.UtxoState - checking snapshot for 16, simple check: false
20:18:13.045 INFO  [ref-critical-dispatcher-5] o.e.m.CandidateGenerator - Preparing new candidate on getting new block at 16
20:18:13.045 INFO  [ef-critical-dispatcher-23] o.e.n.UtxoNodeViewHolder - Persistent modifier c1a3460a6939bc1fe40d2b739bbe76577cee3e778cb1d96e4617a386a33d7d59 applied successfully
20:18:13.045 INFO  [tor.default-dispatcher-17] o.e.local.MempoolAuditor - Initiating mempool cleanup
20:18:13.045 INFO  [ergoref-api-dispatcher-6] o.e.n.w.ErgoWalletActor - Wallet is going to scan a block 2555fbbf2eee6f7cfd0e6c00595ec85274e2a86fb8aaf4012e5824f839627a8a on chain at height 16
20:18:13.045 INFO  [tor.default-dispatcher-17] o.e.local.MempoolAuditor - Cleanup done. Switching to awaiting mode
20:18:13.046 INFO  [ref-indexer-dispatcher-15] o.e.n.h.extra.ExtraIndexer - Buffered block 16 / 16 [txs: 1, boxes: 2] (buffer: 11 / 20000)
20:18:13.047 INFO  [ref-critical-dispatcher-5] o.e.m.CandidateGenerator$ - Emission tx for nextHeight = 17: ErgoTransaction(id: 9c42eac6f132408dda4c333de4b7e0f5a430ec60447877757073a47a3edddad3, inputs: [{"boxId":"d6e58221b1a7e39a3d714d17bdff09bd38d47dc63f150535e753f348e30cef1f","spendingProof":{"proofBytes":"","extension":{}}}], outputs: [{"boxId":"3ba7e4751c28406d60e1e2ab5dbcf880aa1819825546bb9c5011d34559ddcfd8","value":93407985000000000,"ergoTree":"101004020e351002041408cd0279be667ef9dcbbac55a06295ce870b07029bfcdb2dce28d959f2815b16f81798ea02d192a39a8cc7a7017300730110010204020404040004c0fd4f05808c82f5f6030580b8c9e5ae040580f882ad16040204c0944004c0f407040004000580f882ad16d19683030191a38cc7a7019683020193c2b2a57300007473017302830108cdeeac93a38cc7b2a573030001978302019683040193b1a5730493c2a7c2b2a573050093958fa3730673079973089c73097e9a730a9d99a3730b730c0599c1a7c1b2a5730d00938cc7b2a5730e0001a390c1a7730f","assets":[],"creationHeight":17,"additionalRegisters":{},"transactionId":"9c42eac6f132408dda4c333de4b7e0f5a430ec60447877757073a47a3edddad3","index":0},{"boxId":"e7d603277502d9413accab862fd31f1131a467fa54892d675c183cb1fc191c72","value":67500000000,"ergoTree":"1002041408cd038b0f29a60fa8d7e1aeafbe512288a6c6bc696547bbf8247db23c95e83014513cea02d192a39a8cc7a70173007301","assets":[],"creationHeight":17,"additionalRegisters":{},"transactionId":"9c42eac6f132408dda4c333de4b7e0f5a430ec60447877757073a47a3edddad3","index":1}], size: 339)
20:18:13.057 INFO  [ref-critical-dispatcher-5] o.e.m.CandidateGenerator$ - Assembling a block candidate for block #17 from 1 transactions available
20:18:13.059 INFO  [ref-critical-dispatcher-5] o.e.m.CandidateGenerator$ - No fee proposition found in txs List(9c42eac6f132408dda4c333de4b7e0f5a430ec60447877757073a47a3edddad3) 
20:18:13.060 INFO  [ref-critical-dispatcher-5] o.e.m.CandidateGenerator$ - Got candidate block at height 17 with 1 transactions, msg 81c3af41b1cd871acbc347a1fec3c7e793acd46c2316793a0761be33bb44b64e
20:18:13.060 INFO  [ref-critical-dispatcher-5] o.e.m.CandidateGenerator - Generated new candidate in 15 ms
20:18:13.060 INFO  [ef-critical-dispatcher-23] o.e.m.CandidateGenerator$ - Regenerating block candidate
20:18:13.062 INFO  [ef-critical-dispatcher-23] o.e.m.CandidateGenerator$ - Emission tx for nextHeight = 17: ErgoTransaction(id: 9c42eac6f132408dda4c333de4b7e0f5a430ec60447877757073a47a3edddad3, inputs: [{"boxId":"d6e58221b1a7e39a3d714d17bdff09bd38d47dc63f150535e753f348e30cef1f","spendingProof":{"proofBytes":"","extension":{}}}], outputs: [{"boxId":"3ba7e4751c28406d60e1e2ab5dbcf880aa1819825546bb9c5011d34559ddcfd8","value":93407985000000000,"ergoTree":"101004020e351002041408cd0279be667ef9dcbbac55a06295ce870b07029bfcdb2dce28d959f2815b16f81798ea02d192a39a8cc7a7017300730110010204020404040004c0fd4f05808c82f5f6030580b8c9e5ae040580f882ad16040204c0944004c0f407040004000580f882ad16d19683030191a38cc7a7019683020193c2b2a57300007473017302830108cdeeac93a38cc7b2a573030001978302019683040193b1a5730493c2a7c2b2a573050093958fa3730673079973089c73097e9a730a9d99a3730b730c0599c1a7c1b2a5730d00938cc7b2a5730e0001a390c1a7730f","assets":[],"creationHeight":17,"additionalRegisters":{},"transactionId":"9c42eac6f132408dda4c333de4b7e0f5a430ec60447877757073a47a3edddad3","index":0},{"boxId":"e7d603277502d9413accab862fd31f1131a467fa54892d675c183cb1fc191c72","value":67500000000,"ergoTree":"1002041408cd038b0f29a60fa8d7e1aeafbe512288a6c6bc696547bbf8247db23c95e83014513cea02d192a39a8cc7a70173007301","assets":[],"creationHeight":17,"additionalRegisters":{},"transactionId":"9c42eac6f132408dda4c333de4b7e0f5a430ec60447877757073a47a3edddad3","index":1}], size: 339)
20:18:13.065 INFO  [ef-critical-dispatcher-23] o.e.m.CandidateGenerator$ - Assembling a block candidate for block #17 from 1 transactions available
20:18:13.067 INFO  [ef-critical-dispatcher-23] o.e.m.CandidateGenerator$ - No fee proposition found in txs List(9c42eac6f132408dda4c333de4b7e0f5a430ec60447877757073a47a3edddad3) 
20:18:13.068 INFO  [ef-critical-dispatcher-23] o.e.m.CandidateGenerator$ - Got candidate block at height 17 with 1 transactions, msg dbe321a66b322190781dee488a65389e2b6c225a29573aa7c9962d30400397a6
20:18:13.068 INFO  [ef-critical-dispatcher-23] o.e.m.CandidateGenerator - Generated new candidate in 8 ms
20:18:13.828 WARN  [tor.default-dispatcher-21] o.e.n.ErgoNodeViewSynchronizer - No peers available in requestDownload
20:18:18.051 INFO  [tor.default-dispatcher-17] o.e.m.ErgoMiningThread - Found solution, sending it for validation
20:18:18.053 INFO  [ef-critical-dispatcher-23] o.e.m.CandidateGenerator - New block mined, header: Header({"extensionId":"ac140d0b284313e9ad4001de2f65db9bbbcfba2586ae4d708274f41c140ce91d","difficulty":"1","votes":"000000","timestamp":1791595093062,"size":218,"unparsedBytes":"","stateRoot":"2c925fb3a2b4c88c3e394d422c07705a8b73a99ecaea746243ce09c83d1b94b205","height":17,"nBits":16842752,"version":4,"id":"d8329f370f3905aca1fb355765ec37b950c908d2a623d5a78cb710d03ceafc95","adProofsRoot":"3dbbfd3c6d7ca57242124fd2f93c92a874f8ce1d4c343f32fda43c5dd3cfcb01","transactionsRoot":"72e98479c185b34eef21c0904d31e8bf2162d9fd97da210fdf7391391011adf4","extensionHash":"762726467e6ffcb250f42a8444b149b03aa18bda6374751062d6cd18d7af7933","powSolutions":{"pk":"038b0f29a60fa8d7e1aeafbe512288a6c6bc696547bbf8247db23c95e83014513c","w":"022a7a568356314dd811b1a0da6f679fb6c09ae5491052e22b0016f8c2edbda590","n":"0000000000000000","d":19528943204734706980818879091187035879576703523808232270119196830469057930338},"adProofsId":"2e06632efbe015bae6f6a7de88a232867f55a5780465fcfbde871251c51b2e6b","transactionsId":"85499230047bafe1bca5cef9bf196da25b2a59d504597e75a3203e72e96e3631","parentId":"2555fbbf2eee6f7cfd0e6c00595ec85274e2a86fb8aaf4012e5824f839627a8a"})
20:18:18.054 INFO  [ef-critical-dispatcher-23] o.e.m.CandidateGenerator - New block d8329f370f3905aca1fb355765ec37b950c908d2a623d5a78cb710d03ceafc95 w. nonce 0
20:18:18.055 INFO  [tor.default-dispatcher-17] o.e.n.ErgoNodeViewSynchronizer - Immediately announcing newly mined block d8329f370f3905aca1fb355765ec37b950c908d2a623d5a78cb710d03ceafc95 at height 17 to all peers
20:18:18.055 INFO  [ref-critical-dispatcher-5] o.e.n.UtxoNodeViewHolder - Got locally generated modifier d8329f370f3905aca1fb355765ec37b950c908d2a623d5a78cb710d03ceafc95 of type 101
20:18:18.055 INFO  [ef-critical-dispatcher-23] o.e.m.CandidateGenerator - Processed solution AutolykosSolution(Ecp((4e29d12087d02e51f19950b67875289ed9e4872dbd1c170bace513f9c7b49eb0,2b9e7178d74f049e4796e8e263ce297d8fb9568829a4af7ed225550eed6b03cf,b53f31722529e29f5ca36d8613d5ea342389639c8b43f68f32b538641b18e9e0)),Ecp((67236d76fd50f53e37668ebf494a7c9bb63418b3575eb7391d8d1ae74cda492f,bc9d5aa7abaea28983ea57c2774c99a09d5456487cb3e5221b86a65113137894,82d4eb43bb40ef72ddbec8f60902580afb322f4067d90c3669d06077361d086)),[B@154e44e0,19528943204734706980818879091187035879576703523808232270119196830469057930338) with the result Success(())
20:18:18.055 INFO  [tor.default-dispatcher-18] o.e.m.ErgoMiningThread - Solution accepted
20:18:18.055 INFO  [ref-critical-dispatcher-5] o.e.n.UtxoNodeViewHolder - Apply modifier d8329f370f3905aca1fb355765ec37b950c908d2a623d5a78cb710d03ceafc95 of type 101 to nodeViewHolder
20:18:18.056 INFO  [ref-critical-dispatcher-5] o.e.n.h.ErgoHistory$$anon$1 - New best header d8329f370f3905aca1fb355765ec37b950c908d2a623d5a78cb710d03ceafc95 with score 17. New height 17, old height 16
20:18:18.057 WARN  [tor.default-dispatcher-18] o.e.n.ErgoNodeViewSynchronizer - No peers available in requestDownload
20:18:18.057 INFO  [ref-critical-dispatcher-5] o.e.n.UtxoNodeViewHolder - Got locally generated modifier 85499230047bafe1bca5cef9bf196da25b2a59d504597e75a3203e72e96e3631 of type 102
20:18:18.057 INFO  [ref-critical-dispatcher-5] o.e.n.UtxoNodeViewHolder - Apply modifier 85499230047bafe1bca5cef9bf196da25b2a59d504597e75a3203e72e96e3631 of type 102 to nodeViewHolder
20:18:18.058 INFO  [ref-critical-dispatcher-5] o.e.n.UtxoNodeViewHolder - Got locally generated modifier ac140d0b284313e9ad4001de2f65db9bbbcfba2586ae4d708274f41c140ce91d of type 108
20:18:18.058 INFO  [ref-critical-dispatcher-5] o.e.n.UtxoNodeViewHolder - Apply modifier ac140d0b284313e9ad4001de2f65db9bbbcfba2586ae4d708274f41c140ce91d of type 108 to nodeViewHolder
20:18:18.059 INFO  [ref-critical-dispatcher-5] o.e.n.h.ErgoHistory$$anon$1 - Full block d8329f370f3905aca1fb355765ec37b950c908d2a623d5a78cb710d03ceafc95 appended, going to apply 1 modifiers. New best block is d8329f370f3905aca1fb355765ec37b950c908d2a623d5a78cb710d03ceafc95 with height 17 updates block 2555fbbf2eee6f7cfd0e6c00595ec85274e2a86fb8aaf4012e5824f839627a8a with height 16
20:18:18.065 INFO  [ref-critical-dispatcher-5] o.e.n.UtxoNodeViewHolder - Apply modifier 2e06632efbe015bae6f6a7de88a232867f55a5780465fcfbde871251c51b2e6b of type 104 to nodeViewHolder
20:18:18.066 INFO  [ref-critical-dispatcher-5] o.e.n.state.UtxoState - Valid modifier with header d8329f370f3905aca1fb355765ec37b950c908d2a623d5a78cb710d03ceafc95 and emission box Some(3ba7e4751c28406d60e1e2ab5dbcf880aa1819825546bb9c5011d34559ddcfd8) applied to UtxoState at height 17
20:18:18.066 INFO  [ref-critical-dispatcher-5] o.e.n.state.UtxoState - checking snapshot for 17, simple check: false
20:18:18.066 INFO  [ef-critical-dispatcher-23] o.e.m.CandidateGenerator - Preparing new candidate on getting new block at 17
20:18:18.067 INFO  [ref-critical-dispatcher-5] o.e.n.UtxoNodeViewHolder - Persistent modifier ac140d0b284313e9ad4001de2f65db9bbbcfba2586ae4d708274f41c140ce91d applied successfully
20:18:18.067 INFO  [tor.default-dispatcher-18] o.e.local.MempoolAuditor - Initiating mempool cleanup
20:18:18.067 INFO  [ergoref-api-dispatcher-6] o.e.n.w.ErgoWalletActor - Wallet is going to scan a block d8329f370f3905aca1fb355765ec37b950c908d2a623d5a78cb710d03ceafc95 on chain at height 17
20:18:18.067 INFO  [tor.default-dispatcher-18] o.e.local.MempoolAuditor - Cleanup done. Switching to awaiting mode
20:18:18.069 INFO  [ref-indexer-dispatcher-15] o.e.n.h.extra.ExtraIndexer - Buffered block 17 / 17 [txs: 1, boxes: 2] (buffer: 11 / 20000)
20:18:18.069 INFO  [ef-critical-dispatcher-23] o.e.m.CandidateGenerator$ - Emission tx for nextHeight = 18: ErgoTransaction(id: 626ed283968de71f2aefb206f654cc3fe74b355fdcfa1df71248735bcdef5644, inputs: [{"boxId":"3ba7e4751c28406d60e1e2ab5dbcf880aa1819825546bb9c5011d34559ddcfd8","spendingProof":{"proofBytes":"","extension":{}}}], outputs: [{"boxId":"a85ac93bc7a3c1050d1e9105e9d165682561d18f677c1ef6cd81973485eddd9f","value":93407917500000000,"ergoTree":"101004020e351002041408cd0279be667ef9dcbbac55a06295ce870b07029bfcdb2dce28d959f2815b16f81798ea02d192a39a8cc7a7017300730110010204020404040004c0fd4f05808c82f5f6030580b8c9e5ae040580f882ad16040204c0944004c0f407040004000580f882ad16d19683030191a38cc7a7019683020193c2b2a57300007473017302830108cdeeac93a38cc7b2a573030001978302019683040193b1a5730493c2a7c2b2a573050093958fa3730673079973089c73097e9a730a9d99a3730b730c0599c1a7c1b2a5730d00938cc7b2a5730e0001a390c1a7730f","assets":[],"creationHeight":18,"additionalRegisters":{},"transactionId":"626ed283968de71f2aefb206f654cc3fe74b355fdcfa1df71248735bcdef5644","index":0},{"boxId":"d86c000dff35226b23e439a818e55fe80594c83c4eacd932e5399a282faf0789","value":67500000000,"ergoTree":"1002041408cd038b0f29a60fa8d7e1aeafbe512288a6c6bc696547bbf8247db23c95e83014513cea02d192a39a8cc7a70173007301","assets":[],"creationHeight":18,"additionalRegisters":{},"transactionId":"626ed283968de71f2aefb206f654cc3fe74b355fdcfa1df71248735bcdef5644","index":1}], size: 339)
20:18:18.073 INFO  [ef-critical-dispatcher-23] o.e.m.CandidateGenerator$ - Assembling a block candidate for block #18 from 1 transactions available
20:18:18.075 INFO  [ef-critical-dispatcher-23] o.e.m.CandidateGenerator$ - No fee proposition found in txs List(626ed283968de71f2aefb206f654cc3fe74b355fdcfa1df71248735bcdef5644) 
20:18:18.076 INFO  [ef-critical-dispatcher-23] o.e.m.CandidateGenerator$ - Got candidate block at height 18 with 1 transactions, msg 585c89696dd34145baa9276152b2ceb46bec27e3d0912c79df51f9c750823685
20:18:18.076 INFO  [ef-critical-dispatcher-23] o.e.m.CandidateGenerator - Generated new candidate in 9 ms
20:18:18.076 INFO  [ref-critical-dispatcher-5] o.e.m.CandidateGenerator$ - Regenerating block candidate
20:18:18.078 INFO  [ref-critical-dispatcher-5] o.e.m.CandidateGenerator$ - Emission tx for nextHeight = 18: ErgoTransaction(id: 626ed283968de71f2aefb206f654cc3fe74b355fdcfa1df71248735bcdef5644, inputs: [{"boxId":"3ba7e4751c28406d60e1e2ab5dbcf880aa1819825546bb9c5011d34559ddcfd8","spendingProof":{"proofBytes":"","extension":{}}}], outputs: [{"boxId":"a85ac93bc7a3c1050d1e9105e9d165682561d18f677c1ef6cd81973485eddd9f","value":93407917500000000,"ergoTree":"101004020e351002041408cd0279be667ef9dcbbac55a06295ce870b07029bfcdb2dce28d959f2815b16f81798ea02d192a39a8cc7a7017300730110010204020404040004c0fd4f05808c82f5f6030580b8c9e5ae040580f882ad16040204c0944004c0f407040004000580f882ad16d19683030191a38cc7a7019683020193c2b2a57300007473017302830108cdeeac93a38cc7b2a573030001978302019683040193b1a5730493c2a7c2b2a573050093958fa3730673079973089c73097e9a730a9d99a3730b730c0599c1a7c1b2a5730d00938cc7b2a5730e0001a390c1a7730f","assets":[],"creationHeight":18,"additionalRegisters":{},"transactionId":"626ed283968de71f2aefb206f654cc3fe74b355fdcfa1df71248735bcdef5644","index":0},{"boxId":"d86c000dff35226b23e439a818e55fe80594c83c4eacd932e5399a282faf0789","value":67500000000,"ergoTree":"1002041408cd038b0f29a60fa8d7e1aeafbe512288a6c6bc696547bbf8247db23c95e83014513cea02d192a39a8cc7a70173007301","assets":[],"creationHeight":18,"additionalRegisters":{},"transactionId":"626ed283968de71f2aefb206f654cc3fe74b355fdcfa1df71248735bcdef5644","index":1}], size: 339)
20:18:18.082 INFO  [ref-critical-dispatcher-5] o.e.m.CandidateGenerator$ - Assembling a block candidate for block #18 from 1 transactions available
20:18:18.084 INFO  [ref-critical-dispatcher-5] o.e.m.CandidateGenerator$ - No fee proposition found in txs List(626ed283968de71f2aefb206f654cc3fe74b355fdcfa1df71248735bcdef5644) 
20:18:18.085 INFO  [ref-critical-dispatcher-5] o.e.m.CandidateGenerator$ - Got candidate block at height 18 with 1 transactions, msg bd128c5dccabb560dce87583d49de4019b710e86a9c68cf59fa3194967f5df48
20:18:18.085 INFO  [ref-critical-dispatcher-5] o.e.m.CandidateGenerator - Generated new candidate in 9 ms
20:18:18.830 WARN  [tor.default-dispatcher-18] o.e.n.ErgoNodeViewSynchronizer - No peers available in requestDownload
20:18:22.017 INFO  [ef-critical-dispatcher-23] o.e.n.mempool.ErgoMemPool - Processing mempool transaction: ErgoTransaction(id: 87fe06d7f1807f570bf775bd6ccd49dc174bfc36f52c5f1c5443aafaf76bca6d, inputs: [{"boxId":"1c41655be23d3d1c5271d0b25ff0ce11ddf7c8738a3b647ee31577c1bade8dd4","spendingProof":{"proofBytes":"d9722700ddc4d8cfcbe3b080863e348c50c1b34d6bd2603d829071811d6b79168f65715eb76885cc1cea9736f58832f4684413ba2aa82b59","extension":{}}},{"boxId":"35198e0be720975c0486509d391ec841be10a60b315e5caaf8fb7ae69a3a75df","spendingProof":{"proofBytes":"8b803803dee12d70017829bbaae83702d383a767dd0f17f11014e4d40e2942264ff9434f2d4014f4b6b019772e5ef89658819563814b4771","extension":{}}},{"boxId":"60aa8132e2ece3f363f3ab1f11fdbac36b8f63d2890b4880e98ea61e976ea990","spendingProof":{"proofBytes":"8db063004e171dc7a04776effb683670ec84d54b29e26dd248c8c811b7271fbe1b522625316945b33751e999edf9da06e268aff6da0a74e5","extension":{}}}], outputs: [{"boxId":"c020a84f7f100cbb3ef9aeda136a700cd3caa2d73cce8c5f3e98ccd858659403","value":1000000,"ergoTree":"0008cd038b0f29a60fa8d7e1aeafbe512288a6c6bc696547bbf8247db23c95e83014513c","assets":[{"tokenId":"1c41655be23d3d1c5271d0b25ff0ce11ddf7c8738a3b647ee31577c1bade8dd4","amount":6}],"creationHeight":17,"additionalRegisters":{"R4":"0e034b4141","R5":"0e0d6b656570616c69766520726967","R6":"0e0130"},"transactionId":"87fe06d7f1807f570bf775bd6ccd49dc174bfc36f52c5f1c5443aafaf76bca6d","index":0},{"boxId":"37bb1d2c534e2ce6b758644a642554425e7dca5b5967df8ab8994693c2523925","value":1000000,"ergoTree":"1005040004000e351002041408cd0279be667ef9dcbbac55a06295ce870b07029bfcdb2dce28d959f2815b16f81798ea02d192a39a8cc7a701730073011001020402d19683030193a38cc7b2a57300000193c2b2a57301007473027303830108cdeeac93b1a57304","assets":[],"creationHeight":17,"additionalRegisters":{},"transactionId":"87fe06d7f1807f570bf775bd6ccd49dc174bfc36f52c5f1c5443aafaf76bca6d","index":1},{"boxId":"e07037e64aa5976122645c576b0da80d765004f8606868496de2eacd3c81f4bb","value":202498000000,"ergoTree":"0008cd038b0f29a60fa8d7e1aeafbe512288a6c6bc696547bbf8247db23c95e83014513c","assets":[],"creationHeight":17,"additionalRegisters":{},"transactionId":"87fe06d7f1807f570bf775bd6ccd49dc174bfc36f52c5f1c5443aafaf76bca6d","index":2}], size: 528)
20:18:22.040 INFO  [ref-critical-dispatcher-5] o.e.m.CandidateGenerator$ - Regenerating block candidate
20:18:22.042 INFO  [ref-critical-dispatcher-5] o.e.m.CandidateGenerator$ - Emission tx for nextHeight = 18: ErgoTransaction(id: 626ed283968de71f2aefb206f654cc3fe74b355fdcfa1df71248735bcdef5644, inputs: [{"boxId":"3ba7e4751c28406d60e1e2ab5dbcf880aa1819825546bb9c5011d34559ddcfd8","spendingProof":{"proofBytes":"","extension":{}}}], outputs: [{"boxId":"a85ac93bc7a3c1050d1e9105e9d165682561d18f677c1ef6cd81973485eddd9f","value":93407917500000000,"ergoTree":"101004020e351002041408cd0279be667ef9dcbbac55a06295ce870b07029bfcdb2dce28d959f2815b16f81798ea02d192a39a8cc7a7017300730110010204020404040004c0fd4f05808c82f5f6030580b8c9e5ae040580f882ad16040204c0944004c0f407040004000580f882ad16d19683030191a38cc7a7019683020193c2b2a57300007473017302830108cdeeac93a38cc7b2a573030001978302019683040193b1a5730493c2a7c2b2a573050093958fa3730673079973089c73097e9a730a9d99a3730b730c0599c1a7c1b2a5730d00938cc7b2a5730e0001a390c1a7730f","assets":[],"creationHeight":18,"additionalRegisters":{},"transactionId":"626ed283968de71f2aefb206f654cc3fe74b355fdcfa1df71248735bcdef5644","index":0},{"boxId":"d86c000dff35226b23e439a818e55fe80594c83c4eacd932e5399a282faf0789","value":67500000000,"ergoTree":"1002041408cd038b0f29a60fa8d7e1aeafbe512288a6c6bc696547bbf8247db23c95e83014513cea02d192a39a8cc7a70173007301","assets":[],"creationHeight":18,"additionalRegisters":{},"transactionId":"626ed283968de71f2aefb206f654cc3fe74b355fdcfa1df71248735bcdef5644","index":1}], size: 339)
20:18:22.047 INFO  [ref-critical-dispatcher-5] o.e.m.CandidateGenerator$ - Assembling a block candidate for block #18 from 2 transactions available
20:18:22.049 INFO  [ref-critical-dispatcher-5] o.e.m.CandidateGenerator$ - No fee proposition found in txs List(626ed283968de71f2aefb206f654cc3fe74b355fdcfa1df71248735bcdef5644) 
20:18:22.064 INFO  [ref-critical-dispatcher-5] o.e.m.CandidateGenerator$ - Got candidate block at height 18 with 3 transactions, msg eccb6ee49e2e66326c62c76c5f48f0a91994400419ed795818d307dcca6919e7
20:18:22.064 INFO  [ref-critical-dispatcher-5] o.e.m.CandidateGenerator - Generated new candidate in 24 ms
20:18:23.072 INFO  [tor.default-dispatcher-21] o.e.m.ErgoMiningThread - Found solution, sending it for validation
20:18:23.073 INFO  [ref-critical-dispatcher-5] o.e.m.CandidateGenerator - New block mined, header: Header({"extensionId":"7ec814477a84a568a29ee0947e83e906085acfcc66963fae63be6a1a2c44d3f1","difficulty":"1","votes":"000000","timestamp":1791595102043,"size":218,"unparsedBytes":"","stateRoot":"b9befb8132ee841b6117f2a190eb6b911e16797faaac4af32f553f4c9dc8446305","height":18,"nBits":16842752,"version":4,"id":"13f0a37862395be419afa8f07c7bef60db5e90fd44a5e7c11f72e51862117175","adProofsRoot":"975e58ebb6f2d8c55df1d17864cc489c7c48bbcf6dfce809a80003ee6ceb406c","transactionsRoot":"25a68a9172314356bc008b9b55044d54037b0f9452b41510ad21ed704eb5c95e","extensionHash":"010c174948fb8a4de6c67b78e148280ec28506589c5c59bcf26ab5ddbecfb9a4","powSolutions":{"pk":"038b0f29a60fa8d7e1aeafbe512288a6c6bc696547bbf8247db23c95e83014513c","w":"023e0ca955f874b68629bd48352c2f3d35f160919d6a8329195fbdbc427d32da21","n":"0000000000000000","d":67217630240994606870318848493550599886501300173525633280064931279147412464908},"adProofsId":"6320800bbff444d1406fd4c5c25b342699d98555c3c0e42ccc6ee19c2f05ec79","transactionsId":"8fd957b3d8644a67f3f4e7481d5bab74226eb9fb2c2ba8039926e2d7637e4fe6","parentId":"d8329f370f3905aca1fb355765ec37b950c908d2a623d5a78cb710d03ceafc95"})
20:18:23.075 INFO  [ref-critical-dispatcher-5] o.e.m.CandidateGenerator - New block 13f0a37862395be419afa8f07c7bef60db5e90fd44a5e7c11f72e51862117175 w. nonce 0
20:18:23.075 INFO  [ref-critical-dispatcher-5] o.e.m.CandidateGenerator - Processed solution AutolykosSolution(Ecp((4e29d12087d02e51f19950b67875289ed9e4872dbd1c170bace513f9c7b49eb0,2b9e7178d74f049e4796e8e263ce297d8fb9568829a4af7ed225550eed6b03cf,b53f31722529e29f5ca36d8613d5ea342389639c8b43f68f32b538641b18e9e0)),Ecp((6ba4de9c2e8b76c920a12695a51a5e5863417fdfdc539a6c766a810b70156c1c,ac2fc211b4a47acc395ad8d6d90c42e51708ed9e8994421ebb4e6773cf166ff9,59a48acf47ce46504b50041184d1899647df4e02576dc281ac3f716832648d7b)),[B@631ed7d9,67217630240994606870318848493550599886501300173525633280064931279147412464908) with the result Success(())
20:18:23.075 INFO  [tor.default-dispatcher-21] o.e.n.ErgoNodeViewSynchronizer - Immediately announcing newly mined block 13f0a37862395be419afa8f07c7bef60db5e90fd44a5e7c11f72e51862117175 at height 18 to all peers
20:18:23.075 INFO  [ef-critical-dispatcher-23] o.e.n.UtxoNodeViewHolder - Got locally generated modifier 13f0a37862395be419afa8f07c7bef60db5e90fd44a5e7c11f72e51862117175 of type 101
20:18:23.075 INFO  [tor.default-dispatcher-18] o.e.m.ErgoMiningThread - Solution accepted
20:18:23.075 INFO  [ef-critical-dispatcher-23] o.e.n.UtxoNodeViewHolder - Apply modifier 13f0a37862395be419afa8f07c7bef60db5e90fd44a5e7c11f72e51862117175 of type 101 to nodeViewHolder
20:18:23.077 INFO  [ef-critical-dispatcher-23] o.e.n.h.ErgoHistory$$anon$1 - New best header 13f0a37862395be419afa8f07c7bef60db5e90fd44a5e7c11f72e51862117175 with score 18. New height 18, old height 17
20:18:23.078 WARN  [tor.default-dispatcher-18] o.e.n.ErgoNodeViewSynchronizer - No peers available in requestDownload
20:18:23.078 INFO  [ef-critical-dispatcher-23] o.e.n.UtxoNodeViewHolder - Got locally generated modifier 8fd957b3d8644a67f3f4e7481d5bab74226eb9fb2c2ba8039926e2d7637e4fe6 of type 102
20:18:23.078 INFO  [ef-critical-dispatcher-23] o.e.n.UtxoNodeViewHolder - Apply modifier 8fd957b3d8644a67f3f4e7481d5bab74226eb9fb2c2ba8039926e2d7637e4fe6 of type 102 to nodeViewHolder
20:18:23.079 INFO  [ef-critical-dispatcher-23] o.e.n.UtxoNodeViewHolder - Got locally generated modifier 7ec814477a84a568a29ee0947e83e906085acfcc66963fae63be6a1a2c44d3f1 of type 108
20:18:23.079 INFO  [ef-critical-dispatcher-23] o.e.n.UtxoNodeViewHolder - Apply modifier 7ec814477a84a568a29ee0947e83e906085acfcc66963fae63be6a1a2c44d3f1 of type 108 to nodeViewHolder
20:18:23.080 INFO  [ef-critical-dispatcher-23] o.e.n.h.ErgoHistory$$anon$1 - Full block 13f0a37862395be419afa8f07c7bef60db5e90fd44a5e7c11f72e51862117175 appended, going to apply 1 modifiers. New best block is 13f0a37862395be419afa8f07c7bef60db5e90fd44a5e7c11f72e51862117175 with height 18 updates block d8329f370f3905aca1fb355765ec37b950c908d2a623d5a78cb710d03ceafc95 with height 17
20:18:23.089 INFO  [ef-critical-dispatcher-23] o.e.n.UtxoNodeViewHolder - Apply modifier 6320800bbff444d1406fd4c5c25b342699d98555c3c0e42ccc6ee19c2f05ec79 of type 104 to nodeViewHolder
20:18:23.089 INFO  [ef-critical-dispatcher-23] o.e.n.state.UtxoState - Valid modifier with header 13f0a37862395be419afa8f07c7bef60db5e90fd44a5e7c11f72e51862117175 and emission box Some(a85ac93bc7a3c1050d1e9105e9d165682561d18f677c1ef6cd81973485eddd9f) applied to UtxoState at height 18
20:18:23.089 INFO  [ef-critical-dispatcher-23] o.e.n.state.UtxoState - checking snapshot for 18, simple check: false
20:18:23.089 INFO  [ref-critical-dispatcher-5] o.e.m.CandidateGenerator - Preparing new candidate on getting new block at 18
20:18:23.092 INFO  [ef-critical-dispatcher-23] o.e.n.UtxoNodeViewHolder - Persistent modifier 7ec814477a84a568a29ee0947e83e906085acfcc66963fae63be6a1a2c44d3f1 applied successfully
20:18:23.092 INFO  [ergoref-api-dispatcher-6] o.e.n.w.ErgoWalletActor - Wallet is going to scan a block 13f0a37862395be419afa8f07c7bef60db5e90fd44a5e7c11f72e51862117175 on chain at height 18
20:18:23.092 INFO  [tor.default-dispatcher-21] o.e.local.MempoolAuditor - Initiating mempool cleanup
20:18:23.092 INFO  [ref-critical-dispatcher-5] o.e.m.CandidateGenerator$ - Emission tx for nextHeight = 19: ErgoTransaction(id: bc187168e0e07849be81b87e431c3006d2885b041021d5d6a4d1f4a218c4fe0a, inputs: [{"boxId":"a85ac93bc7a3c1050d1e9105e9d165682561d18f677c1ef6cd81973485eddd9f","spendingProof":{"proofBytes":"","extension":{}}}], outputs: [{"boxId":"65ada991305edf79ace36ced2f108a300f62400282c92329b85afdae5987f075","value":93407850000000000,"ergoTree":"101004020e351002041408cd0279be667ef9dcbbac55a06295ce870b07029bfcdb2dce28d959f2815b16f81798ea02d192a39a8cc7a7017300730110010204020404040004c0fd4f05808c82f5f6030580b8c9e5ae040580f882ad16040204c0944004c0f407040004000580f882ad16d19683030191a38cc7a7019683020193c2b2a57300007473017302830108cdeeac93a38cc7b2a573030001978302019683040193b1a5730493c2a7c2b2a573050093958fa3730673079973089c73097e9a730a9d99a3730b730c0599c1a7c1b2a5730d00938cc7b2a5730e0001a390c1a7730f","assets":[],"creationHeight":19,"additionalRegisters":{},"transactionId":"bc187168e0e07849be81b87e431c3006d2885b041021d5d6a4d1f4a218c4fe0a","index":0},{"boxId":"80e73c409af8c00254dd0e1e20b31873a294ae932c42eccee7931e9ca50403a2","value":67500000000,"ergoTree":"1002041408cd038b0f29a60fa8d7e1aeafbe512288a6c6bc696547bbf8247db23c95e83014513cea02d192a39a8cc7a70173007301","assets":[],"creationHeight":19,"additionalRegisters":{},"transactionId":"bc187168e0e07849be81b87e431c3006d2885b041021d5d6a4d1f4a218c4fe0a","index":1}], size: 339)
20:18:23.093 INFO  [tor.default-dispatcher-21] o.e.local.MempoolAuditor - Cleanup done. Switching to awaiting mode
20:18:23.095 INFO  [ref-indexer-dispatcher-15] o.e.n.h.extra.ExtraIndexer - Buffered block 18 / 18 [txs: 3, boxes: 6] (buffer: 31 / 20000)
20:18:23.096 INFO  [ref-critical-dispatcher-5] o.e.m.CandidateGenerator$ - Assembling a block candidate for block #19 from 1 transactions available
20:18:23.099 INFO  [ref-critical-dispatcher-5] o.e.m.CandidateGenerator$ - No fee proposition found in txs List(bc187168e0e07849be81b87e431c3006d2885b041021d5d6a4d1f4a218c4fe0a) 
20:18:23.099 INFO  [ref-critical-dispatcher-5] o.e.m.CandidateGenerator$ - Got candidate block at height 19 with 1 transactions, msg dfcc677285eaf9e54d92d02bbe72b232b82ce3a088eb6eb4b7c9e208ffb0396b
20:18:23.099 INFO  [ref-critical-dispatcher-5] o.e.m.CandidateGenerator - Generated new candidate in 10 ms
20:18:23.100 INFO  [ref-critical-dispatcher-5] o.e.m.CandidateGenerator$ - Regenerating block candidate
20:18:23.101 INFO  [ref-critical-dispatcher-5] o.e.m.CandidateGenerator$ - Emission tx for nextHeight = 19: ErgoTransaction(id: bc187168e0e07849be81b87e431c3006d2885b041021d5d6a4d1f4a218c4fe0a, inputs: [{"boxId":"a85ac93bc7a3c1050d1e9105e9d165682561d18f677c1ef6cd81973485eddd9f","spendingProof":{"proofBytes":"","extension":{}}}], outputs: [{"boxId":"65ada991305edf79ace36ced2f108a300f62400282c92329b85afdae5987f075","value":93407850000000000,"ergoTree":"101004020e351002041408cd0279be667ef9dcbbac55a06295ce870b07029bfcdb2dce28d959f2815b16f81798ea02d192a39a8cc7a7017300730110010204020404040004c0fd4f05808c82f5f6030580b8c9e5ae040580f882ad16040204c0944004c0f407040004000580f882ad16d19683030191a38cc7a7019683020193c2b2a57300007473017302830108cdeeac93a38cc7b2a573030001978302019683040193b1a5730493c2a7c2b2a573050093958fa3730673079973089c73097e9a730a9d99a3730b730c0599c1a7c1b2a5730d00938cc7b2a5730e0001a390c1a7730f","assets":[],"creationHeight":19,"additionalRegisters":{},"transactionId":"bc187168e0e07849be81b87e431c3006d2885b041021d5d6a4d1f4a218c4fe0a","index":0},{"boxId":"80e73c409af8c00254dd0e1e20b31873a294ae932c42eccee7931e9ca50403a2","value":67500000000,"ergoTree":"1002041408cd038b0f29a60fa8d7e1aeafbe512288a6c6bc696547bbf8247db23c95e83014513cea02d192a39a8cc7a70173007301","assets":[],"creationHeight":19,"additionalRegisters":{},"transactionId":"bc187168e0e07849be81b87e431c3006d2885b041021d5d6a4d1f4a218c4fe0a","index":1}], size: 339)
20:18:23.104 INFO  [ref-critical-dispatcher-5] o.e.m.CandidateGenerator$ - Assembling a block candidate for block #19 from 1 transactions available
20:18:23.106 INFO  [ref-critical-dispatcher-5] o.e.m.CandidateGenerator$ - No fee proposition found in txs List(bc187168e0e07849be81b87e431c3006d2885b041021d5d6a4d1f4a218c4fe0a) 
20:18:23.107 INFO  [ref-critical-dispatcher-5] o.e.m.CandidateGenerator$ - Got candidate block at height 19 with 1 transactions, msg 95524130581f98952c93188aa3392a6a1c7fadbde50f4df3d1504bff87367426
20:18:23.107 INFO  [ref-critical-dispatcher-5] o.e.m.CandidateGenerator - Generated new candidate in 7 ms
20:18:23.828 WARN  [tor.default-dispatcher-17] o.e.n.ErgoNodeViewSynchronizer - No peers available in requestDownload
20:18:27.148 INFO  [ef-critical-dispatcher-23] o.e.n.mempool.ErgoMemPool - Processing mempool transaction: ErgoTransaction(id: a008bf3c053389486847e06fcff7b55b919f0073c7126f8f3041b587d2222e94, inputs: [{"boxId":"68372e60ab53ceb8972e4124548f54e93093481d685edb4ec50f8b05febb7941","spendingProof":{"proofBytes":"408f0f794dfc3cf34b034f8aafff40df5eb97cde70696c93f45a4e50b78d66d2434b56ec409f2a0b37664bb79685c786876ac61b4c630142","extension":{}}},{"boxId":"c020a84f7f100cbb3ef9aeda136a700cd3caa2d73cce8c5f3e98ccd858659403","spendingProof":{"proofBytes":"df3d4f659b494e41315ca2432ed2ff13f59b2801a99d82df9250081c24b7efe2e1597b9e2aaab360e853a79b07cd3c062958e50e80e80baa","extension":{}}},{"boxId":"db04cbb4d88bd851960c4b355bb3f78f5d9337452a23ff98c8c82cadb8a9d7c5","spendingProof":{"proofBytes":"e37c7b844df733e31a762f3e1d4ec8fc65a5f30cabad05019cfa0f2d822469e7c24cd57dd1334280c3b6295792fb2a50645ffc030830131c","extension":{}}}], outputs: [{"boxId":"e1e6a4c3bb6f84fc91d70f2c0d287e741b1a59328e470b91df79a08093756c36","value":50000000,"ergoTree":"198c030f05000e21038b0f29a60fa8d7e1aeafbe512288a6c6bc696547bbf8247db23c95e83014513c0404050004500428050005c0843d05000504058092f4010414040004080100d802d601e30004d602d901023c630eb0db63088c7202017300d90104414d0ed802d6068c720402d6078c72040195938c7206018c7202029a72078c7206027207eb02cdee7301d195e67201d806d603c2a7d604b5a4d901046393c272047203d605b17204d6069272057302d607b2a5e4720100d608b072047303d9010841639a8c720801c18c72080296830601ec720692a3999a8cc7a7017304730593c272077203af7204d9010963afdb63087209d9010b4d0ed801d60d8c720b0192da72020186027207720db072047306d9010e41639a8c720e01da72020186028c720e02720d92c17207997208957206a19c7e7205057307997208b072047308d901094163a28c720901c18c720902a19dc1a77309730a928cc772070199a3730b95720690b1c37207b07204730cd9010940639a8c720901b1c38c72090290b1c372079ab1c3a7730d730e","assets":[{"tokenId":"1c41655be23d3d1c5271d0b25ff0ce11ddf7c8738a3b647ee31577c1bade8dd4","amount":1}],"creationHeight":18,"additionalRegisters":{},"transactionId":"a008bf3c053389486847e06fcff7b55b919f0073c7126f8f3041b587d2222e94","index":0},{"boxId":"e540dbaf08de2ca3ef3ddcdea483c67ee75a8f513032b59085006e1c9e991486","value":1000000,"ergoTree":"198c030f05000e21038b0f29a60fa8d7e1aeafbe512288a6c6bc696547bbf8247db23c95e83014513c0404050004500428050005c0843d05000504058092f4010414040004080100d802d601e30004d602d901023c630eb0db63088c7202017300d90104414d0ed802d6068c720402d6078c72040195938c7206018c7202029a72078c7206027207eb02cdee7301d195e67201d806d603c2a7d604b5a4d901046393c272047203d605b17204d6069272057302d607b2a5e4720100d608b072047303d9010841639a8c720801c18c72080296830601ec720692a3999a8cc7a7017304730593c272077203af7204d9010963afdb63087209d9010b4d0ed801d60d8c720b0192da72020186027207720db072047306d9010e41639a8c720e01da72020186028c720e02720d92c17207997208957206a19c7e7205057307997208b072047308d901094163a28c720901c18c720902a19dc1a77309730a928cc772070199a3730b95720690b1c37207b07204730cd9010940639a8c720901b1c38c72090290b1c372079ab1c3a7730d730e","assets":[{"tokenId":"1c41655be23d3d1c5271d0b25ff0ce11ddf7c8738a3b647ee31577c1bade8dd4","amount":2}],"creationHeight":18,"additionalRegisters":{},"transactionId":"a008bf3c053389486847e06fcff7b55b919f0073c7126f8f3041b587d2222e94","index":1},{"boxId":"6223c1c07df13df6a187f30f977426213522eac61d13df5352d33a7ad0020357","value":1000000,"ergoTree":"198c030f05000e21038b0f29a60fa8d7e1aeafbe512288a6c6bc696547bbf8247db23c95e83014513c0404050004500428050005c0843d05000504058092f4010414040004080100d802d601e30004d602d901023c630eb0db63088c7202017300d90104414d0ed802d6068c720402d6078c72040195938c7206018c7202029a72078c7206027207eb02cdee7301d195e67201d806d603c2a7d604b5a4d901046393c272047203d605b17204d6069272057302d607b2a5e4720100d608b072047303d9010841639a8c720801c18c72080296830601ec720692a3999a8cc7a7017304730593c272077203af7204d9010963afdb63087209d9010b4d0ed801d60d8c720b0192da72020186027207720db072047306d9010e41639a8c720e01da72020186028c720e02720d92c17207997208957206a19c7e7205057307997208b072047308d901094163a28c720901c18c720902a19dc1a77309730a928cc772070199a3730b95720690b1c37207b07204730cd9010940639a8c720901b1c38c72090290b1c372079ab1c3a7730d730e","assets":[{"tokenId":"1c41655be23d3d1c5271d0b25ff0ce11ddf7c8738a3b647ee31577c1bade8dd4","amount":3}],"creationHeight":18,"additionalRegisters":{},"transactionId":"a008bf3c053389486847e06fcff7b55b919f0073c7126f8f3041b587d2222e94","index":2}] ... (5), size: 1683)
20:18:27.157 INFO  [ref-critical-dispatcher-5] o.e.m.CandidateGenerator$ - Regenerating block candidate
20:18:27.159 INFO  [ref-critical-dispatcher-5] o.e.m.CandidateGenerator$ - Emission tx for nextHeight = 19: ErgoTransaction(id: bc187168e0e07849be81b87e431c3006d2885b041021d5d6a4d1f4a218c4fe0a, inputs: [{"boxId":"a85ac93bc7a3c1050d1e9105e9d165682561d18f677c1ef6cd81973485eddd9f","spendingProof":{"proofBytes":"","extension":{}}}], outputs: [{"boxId":"65ada991305edf79ace36ced2f108a300f62400282c92329b85afdae5987f075","value":93407850000000000,"ergoTree":"101004020e351002041408cd0279be667ef9dcbbac55a06295ce870b07029bfcdb2dce28d959f2815b16f81798ea02d192a39a8cc7a7017300730110010204020404040004c0fd4f05808c82f5f6030580b8c9e5ae040580f882ad16040204c0944004c0f407040004000580f882ad16d19683030191a38cc7a7019683020193c2b2a57300007473017302830108cdeeac93a38cc7b2a573030001978302019683040193b1a5730493c2a7c2b2a573050093958fa3730673079973089c73097e9a730a9d99a3730b730c0599c1a7c1b2a5730d00938cc7b2a5730e0001a390c1a7730f","assets":[],"creationHeight":19,"additionalRegisters":{},"transactionId":"bc187168e0e07849be81b87e431c3006d2885b041021d5d6a4d1f4a218c4fe0a","index":0},{"boxId":"80e73c409af8c00254dd0e1e20b31873a294ae932c42eccee7931e9ca50403a2","value":67500000000,"ergoTree":"1002041408cd038b0f29a60fa8d7e1aeafbe512288a6c6bc696547bbf8247db23c95e83014513cea02d192a39a8cc7a70173007301","assets":[],"creationHeight":19,"additionalRegisters":{},"transactionId":"bc187168e0e07849be81b87e431c3006d2885b041021d5d6a4d1f4a218c4fe0a","index":1}], size: 339)
20:18:27.163 INFO  [ref-critical-dispatcher-5] o.e.m.CandidateGenerator$ - Assembling a block candidate for block #19 from 2 transactions available
20:18:27.165 INFO  [ref-critical-dispatcher-5] o.e.m.CandidateGenerator$ - No fee proposition found in txs List(bc187168e0e07849be81b87e431c3006d2885b041021d5d6a4d1f4a218c4fe0a) 
20:18:27.171 INFO  [ref-critical-dispatcher-5] o.e.m.CandidateGenerator$ - Got candidate block at height 19 with 3 transactions, msg 7460002cc338e32ec1af043e71fd38ab0b8799371df8a22baf07240673b02ee3
20:18:27.171 INFO  [ref-critical-dispatcher-5] o.e.m.CandidateGenerator - Generated new candidate in 14 ms
20:18:28.091 INFO  [tor.default-dispatcher-17] o.e.m.ErgoMiningThread - Found solution, sending it for validation
20:18:28.092 INFO  [ref-critical-dispatcher-5] o.e.m.CandidateGenerator - New block mined, header: Header({"extensionId":"e7c97598970a8193acb525b48071e2eb1b2221510d3949490d493f0138dc94ff","difficulty":"1","votes":"000000","timestamp":1791595107159,"size":218,"unparsedBytes":"","stateRoot":"99056c147d0d598a374b739e6710ba94c1e99a0bf925aff57d6c4f1081af709b06","height":19,"nBits":16842752,"version":4,"id":"cff0d92a700a500ba45784e79045e4409ee5a1989c5ffb55f1e66c9fd8b5d52a","adProofsRoot":"31c4a1a68978255fc94eafa7b8e564244a5b964bc50855bd5c83964ad368df0c","transactionsRoot":"5fa338cc4fe8d07193f06ab928d3a131a804cb5af990cc6c5a65f10b99d618d3","extensionHash":"010c174948fb8a4de6c67b78e148280ec28506589c5c59bcf26ab5ddbecfb9a4","powSolutions":{"pk":"038b0f29a60fa8d7e1aeafbe512288a6c6bc696547bbf8247db23c95e83014513c","w":"02972bed4853cb38b97bb2b090deaa13eb7a0f06c86aa91309d8487f9844bf009f","n":"0000000000000000","d":29355135388989393240338847859622857639011481415004961750504847425797848503100},"adProofsId":"1aaae019f8d6abb90efb1f605705774f4d943d937dcc4779e02b767ebf75a2f3","transactionsId":"150b88fcb9705427f44bca3cff913a0f97df750b3929903314a662de93d563ff","parentId":"13f0a37862395be419afa8f07c7bef60db5e90fd44a5e7c11f72e51862117175"})
20:18:28.093 INFO  [ref-critical-dispatcher-5] o.e.m.CandidateGenerator - New block cff0d92a700a500ba45784e79045e4409ee5a1989c5ffb55f1e66c9fd8b5d52a w. nonce 0
20:18:28.093 INFO  [tor.default-dispatcher-17] o.e.n.ErgoNodeViewSynchronizer - Immediately announcing newly mined block cff0d92a700a500ba45784e79045e4409ee5a1989c5ffb55f1e66c9fd8b5d52a at height 19 to all peers
20:18:28.093 INFO  [ef-critical-dispatcher-23] o.e.n.UtxoNodeViewHolder - Got locally generated modifier cff0d92a700a500ba45784e79045e4409ee5a1989c5ffb55f1e66c9fd8b5d52a of type 101
20:18:28.093 INFO  [ref-critical-dispatcher-5] o.e.m.CandidateGenerator - Processed solution AutolykosSolution(Ecp((4e29d12087d02e51f19950b67875289ed9e4872dbd1c170bace513f9c7b49eb0,2b9e7178d74f049e4796e8e263ce297d8fb9568829a4af7ed225550eed6b03cf,b53f31722529e29f5ca36d8613d5ea342389639c8b43f68f32b538641b18e9e0)),Ecp((c894b755828ca5dd2c3692210097706e3ece868da0527131236688c333d49e76,55acbf7913ce93b68ca3bbc99735e510375bc5c953e3b63f6924312fb177eb04,f8ec3f86437ec6861fb6118d195bef3bafeb4d8c7ea57c2c516b10f22dd1c287)),[B@1cf2bde8,29355135388989393240338847859622857639011481415004961750504847425797848503100) with the result Success(())
20:18:28.093 INFO  [ef-critical-dispatcher-23] o.e.n.UtxoNodeViewHolder - Apply modifier cff0d92a700a500ba45784e79045e4409ee5a1989c5ffb55f1e66c9fd8b5d52a of type 101 to nodeViewHolder
20:18:28.093 INFO  [tor.default-dispatcher-17] o.e.m.ErgoMiningThread - Solution accepted
20:18:28.094 INFO  [ef-critical-dispatcher-23] o.e.n.h.ErgoHistory$$anon$1 - New best header cff0d92a700a500ba45784e79045e4409ee5a1989c5ffb55f1e66c9fd8b5d52a with score 19. New height 19, old height 18
20:18:28.095 WARN  [tor.default-dispatcher-18] o.e.n.ErgoNodeViewSynchronizer - No peers available in requestDownload
20:18:28.095 INFO  [ef-critical-dispatcher-23] o.e.n.UtxoNodeViewHolder - Got locally generated modifier 150b88fcb9705427f44bca3cff913a0f97df750b3929903314a662de93d563ff of type 102
20:18:28.095 INFO  [ef-critical-dispatcher-23] o.e.n.UtxoNodeViewHolder - Apply modifier 150b88fcb9705427f44bca3cff913a0f97df750b3929903314a662de93d563ff of type 102 to nodeViewHolder
20:18:28.097 INFO  [ef-critical-dispatcher-23] o.e.n.UtxoNodeViewHolder - Got locally generated modifier e7c97598970a8193acb525b48071e2eb1b2221510d3949490d493f0138dc94ff of type 108
20:18:28.097 INFO  [ef-critical-dispatcher-23] o.e.n.UtxoNodeViewHolder - Apply modifier e7c97598970a8193acb525b48071e2eb1b2221510d3949490d493f0138dc94ff of type 108 to nodeViewHolder
20:18:28.098 INFO  [ef-critical-dispatcher-23] o.e.n.h.ErgoHistory$$anon$1 - Full block cff0d92a700a500ba45784e79045e4409ee5a1989c5ffb55f1e66c9fd8b5d52a appended, going to apply 1 modifiers. New best block is cff0d92a700a500ba45784e79045e4409ee5a1989c5ffb55f1e66c9fd8b5d52a with height 19 updates block 13f0a37862395be419afa8f07c7bef60db5e90fd44a5e7c11f72e51862117175 with height 18
20:18:28.106 INFO  [ef-critical-dispatcher-23] o.e.n.UtxoNodeViewHolder - Apply modifier 1aaae019f8d6abb90efb1f605705774f4d943d937dcc4779e02b767ebf75a2f3 of type 104 to nodeViewHolder
20:18:28.107 INFO  [ef-critical-dispatcher-23] o.e.n.state.UtxoState - Valid modifier with header cff0d92a700a500ba45784e79045e4409ee5a1989c5ffb55f1e66c9fd8b5d52a and emission box Some(65ada991305edf79ace36ced2f108a300f62400282c92329b85afdae5987f075) applied to UtxoState at height 19
20:18:28.107 INFO  [ef-critical-dispatcher-23] o.e.n.state.UtxoState - checking snapshot for 19, simple check: false
20:18:28.107 INFO  [ref-critical-dispatcher-5] o.e.m.CandidateGenerator - Preparing new candidate on getting new block at 19
20:18:28.107 INFO  [ef-critical-dispatcher-23] o.e.n.UtxoNodeViewHolder - Persistent modifier e7c97598970a8193acb525b48071e2eb1b2221510d3949490d493f0138dc94ff applied successfully
20:18:28.108 INFO  [tor.default-dispatcher-17] o.e.local.MempoolAuditor - Initiating mempool cleanup
20:18:28.108 INFO  [ergoref-api-dispatcher-6] o.e.n.w.ErgoWalletActor - Wallet is going to scan a block cff0d92a700a500ba45784e79045e4409ee5a1989c5ffb55f1e66c9fd8b5d52a on chain at height 19
20:18:28.108 INFO  [tor.default-dispatcher-21] o.e.local.MempoolAuditor - Cleanup done. Switching to awaiting mode
20:18:28.113 INFO  [ref-critical-dispatcher-5] o.e.m.CandidateGenerator$ - Emission tx for nextHeight = 20: ErgoTransaction(id: 1b1f337231846eaac1d481d2b1c24363a4183516db952977237fe74cc20f5c03, inputs: [{"boxId":"65ada991305edf79ace36ced2f108a300f62400282c92329b85afdae5987f075","spendingProof":{"proofBytes":"","extension":{}}}], outputs: [{"boxId":"aee7c91852192b2c4615b009f5293c8973a603f9c5b3bef12cbdb6fdd3aa5d50","value":93407782500000000,"ergoTree":"101004020e351002041408cd0279be667ef9dcbbac55a06295ce870b07029bfcdb2dce28d959f2815b16f81798ea02d192a39a8cc7a7017300730110010204020404040004c0fd4f05808c82f5f6030580b8c9e5ae040580f882ad16040204c0944004c0f407040004000580f882ad16d19683030191a38cc7a7019683020193c2b2a57300007473017302830108cdeeac93a38cc7b2a573030001978302019683040193b1a5730493c2a7c2b2a573050093958fa3730673079973089c73097e9a730a9d99a3730b730c0599c1a7c1b2a5730d00938cc7b2a5730e0001a390c1a7730f","assets":[],"creationHeight":20,"additionalRegisters":{},"transactionId":"1b1f337231846eaac1d481d2b1c24363a4183516db952977237fe74cc20f5c03","index":0},{"boxId":"d5b43dd1b22f0a3681780c000701d76300720ca25c13434994820eec0097ed54","value":67500000000,"ergoTree":"1002041408cd038b0f29a60fa8d7e1aeafbe512288a6c6bc696547bbf8247db23c95e83014513cea02d192a39a8cc7a70173007301","assets":[],"creationHeight":20,"additionalRegisters":{},"transactionId":"1b1f337231846eaac1d481d2b1c24363a4183516db952977237fe74cc20f5c03","index":1}], size: 339)
20:18:28.114 INFO  [ref-indexer-dispatcher-15] o.e.n.h.extra.ExtraIndexer - Buffered block 19 / 19 [txs: 3, boxes: 8] (buffer: 37 / 20000)
20:18:28.119 INFO  [ref-critical-dispatcher-5] o.e.m.CandidateGenerator$ - Assembling a block candidate for block #20 from 1 transactions available
20:18:28.122 INFO  [ref-critical-dispatcher-5] o.e.m.CandidateGenerator$ - No fee proposition found in txs List(1b1f337231846eaac1d481d2b1c24363a4183516db952977237fe74cc20f5c03) 
20:18:28.123 INFO  [ref-critical-dispatcher-5] o.e.m.CandidateGenerator$ - Got candidate block at height 20 with 1 transactions, msg 1c5243cbd4562b25e56d0e37fb20bf2946b1720a57223de85d77822a4ad53277
20:18:28.123 INFO  [ref-critical-dispatcher-5] o.e.m.CandidateGenerator - Generated new candidate in 16 ms
20:18:28.123 INFO  [ef-critical-dispatcher-23] o.e.m.CandidateGenerator$ - Regenerating block candidate
20:18:28.124 INFO  [ef-critical-dispatcher-23] o.e.m.CandidateGenerator$ - Emission tx for nextHeight = 20: ErgoTransaction(id: 1b1f337231846eaac1d481d2b1c24363a4183516db952977237fe74cc20f5c03, inputs: [{"boxId":"65ada991305edf79ace36ced2f108a300f62400282c92329b85afdae5987f075","spendingProof":{"proofBytes":"","extension":{}}}], outputs: [{"boxId":"aee7c91852192b2c4615b009f5293c8973a603f9c5b3bef12cbdb6fdd3aa5d50","value":93407782500000000,"ergoTree":"101004020e351002041408cd0279be667ef9dcbbac55a06295ce870b07029bfcdb2dce28d959f2815b16f81798ea02d192a39a8cc7a7017300730110010204020404040004c0fd4f05808c82f5f6030580b8c9e5ae040580f882ad16040204c0944004c0f407040004000580f882ad16d19683030191a38cc7a7019683020193c2b2a57300007473017302830108cdeeac93a38cc7b2a573030001978302019683040193b1a5730493c2a7c2b2a573050093958fa3730673079973089c73097e9a730a9d99a3730b730c0599c1a7c1b2a5730d00938cc7b2a5730e0001a390c1a7730f","assets":[],"creationHeight":20,"additionalRegisters":{},"transactionId":"1b1f337231846eaac1d481d2b1c24363a4183516db952977237fe74cc20f5c03","index":0},{"boxId":"d5b43dd1b22f0a3681780c000701d76300720ca25c13434994820eec0097ed54","value":67500000000,"ergoTree":"1002041408cd038b0f29a60fa8d7e1aeafbe512288a6c6bc696547bbf8247db23c95e83014513cea02d192a39a8cc7a70173007301","assets":[],"creationHeight":20,"additionalRegisters":{},"transactionId":"1b1f337231846eaac1d481d2b1c24363a4183516db952977237fe74cc20f5c03","index":1}], size: 339)
20:18:28.128 INFO  [ef-critical-dispatcher-23] o.e.m.CandidateGenerator$ - Assembling a block candidate for block #20 from 1 transactions available
20:18:28.130 INFO  [ef-critical-dispatcher-23] o.e.m.CandidateGenerator$ - No fee proposition found in txs List(1b1f337231846eaac1d481d2b1c24363a4183516db952977237fe74cc20f5c03) 
20:18:28.131 INFO  [ef-critical-dispatcher-23] o.e.m.CandidateGenerator$ - Got candidate block at height 20 with 1 transactions, msg ace089ab66bdc41d6fa51c7c15cd1a9945bcf941583ba637ab1a578d6ab4294b
20:18:28.131 INFO  [ef-critical-dispatcher-23] o.e.m.CandidateGenerator - Generated new candidate in 8 ms
20:18:28.829 WARN  [tor.default-dispatcher-18] o.e.n.ErgoNodeViewSynchronizer - No peers available in requestDownload
20:18:33.114 INFO  [tor.default-dispatcher-21] o.e.m.ErgoMiningThread - Found solution, sending it for validation
20:18:33.116 INFO  [ef-critical-dispatcher-23] o.e.m.CandidateGenerator - New block mined, header: Header({"extensionId":"15498a4e28e76004f238fc6ebc25b95dc01b772e281d06f2abd1bd61769c9742","difficulty":"1","votes":"000000","timestamp":1791595108125,"size":218,"unparsedBytes":"","stateRoot":"d316a8f8c54b23bdfb4550875d1197a95c77583bf28a5a496f6fc11ab3a1b09206","height":20,"nBits":16842752,"version":4,"id":"c85a6fbd7fc633b5f40768e455c8f61920435a646fb47cc4bb8a85337a153cff","adProofsRoot":"46aabd07f8bb25830222271f44f56b44fce9cdd568e6a221f86f33cfe4101f7b","transactionsRoot":"a26e85f637ac3a55f58f0d64012f09df91045f72d05a07a7b55edf83e4cc3e9a","extensionHash":"dd3f0d8ef8a7478cd0c320a92d9a6771a67b3b20e445444e24e79fc65b15a39a","powSolutions":{"pk":"038b0f29a60fa8d7e1aeafbe512288a6c6bc696547bbf8247db23c95e83014513c","w":"02774068876fa31b1318999be8f1f4017314558097d5aa165de782c5a7a6cac70b","n":"0000000000000000","d":106164668866737915727220452604286516561608274529933371047515142318755991213464},"adProofsId":"8e8be8e3ae011e1e794f997b4b6ca5ba44942722e3de9e6e2d49156025371228","transactionsId":"a7b50c59e61a9eb426cb598ecde11b6105c3039b2f4360bb626e8273402a9f12","parentId":"cff0d92a700a500ba45784e79045e4409ee5a1989c5ffb55f1e66c9fd8b5d52a"})
20:18:33.117 INFO  [ef-critical-dispatcher-23] o.e.m.CandidateGenerator - New block c85a6fbd7fc633b5f40768e455c8f61920435a646fb47cc4bb8a85337a153cff w. nonce 0
20:18:33.117 INFO  [tor.default-dispatcher-21] o.e.n.ErgoNodeViewSynchronizer - Immediately announcing newly mined block c85a6fbd7fc633b5f40768e455c8f61920435a646fb47cc4bb8a85337a153cff at height 20 to all peers
20:18:33.117 INFO  [ref-critical-dispatcher-5] o.e.n.UtxoNodeViewHolder - Got locally generated modifier c85a6fbd7fc633b5f40768e455c8f61920435a646fb47cc4bb8a85337a153cff of type 101
20:18:33.117 INFO  [ef-critical-dispatcher-23] o.e.m.CandidateGenerator - Processed solution AutolykosSolution(Ecp((4e29d12087d02e51f19950b67875289ed9e4872dbd1c170bace513f9c7b49eb0,2b9e7178d74f049e4796e8e263ce297d8fb9568829a4af7ed225550eed6b03cf,b53f31722529e29f5ca36d8613d5ea342389639c8b43f68f32b538641b18e9e0)),Ecp((1681bd6ee1ed896d61d14b102aec01f37811fed17c7deddf87b015bcc51ab999,bf150a5ff2313a1d3a2e55065edf2f43d8fc77028b62440875a90c8dfcb8b7c4,ca0d67c6926650f0e911660cd1092b588417303554a8fb79c6c9631f8c1d2041)),[B@6419f805,106164668866737915727220452604286516561608274529933371047515142318755991213464) with the result Success(())
20:18:33.117 INFO  [ref-critical-dispatcher-5] o.e.n.UtxoNodeViewHolder - Apply modifier c85a6fbd7fc633b5f40768e455c8f61920435a646fb47cc4bb8a85337a153cff of type 101 to nodeViewHolder
20:18:33.117 INFO  [tor.default-dispatcher-21] o.e.m.ErgoMiningThread - Solution accepted
20:18:33.118 INFO  [ref-critical-dispatcher-5] o.e.n.h.ErgoHistory$$anon$1 - New best header c85a6fbd7fc633b5f40768e455c8f61920435a646fb47cc4bb8a85337a153cff with score 20. New height 20, old height 19
20:18:33.119 INFO  [ref-critical-dispatcher-5] o.e.n.UtxoNodeViewHolder - Got locally generated modifier a7b50c59e61a9eb426cb598ecde11b6105c3039b2f4360bb626e8273402a9f12 of type 102
20:18:33.119 INFO  [ref-critical-dispatcher-5] o.e.n.UtxoNodeViewHolder - Apply modifier a7b50c59e61a9eb426cb598ecde11b6105c3039b2f4360bb626e8273402a9f12 of type 102 to nodeViewHolder
20:18:33.120 INFO  [ref-critical-dispatcher-5] o.e.n.UtxoNodeViewHolder - Got locally generated modifier 15498a4e28e76004f238fc6ebc25b95dc01b772e281d06f2abd1bd61769c9742 of type 108
20:18:33.120 INFO  [ref-critical-dispatcher-5] o.e.n.UtxoNodeViewHolder - Apply modifier 15498a4e28e76004f238fc6ebc25b95dc01b772e281d06f2abd1bd61769c9742 of type 108 to nodeViewHolder
20:18:33.121 WARN  [tor.default-dispatcher-21] o.e.n.ErgoNodeViewSynchronizer - No peers available in requestDownload
20:18:33.122 INFO  [ref-critical-dispatcher-5] o.e.n.h.ErgoHistory$$anon$1 - Full block c85a6fbd7fc633b5f40768e455c8f61920435a646fb47cc4bb8a85337a153cff appended, going to apply 1 modifiers. New best block is c85a6fbd7fc633b5f40768e455c8f61920435a646fb47cc4bb8a85337a153cff with height 20 updates block cff0d92a700a500ba45784e79045e4409ee5a1989c5ffb55f1e66c9fd8b5d52a with height 19
20:18:33.132 INFO  [ref-critical-dispatcher-5] o.e.n.UtxoNodeViewHolder - Apply modifier 8e8be8e3ae011e1e794f997b4b6ca5ba44942722e3de9e6e2d49156025371228 of type 104 to nodeViewHolder
20:18:33.132 INFO  [ref-critical-dispatcher-5] o.e.n.state.UtxoState - Valid modifier with header c85a6fbd7fc633b5f40768e455c8f61920435a646fb47cc4bb8a85337a153cff and emission box Some(aee7c91852192b2c4615b009f5293c8973a603f9c5b3bef12cbdb6fdd3aa5d50) applied to UtxoState at height 20
20:18:33.132 INFO  [ref-critical-dispatcher-5] o.e.n.state.UtxoState - checking snapshot for 20, simple check: false
20:18:33.133 INFO  [ef-critical-dispatcher-23] o.e.m.CandidateGenerator - Preparing new candidate on getting new block at 20
20:18:33.133 INFO  [tor.default-dispatcher-21] o.e.local.MempoolAuditor - Initiating mempool cleanup
20:18:33.133 INFO  [ref-critical-dispatcher-5] o.e.n.UtxoNodeViewHolder - Persistent modifier 15498a4e28e76004f238fc6ebc25b95dc01b772e281d06f2abd1bd61769c9742 applied successfully
20:18:33.133 INFO  [ergoref-api-dispatcher-6] o.e.n.w.ErgoWalletActor - Wallet is going to scan a block c85a6fbd7fc633b5f40768e455c8f61920435a646fb47cc4bb8a85337a153cff on chain at height 20
20:18:33.133 INFO  [tor.default-dispatcher-21] o.e.local.MempoolAuditor - Cleanup done. Switching to awaiting mode
20:18:33.135 INFO  [ref-indexer-dispatcher-15] o.e.n.h.extra.ExtraIndexer - Buffered block 20 / 20 [txs: 1, boxes: 2] (buffer: 11 / 20000)
20:18:33.134 INFO  [ef-critical-dispatcher-23] o.e.m.CandidateGenerator$ - Emission tx for nextHeight = 21: ErgoTransaction(id: b718e21efb5aa59d9913032554bd93ca1395dac39446c562ca1e33de450021a2, inputs: [{"boxId":"aee7c91852192b2c4615b009f5293c8973a603f9c5b3bef12cbdb6fdd3aa5d50","spendingProof":{"proofBytes":"","extension":{}}}], outputs: [{"boxId":"d87c7ed94871f8ce07e7d653c4418638e7e89c7257b9ded6009c66594ce4caf5","value":93407715000000000,"ergoTree":"101004020e351002041408cd0279be667ef9dcbbac55a06295ce870b07029bfcdb2dce28d959f2815b16f81798ea02d192a39a8cc7a7017300730110010204020404040004c0fd4f05808c82f5f6030580b8c9e5ae040580f882ad16040204c0944004c0f407040004000580f882ad16d19683030191a38cc7a7019683020193c2b2a57300007473017302830108cdeeac93a38cc7b2a573030001978302019683040193b1a5730493c2a7c2b2a573050093958fa3730673079973089c73097e9a730a9d99a3730b730c0599c1a7c1b2a5730d00938cc7b2a5730e0001a390c1a7730f","assets":[],"creationHeight":21,"additionalRegisters":{},"transactionId":"b718e21efb5aa59d9913032554bd93ca1395dac39446c562ca1e33de450021a2","index":0},{"boxId":"f60611a114de935e8742f95131e1f9c4252f44cc112089d1ebaa1d1e26308028","value":67500000000,"ergoTree":"1002041408cd038b0f29a60fa8d7e1aeafbe512288a6c6bc696547bbf8247db23c95e83014513cea02d192a39a8cc7a70173007301","assets":[],"creationHeight":21,"additionalRegisters":{},"transactionId":"b718e21efb5aa59d9913032554bd93ca1395dac39446c562ca1e33de450021a2","index":1}], size: 339)
20:18:33.138 INFO  [ef-critical-dispatcher-23] o.e.m.CandidateGenerator$ - Assembling a block candidate for block #21 from 1 transactions available
20:18:33.141 INFO  [ef-critical-dispatcher-23] o.e.m.CandidateGenerator$ - No fee proposition found in txs List(b718e21efb5aa59d9913032554bd93ca1395dac39446c562ca1e33de450021a2) 
20:18:33.142 INFO  [ef-critical-dispatcher-23] o.e.m.CandidateGenerator$ - Got candidate block at height 21 with 1 transactions, msg 177cfa722fd5bf45ff98475aad40323cfab6ff8d03e29cf1c4a6230cb809d2a3
20:18:33.142 INFO  [ef-critical-dispatcher-23] o.e.m.CandidateGenerator - Generated new candidate in 9 ms
20:18:33.142 INFO  [ef-critical-dispatcher-23] o.e.m.CandidateGenerator$ - Regenerating block candidate
20:18:33.144 INFO  [ef-critical-dispatcher-23] o.e.m.CandidateGenerator$ - Emission tx for nextHeight = 21: ErgoTransaction(id: b718e21efb5aa59d9913032554bd93ca1395dac39446c562ca1e33de450021a2, inputs: [{"boxId":"aee7c91852192b2c4615b009f5293c8973a603f9c5b3bef12cbdb6fdd3aa5d50","spendingProof":{"proofBytes":"","extension":{}}}], outputs: [{"boxId":"d87c7ed94871f8ce07e7d653c4418638e7e89c7257b9ded6009c66594ce4caf5","value":93407715000000000,"ergoTree":"101004020e351002041408cd0279be667ef9dcbbac55a06295ce870b07029bfcdb2dce28d959f2815b16f81798ea02d192a39a8cc7a7017300730110010204020404040004c0fd4f05808c82f5f6030580b8c9e5ae040580f882ad16040204c0944004c0f407040004000580f882ad16d19683030191a38cc7a7019683020193c2b2a57300007473017302830108cdeeac93a38cc7b2a573030001978302019683040193b1a5730493c2a7c2b2a573050093958fa3730673079973089c73097e9a730a9d99a3730b730c0599c1a7c1b2a5730d00938cc7b2a5730e0001a390c1a7730f","assets":[],"creationHeight":21,"additionalRegisters":{},"transactionId":"b718e21efb5aa59d9913032554bd93ca1395dac39446c562ca1e33de450021a2","index":0},{"boxId":"f60611a114de935e8742f95131e1f9c4252f44cc112089d1ebaa1d1e26308028","value":67500000000,"ergoTree":"1002041408cd038b0f29a60fa8d7e1aeafbe512288a6c6bc696547bbf8247db23c95e83014513cea02d192a39a8cc7a70173007301","assets":[],"creationHeight":21,"additionalRegisters":{},"transactionId":"b718e21efb5aa59d9913032554bd93ca1395dac39446c562ca1e33de450021a2","index":1}], size: 339)
20:18:33.149 INFO  [ef-critical-dispatcher-23] o.e.m.CandidateGenerator$ - Assembling a block candidate for block #21 from 1 transactions available
20:18:33.151 INFO  [ef-critical-dispatcher-23] o.e.m.CandidateGenerator$ - No fee proposition found in txs List(b718e21efb5aa59d9913032554bd93ca1395dac39446c562ca1e33de450021a2) 
20:18:33.152 INFO  [ef-critical-dispatcher-23] o.e.m.CandidateGenerator$ - Got candidate block at height 21 with 1 transactions, msg 01e738106796fcf0e251f0982ab5b00485a2648a478e1caf34ebb52d9d46ca5b
20:18:33.152 INFO  [ef-critical-dispatcher-23] o.e.m.CandidateGenerator - Generated new candidate in 10 ms
20:18:33.828 WARN  [tor.default-dispatcher-21] o.e.n.ErgoNodeViewSynchronizer - No peers available in requestDownload
20:18:38.135 INFO  [tor.default-dispatcher-21] o.e.m.ErgoMiningThread - Found solution, sending it for validation
20:18:38.138 INFO  [ef-critical-dispatcher-23] o.e.m.CandidateGenerator - New block mined, header: Header({"extensionId":"fcfd350742942d7adce8c4ef39bf6beec651645e878a906f2234c0b19e9d1554","difficulty":"1","votes":"000000","timestamp":1791595113144,"size":218,"unparsedBytes":"","stateRoot":"66de213efdc6f81d2b8134eeca7de16437d7d32d8a795ed954f77e01f8a4befe06","height":21,"nBits":16842752,"version":4,"id":"e8530b22a8193ec8ba852ae52c152c6df8f8f17f07c4ca72972193ef9c5a401f","adProofsRoot":"a83e57996c939db3abaaba6cecf6719d819cff8f094764bd277c7f97c8e1c8e8","transactionsRoot":"f39b6560750eb6963f6edbef702bbd36aa663308ca11a6bcea1f3188fbc7d33d","extensionHash":"f02c17f95493d95c3b39beb5b544cc904b55b83ba84cb4ce639c267c7186aec2","powSolutions":{"pk":"038b0f29a60fa8d7e1aeafbe512288a6c6bc696547bbf8247db23c95e83014513c","w":"02d71e42770419525b043ce5d8ad6ca522e4f73dc3a5a0f12f2bcf349f3c2ea7ca","n":"0000000000000000","d":104487206218097619457185354322944895110134020469168626488479540779894473878688},"adProofsId":"92f1a0be6e16c6106dff364ec3b58d50ebdfdb61edd02c7bbf08234955d1d398","transactionsId":"11bdd72f1cfffbc58c84717733fe9ce0d0b0675385af9947a564240bb48dc9a5","parentId":"c85a6fbd7fc633b5f40768e455c8f61920435a646fb47cc4bb8a85337a153cff"})
20:18:38.142 INFO  [ef-critical-dispatcher-23] o.e.m.CandidateGenerator - New block e8530b22a8193ec8ba852ae52c152c6df8f8f17f07c4ca72972193ef9c5a401f w. nonce 0
20:18:38.142 INFO  [ref-critical-dispatcher-5] o.e.n.UtxoNodeViewHolder - Got locally generated modifier e8530b22a8193ec8ba852ae52c152c6df8f8f17f07c4ca72972193ef9c5a401f of type 101
20:18:38.142 INFO  [ef-critical-dispatcher-23] o.e.m.CandidateGenerator - Processed solution AutolykosSolution(Ecp((4e29d12087d02e51f19950b67875289ed9e4872dbd1c170bace513f9c7b49eb0,2b9e7178d74f049e4796e8e263ce297d8fb9568829a4af7ed225550eed6b03cf,b53f31722529e29f5ca36d8613d5ea342389639c8b43f68f32b538641b18e9e0)),Ecp((c7594784bf3ce210fed8e7ebbf71a68457694d990cebeca55e621f70cb2b84a5,6bf15f15afcd9f8946fdd386fb36813025419057cdc476a5fc95f19294b04a95,7083e36fc3552ac5ca9f6c2ab40491656bdab7dd1a9f8ec888e252b8e968e76d)),[B@2a59a277,104487206218097619457185354322944895110134020469168626488479540779894473878688) with the result Success(())
20:18:38.143 INFO  [ref-critical-dispatcher-5] o.e.n.UtxoNodeViewHolder - Apply modifier e8530b22a8193ec8ba852ae52c152c6df8f8f17f07c4ca72972193ef9c5a401f of type 101 to nodeViewHolder
20:18:38.145 INFO  [tor.default-dispatcher-21] o.e.n.ErgoNodeViewSynchronizer - Immediately announcing newly mined block e8530b22a8193ec8ba852ae52c152c6df8f8f17f07c4ca72972193ef9c5a401f at height 21 to all peers
20:18:38.145 INFO  [ref-critical-dispatcher-5] o.e.n.h.ErgoHistory$$anon$1 - New best header e8530b22a8193ec8ba852ae52c152c6df8f8f17f07c4ca72972193ef9c5a401f with score 21. New height 21, old height 20
20:18:38.145 INFO  [tor.default-dispatcher-18] o.e.m.ErgoMiningThread - Solution accepted
20:18:38.146 WARN  [tor.default-dispatcher-17] o.e.n.ErgoNodeViewSynchronizer - No peers available in requestDownload
20:18:38.147 INFO  [ref-critical-dispatcher-5] o.e.n.UtxoNodeViewHolder - Got locally generated modifier 11bdd72f1cfffbc58c84717733fe9ce0d0b0675385af9947a564240bb48dc9a5 of type 102
20:18:38.147 INFO  [ref-critical-dispatcher-5] o.e.n.UtxoNodeViewHolder - Apply modifier 11bdd72f1cfffbc58c84717733fe9ce0d0b0675385af9947a564240bb48dc9a5 of type 102 to nodeViewHolder
20:18:38.148 INFO  [ref-critical-dispatcher-5] o.e.n.UtxoNodeViewHolder - Got locally generated modifier fcfd350742942d7adce8c4ef39bf6beec651645e878a906f2234c0b19e9d1554 of type 108
20:18:38.148 INFO  [ref-critical-dispatcher-5] o.e.n.UtxoNodeViewHolder - Apply modifier fcfd350742942d7adce8c4ef39bf6beec651645e878a906f2234c0b19e9d1554 of type 108 to nodeViewHolder
20:18:38.150 INFO  [ref-critical-dispatcher-5] o.e.n.h.ErgoHistory$$anon$1 - Full block e8530b22a8193ec8ba852ae52c152c6df8f8f17f07c4ca72972193ef9c5a401f appended, going to apply 1 modifiers. New best block is e8530b22a8193ec8ba852ae52c152c6df8f8f17f07c4ca72972193ef9c5a401f with height 21 updates block c85a6fbd7fc633b5f40768e455c8f61920435a646fb47cc4bb8a85337a153cff with height 20
20:18:38.161 INFO  [ref-critical-dispatcher-5] o.e.n.UtxoNodeViewHolder - Apply modifier 92f1a0be6e16c6106dff364ec3b58d50ebdfdb61edd02c7bbf08234955d1d398 of type 104 to nodeViewHolder
20:18:38.162 INFO  [ref-critical-dispatcher-5] o.e.n.state.UtxoState - Valid modifier with header e8530b22a8193ec8ba852ae52c152c6df8f8f17f07c4ca72972193ef9c5a401f and emission box Some(d87c7ed94871f8ce07e7d653c4418638e7e89c7257b9ded6009c66594ce4caf5) applied to UtxoState at height 21
20:18:38.163 INFO  [ref-critical-dispatcher-5] o.e.n.state.UtxoState - checking snapshot for 21, simple check: false
20:18:38.163 INFO  [ef-critical-dispatcher-23] o.e.m.CandidateGenerator - Preparing new candidate on getting new block at 21
20:18:38.167 INFO  [ref-critical-dispatcher-5] o.e.n.UtxoNodeViewHolder - Persistent modifier fcfd350742942d7adce8c4ef39bf6beec651645e878a906f2234c0b19e9d1554 applied successfully
20:18:38.167 INFO  [ergoref-api-dispatcher-6] o.e.n.w.ErgoWalletActor - Wallet is going to scan a block e8530b22a8193ec8ba852ae52c152c6df8f8f17f07c4ca72972193ef9c5a401f on chain at height 21
20:18:38.170 INFO  [ref-indexer-dispatcher-15] o.e.n.h.extra.ExtraIndexer - Buffered block 21 / 21 [txs: 1, boxes: 2] (buffer: 11 / 20000)
20:18:38.170 INFO  [tor.default-dispatcher-21] o.e.local.MempoolAuditor - Initiating mempool cleanup
20:18:38.171 INFO  [tor.default-dispatcher-17] o.e.local.MempoolAuditor - Cleanup done. Switching to awaiting mode
20:18:38.166 INFO  [ef-critical-dispatcher-23] o.e.m.CandidateGenerator$ - Emission tx for nextHeight = 22: ErgoTransaction(id: 2286062135a6856068691800e016f171e3a9afe71b01979b9a0c4055bc6a03cb, inputs: [{"boxId":"d87c7ed94871f8ce07e7d653c4418638e7e89c7257b9ded6009c66594ce4caf5","spendingProof":{"proofBytes":"","extension":{}}}], outputs: [{"boxId":"c16557e7cd3b12c77227947d335f2dea567d8b25776a904f3f5077e57e2ac4e4","value":93407647500000000,"ergoTree":"101004020e351002041408cd0279be667ef9dcbbac55a06295ce870b07029bfcdb2dce28d959f2815b16f81798ea02d192a39a8cc7a7017300730110010204020404040004c0fd4f05808c82f5f6030580b8c9e5ae040580f882ad16040204c0944004c0f407040004000580f882ad16d19683030191a38cc7a7019683020193c2b2a57300007473017302830108cdeeac93a38cc7b2a573030001978302019683040193b1a5730493c2a7c2b2a573050093958fa3730673079973089c73097e9a730a9d99a3730b730c0599c1a7c1b2a5730d00938cc7b2a5730e0001a390c1a7730f","assets":[],"creationHeight":22,"additionalRegisters":{},"transactionId":"2286062135a6856068691800e016f171e3a9afe71b01979b9a0c4055bc6a03cb","index":0},{"boxId":"14a1b1b73de87246fbf9d7f12fe04c4839056cfe4163d25b03210140960515c9","value":67500000000,"ergoTree":"1002041408cd038b0f29a60fa8d7e1aeafbe512288a6c6bc696547bbf8247db23c95e83014513cea02d192a39a8cc7a70173007301","assets":[],"creationHeight":22,"additionalRegisters":{},"transactionId":"2286062135a6856068691800e016f171e3a9afe71b01979b9a0c4055bc6a03cb","index":1}], size: 339)
20:18:38.181 INFO  [ef-critical-dispatcher-23] o.e.m.CandidateGenerator$ - Assembling a block candidate for block #22 from 1 transactions available
20:18:38.186 INFO  [ef-critical-dispatcher-23] o.e.m.CandidateGenerator$ - No fee proposition found in txs List(2286062135a6856068691800e016f171e3a9afe71b01979b9a0c4055bc6a03cb) 
20:18:38.187 INFO  [ef-critical-dispatcher-23] o.e.m.CandidateGenerator$ - Got candidate block at height 22 with 1 transactions, msg 53d2ac2c3c51becb8ec96aea87ca76d8820b644fbf21542827814020fe97f959
20:18:38.187 INFO  [ef-critical-dispatcher-23] o.e.m.CandidateGenerator - Generated new candidate in 24 ms
20:18:38.187 INFO  [ef-critical-dispatcher-23] o.e.m.CandidateGenerator$ - Regenerating block candidate
20:18:38.191 INFO  [ef-critical-dispatcher-23] o.e.m.CandidateGenerator$ - Emission tx for nextHeight = 22: ErgoTransaction(id: 2286062135a6856068691800e016f171e3a9afe71b01979b9a0c4055bc6a03cb, inputs: [{"boxId":"d87c7ed94871f8ce07e7d653c4418638e7e89c7257b9ded6009c66594ce4caf5","spendingProof":{"proofBytes":"","extension":{}}}], outputs: [{"boxId":"c16557e7cd3b12c77227947d335f2dea567d8b25776a904f3f5077e57e2ac4e4","value":93407647500000000,"ergoTree":"101004020e351002041408cd0279be667ef9dcbbac55a06295ce870b07029bfcdb2dce28d959f2815b16f81798ea02d192a39a8cc7a7017300730110010204020404040004c0fd4f05808c82f5f6030580b8c9e5ae040580f882ad16040204c0944004c0f407040004000580f882ad16d19683030191a38cc7a7019683020193c2b2a57300007473017302830108cdeeac93a38cc7b2a573030001978302019683040193b1a5730493c2a7c2b2a573050093958fa3730673079973089c73097e9a730a9d99a3730b730c0599c1a7c1b2a5730d00938cc7b2a5730e0001a390c1a7730f","assets":[],"creationHeight":22,"additionalRegisters":{},"transactionId":"2286062135a6856068691800e016f171e3a9afe71b01979b9a0c4055bc6a03cb","index":0},{"boxId":"14a1b1b73de87246fbf9d7f12fe04c4839056cfe4163d25b03210140960515c9","value":67500000000,"ergoTree":"1002041408cd038b0f29a60fa8d7e1aeafbe512288a6c6bc696547bbf8247db23c95e83014513cea02d192a39a8cc7a70173007301","assets":[],"creationHeight":22,"additionalRegisters":{},"transactionId":"2286062135a6856068691800e016f171e3a9afe71b01979b9a0c4055bc6a03cb","index":1}], size: 339)
20:18:38.198 INFO  [ef-critical-dispatcher-23] o.e.m.CandidateGenerator$ - Assembling a block candidate for block #22 from 1 transactions available
20:18:38.203 INFO  [ef-critical-dispatcher-23] o.e.m.CandidateGenerator$ - No fee proposition found in txs List(2286062135a6856068691800e016f171e3a9afe71b01979b9a0c4055bc6a03cb) 
20:18:38.204 INFO  [ef-critical-dispatcher-23] o.e.m.CandidateGenerator$ - Got candidate block at height 22 with 1 transactions, msg 9701f667944437cb5ea49a63fc932e179ead26e917a3304e427cb58e65d472c6
20:18:38.205 INFO  [ef-critical-dispatcher-23] o.e.m.CandidateGenerator - Generated new candidate in 18 ms
20:18:38.829 WARN  [tor.default-dispatcher-17] o.e.n.ErgoNodeViewSynchronizer - No peers available in requestDownload
20:18:43.150 INFO  [tor.default-dispatcher-17] o.e.m.ErgoMiningThread - Found solution, sending it for validation
20:18:43.151 INFO  [ef-critical-dispatcher-23] o.e.m.CandidateGenerator - New block mined, header: Header({"extensionId":"03770d3cb13cbdf6d8429ecc6de3ed4de90a667112e93b05312737a338a48c3d","difficulty":"1","votes":"000000","timestamp":1791595118192,"size":218,"unparsedBytes":"","stateRoot":"9c298cca40123ccd58a9594838790ef575cbdb8d7f6cc8a60efff168e2e1dab206","height":22,"nBits":16842752,"version":4,"id":"e7aa83816b035da6280ddf79bb57fdef680a5200032b62ab7ffbbe46e0152fbb","adProofsRoot":"97b81d1741273a48cf817181799c28694f94badaca7a3d3d0046f8399c1ad5c0","transactionsRoot":"884a4ac85bb5410cf396770545debb298597aae971a5e5e12047328ad0cbcd42","extensionHash":"f02c17f95493d95c3b39beb5b544cc904b55b83ba84cb4ce639c267c7186aec2","powSolutions":{"pk":"038b0f29a60fa8d7e1aeafbe512288a6c6bc696547bbf8247db23c95e83014513c","w":"02321d52e8753404da1e00fa35a11e4fa14af13464789e7e0c6f115570b1529ae1","n":"0000000000000000","d":73899458007847275791089205712281408499066711934500558843235404245133486456122},"adProofsId":"38d2a3ece2e2b9512abc725feec147cc586d4eba77e94e6df557373271f15a97","transactionsId":"c041954d3becd31cc0ed2c31d881bb25663f85801936fa101711509679cc9111","parentId":"e8530b22a8193ec8ba852ae52c152c6df8f8f17f07c4ca72972193ef9c5a401f"})
20:18:43.152 INFO  [ef-critical-dispatcher-23] o.e.m.CandidateGenerator - New block e7aa83816b035da6280ddf79bb57fdef680a5200032b62ab7ffbbe46e0152fbb w. nonce 0
20:18:43.152 INFO  [tor.default-dispatcher-17] o.e.n.ErgoNodeViewSynchronizer - Immediately announcing newly mined block e7aa83816b035da6280ddf79bb57fdef680a5200032b62ab7ffbbe46e0152fbb at height 22 to all peers
20:18:43.152 INFO  [ref-critical-dispatcher-5] o.e.n.UtxoNodeViewHolder - Got locally generated modifier e7aa83816b035da6280ddf79bb57fdef680a5200032b62ab7ffbbe46e0152fbb of type 101
20:18:43.152 INFO  [ef-critical-dispatcher-23] o.e.m.CandidateGenerator - Processed solution AutolykosSolution(Ecp((4e29d12087d02e51f19950b67875289ed9e4872dbd1c170bace513f9c7b49eb0,2b9e7178d74f049e4796e8e263ce297d8fb9568829a4af7ed225550eed6b03cf,b53f31722529e29f5ca36d8613d5ea342389639c8b43f68f32b538641b18e9e0)),Ecp((c4ade0ce15f2c24eec9fe1db41a5c3280c73a2651b818096dfcf3a55d8a2c8a6,59d57ee5a2701b62213eb5fb270a4e4ae87a60d63e6b0226e0911b5eeb3b626a,5480f51bae044e44083324f49fb5da8d284a36d4fa0e850d955a2483278b770a)),[B@4a5443be,73899458007847275791089205712281408499066711934500558843235404245133486456122) with the result Success(())
20:18:43.152 INFO  [tor.default-dispatcher-17] o.e.m.ErgoMiningThread - Solution accepted
20:18:43.152 INFO  [ref-critical-dispatcher-5] o.e.n.UtxoNodeViewHolder - Apply modifier e7aa83816b035da6280ddf79bb57fdef680a5200032b62ab7ffbbe46e0152fbb of type 101 to nodeViewHolder
20:18:43.154 INFO  [ref-critical-dispatcher-5] o.e.n.h.ErgoHistory$$anon$1 - New best header e7aa83816b035da6280ddf79bb57fdef680a5200032b62ab7ffbbe46e0152fbb with score 22. New height 22, old height 21
20:18:43.155 INFO  [ref-critical-dispatcher-5] o.e.n.UtxoNodeViewHolder - Got locally generated modifier c041954d3becd31cc0ed2c31d881bb25663f85801936fa101711509679cc9111 of type 102
20:18:43.155 WARN  [tor.default-dispatcher-17] o.e.n.ErgoNodeViewSynchronizer - No peers available in requestDownload
20:18:43.155 INFO  [ref-critical-dispatcher-5] o.e.n.UtxoNodeViewHolder - Apply modifier c041954d3becd31cc0ed2c31d881bb25663f85801936fa101711509679cc9111 of type 102 to nodeViewHolder
20:18:43.156 INFO  [ref-critical-dispatcher-5] o.e.n.UtxoNodeViewHolder - Got locally generated modifier 03770d3cb13cbdf6d8429ecc6de3ed4de90a667112e93b05312737a338a48c3d of type 108
20:18:43.156 INFO  [ref-critical-dispatcher-5] o.e.n.UtxoNodeViewHolder - Apply modifier 03770d3cb13cbdf6d8429ecc6de3ed4de90a667112e93b05312737a338a48c3d of type 108 to nodeViewHolder
20:18:43.156 INFO  [ref-critical-dispatcher-5] o.e.n.h.ErgoHistory$$anon$1 - Full block e7aa83816b035da6280ddf79bb57fdef680a5200032b62ab7ffbbe46e0152fbb appended, going to apply 1 modifiers. New best block is e7aa83816b035da6280ddf79bb57fdef680a5200032b62ab7ffbbe46e0152fbb with height 22 updates block e8530b22a8193ec8ba852ae52c152c6df8f8f17f07c4ca72972193ef9c5a401f with height 21
20:18:43.162 INFO  [ref-critical-dispatcher-5] o.e.n.UtxoNodeViewHolder - Apply modifier 38d2a3ece2e2b9512abc725feec147cc586d4eba77e94e6df557373271f15a97 of type 104 to nodeViewHolder
20:18:43.162 INFO  [ref-critical-dispatcher-5] o.e.n.state.UtxoState - Valid modifier with header e7aa83816b035da6280ddf79bb57fdef680a5200032b62ab7ffbbe46e0152fbb and emission box Some(c16557e7cd3b12c77227947d335f2dea567d8b25776a904f3f5077e57e2ac4e4) applied to UtxoState at height 22
20:18:43.162 INFO  [ref-critical-dispatcher-5] o.e.n.state.UtxoState - checking snapshot for 22, simple check: false
20:18:43.163 INFO  [ref-critical-dispatcher-5] o.e.n.UtxoNodeViewHolder - Persistent modifier 03770d3cb13cbdf6d8429ecc6de3ed4de90a667112e93b05312737a338a48c3d applied successfully
20:18:43.163 INFO  [ergoref-api-dispatcher-6] o.e.n.w.ErgoWalletActor - Wallet is going to scan a block e7aa83816b035da6280ddf79bb57fdef680a5200032b62ab7ffbbe46e0152fbb on chain at height 22
20:18:43.163 INFO  [tor.default-dispatcher-18] o.e.local.MempoolAuditor - Initiating mempool cleanup
20:18:43.163 INFO  [ef-critical-dispatcher-23] o.e.m.CandidateGenerator - Preparing new candidate on getting new block at 22
20:18:43.163 INFO  [tor.default-dispatcher-16] o.e.local.MempoolAuditor - Cleanup done. Switching to awaiting mode
20:18:43.164 INFO  [ref-indexer-dispatcher-15] o.e.n.h.extra.ExtraIndexer - Buffered block 22 / 22 [txs: 1, boxes: 2] (buffer: 11 / 20000)
20:18:43.165 INFO  [ef-critical-dispatcher-23] o.e.m.CandidateGenerator$ - Emission tx for nextHeight = 23: ErgoTransaction(id: 315107823e846ac14d02ac3f9b5c3b15080045a668b2e07f9e259c108de1fceb, inputs: [{"boxId":"c16557e7cd3b12c77227947d335f2dea567d8b25776a904f3f5077e57e2ac4e4","spendingProof":{"proofBytes":"","extension":{}}}], outputs: [{"boxId":"d7d99556abef3b0816753872cc9be7ce52260a2eb74f592d6e8d62f42bb5b41f","value":93407580000000000,"ergoTree":"101004020e351002041408cd0279be667ef9dcbbac55a06295ce870b07029bfcdb2dce28d959f2815b16f81798ea02d192a39a8cc7a7017300730110010204020404040004c0fd4f05808c82f5f6030580b8c9e5ae040580f882ad16040204c0944004c0f407040004000580f882ad16d19683030191a38cc7a7019683020193c2b2a57300007473017302830108cdeeac93a38cc7b2a573030001978302019683040193b1a5730493c2a7c2b2a573050093958fa3730673079973089c73097e9a730a9d99a3730b730c0599c1a7c1b2a5730d00938cc7b2a5730e0001a390c1a7730f","assets":[],"creationHeight":23,"additionalRegisters":{},"transactionId":"315107823e846ac14d02ac3f9b5c3b15080045a668b2e07f9e259c108de1fceb","index":0},{"boxId":"984e7f8a3c69a14d1b7f706abed97e1cf4ffc2539e9f334b05d30ad4a7957274","value":67500000000,"ergoTree":"1002041408cd038b0f29a60fa8d7e1aeafbe512288a6c6bc696547bbf8247db23c95e83014513cea02d192a39a8cc7a70173007301","assets":[],"creationHeight":23,"additionalRegisters":{},"transactionId":"315107823e846ac14d02ac3f9b5c3b15080045a668b2e07f9e259c108de1fceb","index":1}], size: 339)
20:18:43.170 INFO  [ef-critical-dispatcher-23] o.e.m.CandidateGenerator$ - Assembling a block candidate for block #23 from 1 transactions available
20:18:43.172 INFO  [ef-critical-dispatcher-23] o.e.m.CandidateGenerator$ - No fee proposition found in txs List(315107823e846ac14d02ac3f9b5c3b15080045a668b2e07f9e259c108de1fceb) 
20:18:43.174 INFO  [ef-critical-dispatcher-23] o.e.m.CandidateGenerator$ - Got candidate block at height 23 with 1 transactions, msg f22cefa9657442a40463c05f6753bdb9e89db4c6d715b6d43ba47f7a4f6108c3
20:18:43.174 INFO  [ef-critical-dispatcher-23] o.e.m.CandidateGenerator - Generated new candidate in 11 ms
20:18:43.829 WARN  [tor.default-dispatcher-17] o.e.n.ErgoNodeViewSynchronizer - No peers available in requestDownload
20:18:48.175 INFO  [tor.default-dispatcher-16] o.e.m.ErgoMiningThread - Found solution, sending it for validation
20:18:48.178 INFO  [ef-critical-dispatcher-23] o.e.m.CandidateGenerator - New block mined, header: Header({"extensionId":"8c1b1d8815c6bddc49f574403a5f715099fee4b621da42c2076f0f24e01161ee","difficulty":"1","votes":"000000","timestamp":1791595123166,"size":218,"unparsedBytes":"","stateRoot":"1fbc733d9d46a1c61cf2d28238fbb183acc2487e3df2b321bf5941a591b888f106","height":23,"nBits":16842752,"version":4,"id":"7635558d4535a790ddac7f89c0de08494b4797200481fcf87d68a1ce54c56ee5","adProofsRoot":"00f0785de4a4690b3f10d75a37b3f4c55ac4ddab9d699b8d37afd2315254d4d2","transactionsRoot":"283c3a444099c44b606220296d5192387b917578ed33d6ac351780a05f0078e1","extensionHash":"f02c17f95493d95c3b39beb5b544cc904b55b83ba84cb4ce639c267c7186aec2","powSolutions":{"pk":"038b0f29a60fa8d7e1aeafbe512288a6c6bc696547bbf8247db23c95e83014513c","w":"02b9a91e0de601cb794e896d0da8c40ddc426cb8665034b2b362bb261be3004500","n":"0000000000000000","d":5411327570641284459565429389494772853950994680424630231111306221606475359978},"adProofsId":"031fc00146b777a1ef4f5ceecaddaa124540919d15901d1e797e15d507a8a33e","transactionsId":"02f3a5ab1d66e9ad5fb3f2ba8712be2770b68919fc593ce949dfdaccd094ef38","parentId":"e7aa83816b035da6280ddf79bb57fdef680a5200032b62ab7ffbbe46e0152fbb"})
20:18:48.182 INFO  [ef-critical-dispatcher-23] o.e.m.CandidateGenerator - New block 7635558d4535a790ddac7f89c0de08494b4797200481fcf87d68a1ce54c56ee5 w. nonce 0
20:18:48.182 INFO  [tor.default-dispatcher-16] o.e.n.ErgoNodeViewSynchronizer - Immediately announcing newly mined block 7635558d4535a790ddac7f89c0de08494b4797200481fcf87d68a1ce54c56ee5 at height 23 to all peers
20:18:48.183 INFO  [ref-critical-dispatcher-5] o.e.n.UtxoNodeViewHolder - Got locally generated modifier 7635558d4535a790ddac7f89c0de08494b4797200481fcf87d68a1ce54c56ee5 of type 101
20:18:48.182 INFO  [ef-critical-dispatcher-23] o.e.m.CandidateGenerator - Processed solution AutolykosSolution(Ecp((4e29d12087d02e51f19950b67875289ed9e4872dbd1c170bace513f9c7b49eb0,2b9e7178d74f049e4796e8e263ce297d8fb9568829a4af7ed225550eed6b03cf,b53f31722529e29f5ca36d8613d5ea342389639c8b43f68f32b538641b18e9e0)),Ecp((bc1939c16eafecf025e3bb81634830d237e3b78d359484365b73707e0a8db73f,c33a86cfbfbda493bc801509b5c96a967f80b776b7085ee0892352f32eeacdf5,2eee697c8d62f45addc3950a8ea835e38e031deb926dad14e4a5842e97918ed5)),[B@1ffc975,5411327570641284459565429389494772853950994680424630231111306221606475359978) with the result Success(())
20:18:48.183 INFO  [ref-critical-dispatcher-5] o.e.n.UtxoNodeViewHolder - Apply modifier 7635558d4535a790ddac7f89c0de08494b4797200481fcf87d68a1ce54c56ee5 of type 101 to nodeViewHolder
20:18:48.183 INFO  [tor.default-dispatcher-16] o.e.m.ErgoMiningThread - Solution accepted
20:18:48.186 INFO  [ref-critical-dispatcher-5] o.e.n.h.ErgoHistory$$anon$1 - New best header 7635558d4535a790ddac7f89c0de08494b4797200481fcf87d68a1ce54c56ee5 with score 23. New height 23, old height 22
20:18:48.187 WARN  [tor.default-dispatcher-16] o.e.n.ErgoNodeViewSynchronizer - No peers available in requestDownload
20:18:48.187 INFO  [ref-critical-dispatcher-5] o.e.n.UtxoNodeViewHolder - Got locally generated modifier 02f3a5ab1d66e9ad5fb3f2ba8712be2770b68919fc593ce949dfdaccd094ef38 of type 102
20:18:48.188 INFO  [ref-critical-dispatcher-5] o.e.n.UtxoNodeViewHolder - Apply modifier 02f3a5ab1d66e9ad5fb3f2ba8712be2770b68919fc593ce949dfdaccd094ef38 of type 102 to nodeViewHolder
20:18:48.189 INFO  [ref-critical-dispatcher-5] o.e.n.UtxoNodeViewHolder - Got locally generated modifier 8c1b1d8815c6bddc49f574403a5f715099fee4b621da42c2076f0f24e01161ee of type 108
20:18:48.189 INFO  [ref-critical-dispatcher-5] o.e.n.UtxoNodeViewHolder - Apply modifier 8c1b1d8815c6bddc49f574403a5f715099fee4b621da42c2076f0f24e01161ee of type 108 to nodeViewHolder
20:18:48.190 INFO  [ref-critical-dispatcher-5] o.e.n.h.ErgoHistory$$anon$1 - Full block 7635558d4535a790ddac7f89c0de08494b4797200481fcf87d68a1ce54c56ee5 appended, going to apply 1 modifiers. New best block is 7635558d4535a790ddac7f89c0de08494b4797200481fcf87d68a1ce54c56ee5 with height 23 updates block e7aa83816b035da6280ddf79bb57fdef680a5200032b62ab7ffbbe46e0152fbb with height 22
20:18:48.197 INFO  [ref-critical-dispatcher-5] o.e.n.UtxoNodeViewHolder - Apply modifier 031fc00146b777a1ef4f5ceecaddaa124540919d15901d1e797e15d507a8a33e of type 104 to nodeViewHolder
20:18:48.198 INFO  [ref-critical-dispatcher-5] o.e.n.state.UtxoState - Valid modifier with header 7635558d4535a790ddac7f89c0de08494b4797200481fcf87d68a1ce54c56ee5 and emission box Some(d7d99556abef3b0816753872cc9be7ce52260a2eb74f592d6e8d62f42bb5b41f) applied to UtxoState at height 23
20:18:48.198 INFO  [ref-critical-dispatcher-5] o.e.n.state.UtxoState - checking snapshot for 23, simple check: false
20:18:48.198 INFO  [ef-critical-dispatcher-23] o.e.m.CandidateGenerator - Preparing new candidate on getting new block at 23
20:18:48.198 INFO  [tor.default-dispatcher-17] o.e.local.MempoolAuditor - Initiating mempool cleanup
20:18:48.198 INFO  [ref-critical-dispatcher-5] o.e.n.UtxoNodeViewHolder - Persistent modifier 8c1b1d8815c6bddc49f574403a5f715099fee4b621da42c2076f0f24e01161ee applied successfully
20:18:48.198 INFO  [ergoref-api-dispatcher-6] o.e.n.w.ErgoWalletActor - Wallet is going to scan a block 7635558d4535a790ddac7f89c0de08494b4797200481fcf87d68a1ce54c56ee5 on chain at height 23
20:18:48.199 INFO  [tor.default-dispatcher-21] o.e.local.MempoolAuditor - Cleanup done. Switching to awaiting mode
20:18:48.200 INFO  [ref-indexer-dispatcher-15] o.e.n.h.extra.ExtraIndexer - Buffered block 23 / 23 [txs: 1, boxes: 2] (buffer: 11 / 20000)
20:18:48.200 INFO  [ef-critical-dispatcher-23] o.e.m.CandidateGenerator$ - Emission tx for nextHeight = 24: ErgoTransaction(id: fd60ba51a25a5c3f97c2b35a4f53713047bb9d9d1c4d4971f2e63b3fc6af45d9, inputs: [{"boxId":"d7d99556abef3b0816753872cc9be7ce52260a2eb74f592d6e8d62f42bb5b41f","spendingProof":{"proofBytes":"","extension":{}}}], outputs: [{"boxId":"50f20d299d37774544a3336b19ceeeabacbc0af6891cdd1199a5a298b0193ec6","value":93407512500000000,"ergoTree":"101004020e351002041408cd0279be667ef9dcbbac55a06295ce870b07029bfcdb2dce28d959f2815b16f81798ea02d192a39a8cc7a7017300730110010204020404040004c0fd4f05808c82f5f6030580b8c9e5ae040580f882ad16040204c0944004c0f407040004000580f882ad16d19683030191a38cc7a7019683020193c2b2a57300007473017302830108cdeeac93a38cc7b2a573030001978302019683040193b1a5730493c2a7c2b2a573050093958fa3730673079973089c73097e9a730a9d99a3730b730c0599c1a7c1b2a5730d00938cc7b2a5730e0001a390c1a7730f","assets":[],"creationHeight":24,"additionalRegisters":{},"transactionId":"fd60ba51a25a5c3f97c2b35a4f53713047bb9d9d1c4d4971f2e63b3fc6af45d9","index":0},{"boxId":"3902d8701300a67b2f99bffbda3eff9bcbb7be4efd743d58ec98fa4c1822d98c","value":67500000000,"ergoTree":"1002041408cd038b0f29a60fa8d7e1aeafbe512288a6c6bc696547bbf8247db23c95e83014513cea02d192a39a8cc7a70173007301","assets":[],"creationHeight":24,"additionalRegisters":{},"transactionId":"fd60ba51a25a5c3f97c2b35a4f53713047bb9d9d1c4d4971f2e63b3fc6af45d9","index":1}], size: 339)
20:18:48.205 INFO  [ef-critical-dispatcher-23] o.e.m.CandidateGenerator$ - Assembling a block candidate for block #24 from 1 transactions available
20:18:48.207 INFO  [ef-critical-dispatcher-23] o.e.m.CandidateGenerator$ - No fee proposition found in txs List(fd60ba51a25a5c3f97c2b35a4f53713047bb9d9d1c4d4971f2e63b3fc6af45d9) 
20:18:48.208 INFO  [ef-critical-dispatcher-23] o.e.m.CandidateGenerator$ - Got candidate block at height 24 with 1 transactions, msg 742ff6f2e72269d7b5a5b54581e9d2d7a8c3c90bfc24c28b8afb23bc44bd5b04
20:18:48.208 INFO  [ef-critical-dispatcher-23] o.e.m.CandidateGenerator - Generated new candidate in 10 ms
20:18:48.209 INFO  [ef-critical-dispatcher-23] o.e.m.CandidateGenerator$ - Regenerating block candidate
20:18:48.210 INFO  [ef-critical-dispatcher-23] o.e.m.CandidateGenerator$ - Emission tx for nextHeight = 24: ErgoTransaction(id: fd60ba51a25a5c3f97c2b35a4f53713047bb9d9d1c4d4971f2e63b3fc6af45d9, inputs: [{"boxId":"d7d99556abef3b0816753872cc9be7ce52260a2eb74f592d6e8d62f42bb5b41f","spendingProof":{"proofBytes":"","extension":{}}}], outputs: [{"boxId":"50f20d299d37774544a3336b19ceeeabacbc0af6891cdd1199a5a298b0193ec6","value":93407512500000000,"ergoTree":"101004020e351002041408cd0279be667ef9dcbbac55a06295ce870b07029bfcdb2dce28d959f2815b16f81798ea02d192a39a8cc7a7017300730110010204020404040004c0fd4f05808c82f5f6030580b8c9e5ae040580f882ad16040204c0944004c0f407040004000580f882ad16d19683030191a38cc7a7019683020193c2b2a57300007473017302830108cdeeac93a38cc7b2a573030001978302019683040193b1a5730493c2a7c2b2a573050093958fa3730673079973089c73097e9a730a9d99a3730b730c0599c1a7c1b2a5730d00938cc7b2a5730e0001a390c1a7730f","assets":[],"creationHeight":24,"additionalRegisters":{},"transactionId":"fd60ba51a25a5c3f97c2b35a4f53713047bb9d9d1c4d4971f2e63b3fc6af45d9","index":0},{"boxId":"3902d8701300a67b2f99bffbda3eff9bcbb7be4efd743d58ec98fa4c1822d98c","value":67500000000,"ergoTree":"1002041408cd038b0f29a60fa8d7e1aeafbe512288a6c6bc696547bbf8247db23c95e83014513cea02d192a39a8cc7a70173007301","assets":[],"creationHeight":24,"additionalRegisters":{},"transactionId":"fd60ba51a25a5c3f97c2b35a4f53713047bb9d9d1c4d4971f2e63b3fc6af45d9","index":1}], size: 339)
20:18:48.214 INFO  [ef-critical-dispatcher-23] o.e.m.CandidateGenerator$ - Assembling a block candidate for block #24 from 1 transactions available
20:18:48.215 INFO  [ef-critical-dispatcher-23] o.e.m.CandidateGenerator$ - No fee proposition found in txs List(fd60ba51a25a5c3f97c2b35a4f53713047bb9d9d1c4d4971f2e63b3fc6af45d9) 
20:18:48.216 INFO  [ef-critical-dispatcher-23] o.e.m.CandidateGenerator$ - Got candidate block at height 24 with 1 transactions, msg 49753ca91e312625ae1d4f081a734e88610729a8a0e7b16a686a4ce39dc51bd8
20:18:48.216 INFO  [ef-critical-dispatcher-23] o.e.m.CandidateGenerator - Generated new candidate in 7 ms
20:18:48.829 WARN  [tor.default-dispatcher-21] o.e.n.ErgoNodeViewSynchronizer - No peers available in requestDownload
20:18:53.191 INFO  [tor.default-dispatcher-17] o.e.m.ErgoMiningThread - Found solution, sending it for validation
20:18:53.193 INFO  [ef-critical-dispatcher-23] o.e.m.CandidateGenerator - New block mined, header: Header({"extensionId":"8813b204c97a59bfbc8f1b9eb449eb9f10f20c8ed0658834d4df094eccc27526","difficulty":"1","votes":"000000","timestamp":1791595128211,"size":218,"unparsedBytes":"","stateRoot":"f85d927f08cc42e8da5ff864de25f5c61f6d0fc3db5ad61a1211c97e8e090eef06","height":24,"nBits":16842752,"version":4,"id":"69e5eb0faae3efb5f9032d9f1af555c0a62c7f322f276253ab5c0dd2450371d9","adProofsRoot":"395143b952dad2cdfd0f758b26caf50f5e7276846ae0155457afe58d4e4ab5cf","transactionsRoot":"d5e8692f57a16b195e2cc2637677b3f24eae077fec5a17cad104ecb90eaa19f2","extensionHash":"9acec2ca0a05f4b959eafb5f1f3af78d299da57ea82482272c53c152df7f28b9","powSolutions":{"pk":"038b0f29a60fa8d7e1aeafbe512288a6c6bc696547bbf8247db23c95e83014513c","w":"02e085bc4e8bb0afab66efb881c3799fb0493abcc5b68b8afc26006be703f19f1c","n":"0000000000000000","d":82367573428247595362105766800801219687581971978179346125687858204439433065567},"adProofsId":"262a4b246066316a0e0dab43f539c9ee836f6c7cf4c6cf9b3a967b8e68237dc9","transactionsId":"1237320e7d0e8c95f6184bea24506e1292729ae459c91ac2dc4c46fe92556623","parentId":"7635558d4535a790ddac7f89c0de08494b4797200481fcf87d68a1ce54c56ee5"})
20:18:53.195 INFO  [ef-critical-dispatcher-23] o.e.m.CandidateGenerator - New block 69e5eb0faae3efb5f9032d9f1af555c0a62c7f322f276253ab5c0dd2450371d9 w. nonce 0
20:18:53.195 INFO  [tor.default-dispatcher-17] o.e.n.ErgoNodeViewSynchronizer - Immediately announcing newly mined block 69e5eb0faae3efb5f9032d9f1af555c0a62c7f322f276253ab5c0dd2450371d9 at height 24 to all peers
20:18:53.195 INFO  [ref-critical-dispatcher-5] o.e.n.UtxoNodeViewHolder - Got locally generated modifier 69e5eb0faae3efb5f9032d9f1af555c0a62c7f322f276253ab5c0dd2450371d9 of type 101
20:18:53.195 INFO  [ef-critical-dispatcher-23] o.e.m.CandidateGenerator - Processed solution AutolykosSolution(Ecp((4e29d12087d02e51f19950b67875289ed9e4872dbd1c170bace513f9c7b49eb0,2b9e7178d74f049e4796e8e263ce297d8fb9568829a4af7ed225550eed6b03cf,b53f31722529e29f5ca36d8613d5ea342389639c8b43f68f32b538641b18e9e0)),Ecp((7ba65cec3db84fab92d5bcafdc19b7652e550d4157d7d45c03f02b704f795c5,e44bd7474e02e644e63290e771151dceac465fd218866fe285130a4c30227108,2bff477005d063b9e6b24b7049da578714a0204a26b78aac5a6de6dfa1568081)),[B@5dd43d5e,82367573428247595362105766800801219687581971978179346125687858204439433065567) with the result Success(())
20:18:53.195 INFO  [ref-critical-dispatcher-5] o.e.n.UtxoNodeViewHolder - Apply modifier 69e5eb0faae3efb5f9032d9f1af555c0a62c7f322f276253ab5c0dd2450371d9 of type 101 to nodeViewHolder
20:18:53.195 INFO  [tor.default-dispatcher-17] o.e.m.ErgoMiningThread - Solution accepted
20:18:53.196 INFO  [ref-critical-dispatcher-5] o.e.n.h.ErgoHistory$$anon$1 - New best header 69e5eb0faae3efb5f9032d9f1af555c0a62c7f322f276253ab5c0dd2450371d9 with score 24. New height 24, old height 23
20:18:53.197 WARN  [tor.default-dispatcher-17] o.e.n.ErgoNodeViewSynchronizer - No peers available in requestDownload
20:18:53.198 INFO  [ref-critical-dispatcher-5] o.e.n.UtxoNodeViewHolder - Got locally generated modifier 1237320e7d0e8c95f6184bea24506e1292729ae459c91ac2dc4c46fe92556623 of type 102
20:18:53.198 INFO  [ref-critical-dispatcher-5] o.e.n.UtxoNodeViewHolder - Apply modifier 1237320e7d0e8c95f6184bea24506e1292729ae459c91ac2dc4c46fe92556623 of type 102 to nodeViewHolder
20:18:53.199 INFO  [ref-critical-dispatcher-5] o.e.n.UtxoNodeViewHolder - Got locally generated modifier 8813b204c97a59bfbc8f1b9eb449eb9f10f20c8ed0658834d4df094eccc27526 of type 108
20:18:53.199 INFO  [ref-critical-dispatcher-5] o.e.n.UtxoNodeViewHolder - Apply modifier 8813b204c97a59bfbc8f1b9eb449eb9f10f20c8ed0658834d4df094eccc27526 of type 108 to nodeViewHolder
20:18:53.199 INFO  [ref-critical-dispatcher-5] o.e.n.h.ErgoHistory$$anon$1 - Full block 69e5eb0faae3efb5f9032d9f1af555c0a62c7f322f276253ab5c0dd2450371d9 appended, going to apply 1 modifiers. New best block is 69e5eb0faae3efb5f9032d9f1af555c0a62c7f322f276253ab5c0dd2450371d9 with height 24 updates block 7635558d4535a790ddac7f89c0de08494b4797200481fcf87d68a1ce54c56ee5 with height 23
20:18:53.205 INFO  [ref-critical-dispatcher-5] o.e.n.UtxoNodeViewHolder - Apply modifier 262a4b246066316a0e0dab43f539c9ee836f6c7cf4c6cf9b3a967b8e68237dc9 of type 104 to nodeViewHolder
20:18:53.206 INFO  [ref-critical-dispatcher-5] o.e.n.state.UtxoState - Valid modifier with header 69e5eb0faae3efb5f9032d9f1af555c0a62c7f322f276253ab5c0dd2450371d9 and emission box Some(50f20d299d37774544a3336b19ceeeabacbc0af6891cdd1199a5a298b0193ec6) applied to UtxoState at height 24
20:18:53.206 INFO  [ref-critical-dispatcher-5] o.e.n.state.UtxoState - checking snapshot for 24, simple check: false
20:18:53.207 INFO  [ef-critical-dispatcher-23] o.e.m.CandidateGenerator - Preparing new candidate on getting new block at 24
20:18:53.207 INFO  [ref-critical-dispatcher-5] o.e.n.UtxoNodeViewHolder - Persistent modifier 8813b204c97a59bfbc8f1b9eb449eb9f10f20c8ed0658834d4df094eccc27526 applied successfully
20:18:53.207 INFO  [tor.default-dispatcher-18] o.e.local.MempoolAuditor - Initiating mempool cleanup
20:18:53.207 INFO  [ergoref-api-dispatcher-6] o.e.n.w.ErgoWalletActor - Wallet is going to scan a block 69e5eb0faae3efb5f9032d9f1af555c0a62c7f322f276253ab5c0dd2450371d9 on chain at height 24
20:18:53.207 INFO  [tor.default-dispatcher-18] o.e.local.MempoolAuditor - Cleanup done. Switching to awaiting mode
20:18:53.217 INFO  [ref-indexer-dispatcher-15] o.e.n.h.extra.ExtraIndexer - Buffered block 24 / 24 [txs: 1, boxes: 2] (buffer: 11 / 20000)
20:18:53.218 INFO  [ef-critical-dispatcher-23] o.e.m.CandidateGenerator$ - Emission tx for nextHeight = 25: ErgoTransaction(id: 20008fa3ad8426fe2e358d107728e810631b1984454118827058bb9372801bd3, inputs: [{"boxId":"50f20d299d37774544a3336b19ceeeabacbc0af6891cdd1199a5a298b0193ec6","spendingProof":{"proofBytes":"","extension":{}}}], outputs: [{"boxId":"d5cdc13c4f790aac3f08672b1621a6d9d12dcccb67be29d9443cab25027c804a","value":93407445000000000,"ergoTree":"101004020e351002041408cd0279be667ef9dcbbac55a06295ce870b07029bfcdb2dce28d959f2815b16f81798ea02d192a39a8cc7a7017300730110010204020404040004c0fd4f05808c82f5f6030580b8c9e5ae040580f882ad16040204c0944004c0f407040004000580f882ad16d19683030191a38cc7a7019683020193c2b2a57300007473017302830108cdeeac93a38cc7b2a573030001978302019683040193b1a5730493c2a7c2b2a573050093958fa3730673079973089c73097e9a730a9d99a3730b730c0599c1a7c1b2a5730d00938cc7b2a5730e0001a390c1a7730f","assets":[],"creationHeight":25,"additionalRegisters":{},"transactionId":"20008fa3ad8426fe2e358d107728e810631b1984454118827058bb9372801bd3","index":0},{"boxId":"e3a10d1f669872742e4f1e108412924153a8871a7356170110c3d6328df94617","value":67500000000,"ergoTree":"1002041408cd038b0f29a60fa8d7e1aeafbe512288a6c6bc696547bbf8247db23c95e83014513cea02d192a39a8cc7a70173007301","assets":[],"creationHeight":25,"additionalRegisters":{},"transactionId":"20008fa3ad8426fe2e358d107728e810631b1984454118827058bb9372801bd3","index":1}], size: 339)
20:18:53.231 INFO  [ef-critical-dispatcher-23] o.e.m.CandidateGenerator$ - Assembling a block candidate for block #25 from 1 transactions available
20:18:53.236 INFO  [ef-critical-dispatcher-23] o.e.m.CandidateGenerator$ - No fee proposition found in txs List(20008fa3ad8426fe2e358d107728e810631b1984454118827058bb9372801bd3) 
20:18:53.237 INFO  [ef-critical-dispatcher-23] o.e.m.CandidateGenerator$ - Got candidate block at height 25 with 1 transactions, msg ef1e0e58af99241a388f81e8d4f729c6fcae66586a4cea9f565a8579f13c686d
20:18:53.237 INFO  [ef-critical-dispatcher-23] o.e.m.CandidateGenerator - Generated new candidate in 30 ms
20:18:53.238 INFO  [ef-critical-dispatcher-23] o.e.m.CandidateGenerator$ - Regenerating block candidate
20:18:53.241 INFO  [ef-critical-dispatcher-23] o.e.m.CandidateGenerator$ - Emission tx for nextHeight = 25: ErgoTransaction(id: 20008fa3ad8426fe2e358d107728e810631b1984454118827058bb9372801bd3, inputs: [{"boxId":"50f20d299d37774544a3336b19ceeeabacbc0af6891cdd1199a5a298b0193ec6","spendingProof":{"proofBytes":"","extension":{}}}], outputs: [{"boxId":"d5cdc13c4f790aac3f08672b1621a6d9d12dcccb67be29d9443cab25027c804a","value":93407445000000000,"ergoTree":"101004020e351002041408cd0279be667ef9dcbbac55a06295ce870b07029bfcdb2dce28d959f2815b16f81798ea02d192a39a8cc7a7017300730110010204020404040004c0fd4f05808c82f5f6030580b8c9e5ae040580f882ad16040204c0944004c0f407040004000580f882ad16d19683030191a38cc7a7019683020193c2b2a57300007473017302830108cdeeac93a38cc7b2a573030001978302019683040193b1a5730493c2a7c2b2a573050093958fa3730673079973089c73097e9a730a9d99a3730b730c0599c1a7c1b2a5730d00938cc7b2a5730e0001a390c1a7730f","assets":[],"creationHeight":25,"additionalRegisters":{},"transactionId":"20008fa3ad8426fe2e358d107728e810631b1984454118827058bb9372801bd3","index":0},{"boxId":"e3a10d1f669872742e4f1e108412924153a8871a7356170110c3d6328df94617","value":67500000000,"ergoTree":"1002041408cd038b0f29a60fa8d7e1aeafbe512288a6c6bc696547bbf8247db23c95e83014513cea02d192a39a8cc7a70173007301","assets":[],"creationHeight":25,"additionalRegisters":{},"transactionId":"20008fa3ad8426fe2e358d107728e810631b1984454118827058bb9372801bd3","index":1}], size: 339)
20:18:53.246 INFO  [ef-critical-dispatcher-23] o.e.m.CandidateGenerator$ - Assembling a block candidate for block #25 from 1 transactions available
20:18:53.249 INFO  [ef-critical-dispatcher-23] o.e.m.CandidateGenerator$ - No fee proposition found in txs List(20008fa3ad8426fe2e358d107728e810631b1984454118827058bb9372801bd3) 
20:18:53.250 INFO  [ef-critical-dispatcher-23] o.e.m.CandidateGenerator$ - Got candidate block at height 25 with 1 transactions, msg 83ba4626652a5f1b93cd7809b50c6450f53ac44018d7c601d2c6ef24ee4bcdb7
20:18:53.250 INFO  [ef-critical-dispatcher-23] o.e.m.CandidateGenerator - Generated new candidate in 12 ms
20:18:53.829 WARN  [tor.default-dispatcher-21] o.e.n.ErgoNodeViewSynchronizer - No peers available in requestDownload
20:18:58.211 INFO  [tor.default-dispatcher-18] o.e.m.ErgoMiningThread - Found solution, sending it for validation
20:18:58.212 INFO  [ef-critical-dispatcher-23] o.e.m.CandidateGenerator - New block mined, header: Header({"extensionId":"71a73c533142ed93bc23ed5122e511f9014650a00c23fdd583be47471be8c9f6","difficulty":"1","votes":"000000","timestamp":1791595133242,"size":218,"unparsedBytes":"","stateRoot":"f7f08a8d8d332aa9a91d0e7baeaf07639bd02d1a3c25be1c9dce7ffb40f1281306","height":25,"nBits":16842752,"version":4,"id":"5be8a465e1c023daa23ed165a85ad543306bcfc47ce9828a3274c60ecf4f9ef2","adProofsRoot":"b3b318f7663645c75ce70a6becf27518a635967e6f57751cde86e0714f8b058f","transactionsRoot":"9a1c61172a4f07b5cff0b732cfcc190cb722869d0f6a705fe3a8dd3cd5064080","extensionHash":"14d8b56a065176c05c8690362e831d1467548a4e040fcdb9dc01f53e7f107664","powSolutions":{"pk":"038b0f29a60fa8d7e1aeafbe512288a6c6bc696547bbf8247db23c95e83014513c","w":"0369c7df8a52906d1aa11035dc1205d8a3097f402650f4b043b9c6dcda7bdcf03c","n":"0000000000000000","d":114986148032161662545960368084730021975406062564365250225901687968578636157097},"adProofsId":"1dd9a79c57a2f307cd23f73653d9d852facbfdff00592bd57e92f75be8f20ba6","transactionsId":"6f2af7dfb3147c87ce2883f11ffc3dc6db41e855af72711cbc29db58871f927b","parentId":"69e5eb0faae3efb5f9032d9f1af555c0a62c7f322f276253ab5c0dd2450371d9"})
20:18:58.213 INFO  [ef-critical-dispatcher-23] o.e.m.CandidateGenerator - New block 5be8a465e1c023daa23ed165a85ad543306bcfc47ce9828a3274c60ecf4f9ef2 w. nonce 0
20:18:58.213 INFO  [tor.default-dispatcher-18] o.e.n.ErgoNodeViewSynchronizer - Immediately announcing newly mined block 5be8a465e1c023daa23ed165a85ad543306bcfc47ce9828a3274c60ecf4f9ef2 at height 25 to all peers
20:18:58.213 INFO  [ref-critical-dispatcher-5] o.e.n.UtxoNodeViewHolder - Got locally generated modifier 5be8a465e1c023daa23ed165a85ad543306bcfc47ce9828a3274c60ecf4f9ef2 of type 101
20:18:58.213 INFO  [ef-critical-dispatcher-23] o.e.m.CandidateGenerator - Processed solution AutolykosSolution(Ecp((4e29d12087d02e51f19950b67875289ed9e4872dbd1c170bace513f9c7b49eb0,2b9e7178d74f049e4796e8e263ce297d8fb9568829a4af7ed225550eed6b03cf,b53f31722529e29f5ca36d8613d5ea342389639c8b43f68f32b538641b18e9e0)),Ecp((d6af3e2edad99da8b8471cfc48a9004875c0c79191874ea10c1e0e97ecd56662,20c80aa9ea58f09c7da22a5b6f4971bb5493599c621e7571df6857b3aa3bf4fb,631b6b5771a75180f55701af53e85759d0f3e9721d42498670d0c07f2c8b6f5f)),[B@3af97689,114986148032161662545960368084730021975406062564365250225901687968578636157097) with the result Success(())
20:18:58.214 INFO  [tor.default-dispatcher-18] o.e.m.ErgoMiningThread - Solution accepted
20:18:58.214 INFO  [ref-critical-dispatcher-5] o.e.n.UtxoNodeViewHolder - Apply modifier 5be8a465e1c023daa23ed165a85ad543306bcfc47ce9828a3274c60ecf4f9ef2 of type 101 to nodeViewHolder
20:18:58.215 INFO  [ref-critical-dispatcher-5] o.e.n.h.ErgoHistory$$anon$1 - New best header 5be8a465e1c023daa23ed165a85ad543306bcfc47ce9828a3274c60ecf4f9ef2 with score 25. New height 25, old height 24
20:18:58.216 INFO  [ref-critical-dispatcher-5] o.e.n.UtxoNodeViewHolder - Got locally generated modifier 6f2af7dfb3147c87ce2883f11ffc3dc6db41e855af72711cbc29db58871f927b of type 102
20:18:58.216 WARN  [tor.default-dispatcher-18] o.e.n.ErgoNodeViewSynchronizer - No peers available in requestDownload
20:18:58.216 INFO  [ref-critical-dispatcher-5] o.e.n.UtxoNodeViewHolder - Apply modifier 6f2af7dfb3147c87ce2883f11ffc3dc6db41e855af72711cbc29db58871f927b of type 102 to nodeViewHolder
20:18:58.217 INFO  [ref-critical-dispatcher-5] o.e.n.UtxoNodeViewHolder - Got locally generated modifier 71a73c533142ed93bc23ed5122e511f9014650a00c23fdd583be47471be8c9f6 of type 108
20:18:58.217 INFO  [ref-critical-dispatcher-5] o.e.n.UtxoNodeViewHolder - Apply modifier 71a73c533142ed93bc23ed5122e511f9014650a00c23fdd583be47471be8c9f6 of type 108 to nodeViewHolder
20:18:58.218 INFO  [ref-critical-dispatcher-5] o.e.n.h.ErgoHistory$$anon$1 - Full block 5be8a465e1c023daa23ed165a85ad543306bcfc47ce9828a3274c60ecf4f9ef2 appended, going to apply 1 modifiers. New best block is 5be8a465e1c023daa23ed165a85ad543306bcfc47ce9828a3274c60ecf4f9ef2 with height 25 updates block 69e5eb0faae3efb5f9032d9f1af555c0a62c7f322f276253ab5c0dd2450371d9 with height 24
20:18:58.223 INFO  [ref-critical-dispatcher-5] o.e.n.UtxoNodeViewHolder - Apply modifier 1dd9a79c57a2f307cd23f73653d9d852facbfdff00592bd57e92f75be8f20ba6 of type 104 to nodeViewHolder
20:18:58.224 INFO  [ref-critical-dispatcher-5] o.e.n.state.UtxoState - Valid modifier with header 5be8a465e1c023daa23ed165a85ad543306bcfc47ce9828a3274c60ecf4f9ef2 and emission box Some(d5cdc13c4f790aac3f08672b1621a6d9d12dcccb67be29d9443cab25027c804a) applied to UtxoState at height 25
20:18:58.224 INFO  [ref-critical-dispatcher-5] o.e.n.state.UtxoState - checking snapshot for 25, simple check: false
20:18:58.224 INFO  [ef-critical-dispatcher-23] o.e.m.CandidateGenerator - Preparing new candidate on getting new block at 25
20:18:58.224 INFO  [ref-critical-dispatcher-5] o.e.n.UtxoNodeViewHolder - Persistent modifier 71a73c533142ed93bc23ed5122e511f9014650a00c23fdd583be47471be8c9f6 applied successfully
20:18:58.224 INFO  [tor.default-dispatcher-17] o.e.local.MempoolAuditor - Initiating mempool cleanup
20:18:58.225 INFO  [ergoref-api-dispatcher-6] o.e.n.w.ErgoWalletActor - Wallet is going to scan a block 5be8a465e1c023daa23ed165a85ad543306bcfc47ce9828a3274c60ecf4f9ef2 on chain at height 25
20:18:58.225 INFO  [tor.default-dispatcher-16] o.e.local.MempoolAuditor - Cleanup done. Switching to awaiting mode
20:18:58.226 INFO  [ref-indexer-dispatcher-15] o.e.n.h.extra.ExtraIndexer - Buffered block 25 / 25 [txs: 1, boxes: 2] (buffer: 11 / 20000)
20:18:58.226 INFO  [ef-critical-dispatcher-23] o.e.m.CandidateGenerator$ - Emission tx for nextHeight = 26: ErgoTransaction(id: 4765d59d9785087db3d72e8189503553be1d2c715899b7da0f37bd02e1064c0e, inputs: [{"boxId":"d5cdc13c4f790aac3f08672b1621a6d9d12dcccb67be29d9443cab25027c804a","spendingProof":{"proofBytes":"","extension":{}}}], outputs: [{"boxId":"1f235f9e59d38ab7623183b6da118d9b90be4b5771c091dc18b4e78ec9a5571f","value":93407377500000000,"ergoTree":"101004020e351002041408cd0279be667ef9dcbbac55a06295ce870b07029bfcdb2dce28d959f2815b16f81798ea02d192a39a8cc7a7017300730110010204020404040004c0fd4f05808c82f5f6030580b8c9e5ae040580f882ad16040204c0944004c0f407040004000580f882ad16d19683030191a38cc7a7019683020193c2b2a57300007473017302830108cdeeac93a38cc7b2a573030001978302019683040193b1a5730493c2a7c2b2a573050093958fa3730673079973089c73097e9a730a9d99a3730b730c0599c1a7c1b2a5730d00938cc7b2a5730e0001a390c1a7730f","assets":[],"creationHeight":26,"additionalRegisters":{},"transactionId":"4765d59d9785087db3d72e8189503553be1d2c715899b7da0f37bd02e1064c0e","index":0},{"boxId":"344c48ef086d9172b1ec81f5b64eca982ba5e1557ba379d8d6852a8a4cd11fd4","value":67500000000,"ergoTree":"1002041408cd038b0f29a60fa8d7e1aeafbe512288a6c6bc696547bbf8247db23c95e83014513cea02d192a39a8cc7a70173007301","assets":[],"creationHeight":26,"additionalRegisters":{},"transactionId":"4765d59d9785087db3d72e8189503553be1d2c715899b7da0f37bd02e1064c0e","index":1}], size: 339)
20:18:58.232 INFO  [ef-critical-dispatcher-23] o.e.m.CandidateGenerator$ - Assembling a block candidate for block #26 from 1 transactions available
20:18:58.234 INFO  [ef-critical-dispatcher-23] o.e.m.CandidateGenerator$ - No fee proposition found in txs List(4765d59d9785087db3d72e8189503553be1d2c715899b7da0f37bd02e1064c0e) 
20:18:58.235 INFO  [ef-critical-dispatcher-23] o.e.m.CandidateGenerator$ - Got candidate block at height 26 with 1 transactions, msg f47bebe68cf64e507b433ff275419ebacebb23033e5ad6a169884c26aa4096ff
20:18:58.235 INFO  [ef-critical-dispatcher-23] o.e.m.CandidateGenerator - Generated new candidate in 11 ms
20:18:58.236 INFO  [ef-critical-dispatcher-23] o.e.m.CandidateGenerator$ - Regenerating block candidate
20:18:58.238 INFO  [ef-critical-dispatcher-23] o.e.m.CandidateGenerator$ - Emission tx for nextHeight = 26: ErgoTransaction(id: 4765d59d9785087db3d72e8189503553be1d2c715899b7da0f37bd02e1064c0e, inputs: [{"boxId":"d5cdc13c4f790aac3f08672b1621a6d9d12dcccb67be29d9443cab25027c804a","spendingProof":{"proofBytes":"","extension":{}}}], outputs: [{"boxId":"1f235f9e59d38ab7623183b6da118d9b90be4b5771c091dc18b4e78ec9a5571f","value":93407377500000000,"ergoTree":"101004020e351002041408cd0279be667ef9dcbbac55a06295ce870b07029bfcdb2dce28d959f2815b16f81798ea02d192a39a8cc7a7017300730110010204020404040004c0fd4f05808c82f5f6030580b8c9e5ae040580f882ad16040204c0944004c0f407040004000580f882ad16d19683030191a38cc7a7019683020193c2b2a57300007473017302830108cdeeac93a38cc7b2a573030001978302019683040193b1a5730493c2a7c2b2a573050093958fa3730673079973089c73097e9a730a9d99a3730b730c0599c1a7c1b2a5730d00938cc7b2a5730e0001a390c1a7730f","assets":[],"creationHeight":26,"additionalRegisters":{},"transactionId":"4765d59d9785087db3d72e8189503553be1d2c715899b7da0f37bd02e1064c0e","index":0},{"boxId":"344c48ef086d9172b1ec81f5b64eca982ba5e1557ba379d8d6852a8a4cd11fd4","value":67500000000,"ergoTree":"1002041408cd038b0f29a60fa8d7e1aeafbe512288a6c6bc696547bbf8247db23c95e83014513cea02d192a39a8cc7a70173007301","assets":[],"creationHeight":26,"additionalRegisters":{},"transactionId":"4765d59d9785087db3d72e8189503553be1d2c715899b7da0f37bd02e1064c0e","index":1}], size: 339)
20:18:58.242 INFO  [ef-critical-dispatcher-23] o.e.m.CandidateGenerator$ - Assembling a block candidate for block #26 from 1 transactions available
20:18:58.244 INFO  [ef-critical-dispatcher-23] o.e.m.CandidateGenerator$ - No fee proposition found in txs List(4765d59d9785087db3d72e8189503553be1d2c715899b7da0f37bd02e1064c0e) 
20:18:58.245 INFO  [ef-critical-dispatcher-23] o.e.m.CandidateGenerator$ - Got candidate block at height 26 with 1 transactions, msg 455b8666312911f983d28f6212165bf81fdd2d01e67f69c0917376acd2796ed9
20:18:58.245 INFO  [ef-critical-dispatcher-23] o.e.m.CandidateGenerator - Generated new candidate in 9 ms
20:18:58.829 WARN  [tor.default-dispatcher-18] o.e.n.ErgoNodeViewSynchronizer - No peers available in requestDownload
20:19:03.231 INFO  [tor.default-dispatcher-18] o.e.m.ErgoMiningThread - Found solution, sending it for validation
20:19:03.232 INFO  [ef-critical-dispatcher-23] o.e.m.CandidateGenerator - New block mined, header: Header({"extensionId":"5a1888686914b9b9b200b8441ff7b43d1bc36a6aba2ed36c686c52dc64a5f6c1","difficulty":"1","votes":"000000","timestamp":1791595138239,"size":218,"unparsedBytes":"","stateRoot":"06180ac9bc4eb6a8af6056f175d53edc3fbad343c41e11aa6f2f715b9d3a392d06","height":26,"nBits":16842752,"version":4,"id":"9fdd1bc21fe6deac83766c74e82e33cd7fcff3cebbc03770ddfe163017ed8991","adProofsRoot":"2afdbad14dbf2ac040f718ba9f6a2cb7b0aa7f1a67cac08a687e2fd3c5ef44a6","transactionsRoot":"bd44a98cfcefb045acb3c5092b5628d2b59b4316db353ed72e3684fe5353b7a0","extensionHash":"14d8b56a065176c05c8690362e831d1467548a4e040fcdb9dc01f53e7f107664","powSolutions":{"pk":"038b0f29a60fa8d7e1aeafbe512288a6c6bc696547bbf8247db23c95e83014513c","w":"03c71cfb3194645a793b857a078337987d1c923338a5102330f01b0b63c363c8d1","n":"0000000000000000","d":38313885781726029162590900332314191787023500957920356692571977395602255652318},"adProofsId":"a9e6bd6a9860b3a0c18dc06487d00f53d4a8c1138d94f480627f50fad35d0873","transactionsId":"b8c42fc7fa68fa6ebf2fb146230e79b3b1a84afd3d64f594965195c6b3596999","parentId":"5be8a465e1c023daa23ed165a85ad543306bcfc47ce9828a3274c60ecf4f9ef2"})
20:19:03.234 INFO  [ef-critical-dispatcher-23] o.e.m.CandidateGenerator - New block 9fdd1bc21fe6deac83766c74e82e33cd7fcff3cebbc03770ddfe163017ed8991 w. nonce 0
20:19:03.234 INFO  [tor.default-dispatcher-18] o.e.n.ErgoNodeViewSynchronizer - Immediately announcing newly mined block 9fdd1bc21fe6deac83766c74e82e33cd7fcff3cebbc03770ddfe163017ed8991 at height 26 to all peers
20:19:03.234 INFO  [ref-critical-dispatcher-5] o.e.n.UtxoNodeViewHolder - Got locally generated modifier 9fdd1bc21fe6deac83766c74e82e33cd7fcff3cebbc03770ddfe163017ed8991 of type 101
20:19:03.234 INFO  [ref-critical-dispatcher-5] o.e.n.UtxoNodeViewHolder - Apply modifier 9fdd1bc21fe6deac83766c74e82e33cd7fcff3cebbc03770ddfe163017ed8991 of type 101 to nodeViewHolder
20:19:03.234 INFO  [ef-critical-dispatcher-23] o.e.m.CandidateGenerator - Processed solution AutolykosSolution(Ecp((4e29d12087d02e51f19950b67875289ed9e4872dbd1c170bace513f9c7b49eb0,2b9e7178d74f049e4796e8e263ce297d8fb9568829a4af7ed225550eed6b03cf,b53f31722529e29f5ca36d8613d5ea342389639c8b43f68f32b538641b18e9e0)),Ecp((3b439480f671196719efb93512f31f81ab42b61fcf784be51c5ea173747e8661,831524e58dd4ef934925ccc6d06aae86b0d6f64138892799bf0cc54d5f8c222c,a5ffff3e88dae3c2179e2a6b953b4ec0475eaef5b2b56fccbbf3704526edeb97)),[B@52d89bdb,38313885781726029162590900332314191787023500957920356692571977395602255652318) with the result Success(())
20:19:03.235 INFO  [tor.default-dispatcher-21] o.e.m.ErgoMiningThread - Solution accepted
20:19:03.236 INFO  [ref-critical-dispatcher-5] o.e.n.h.ErgoHistory$$anon$1 - New best header 9fdd1bc21fe6deac83766c74e82e33cd7fcff3cebbc03770ddfe163017ed8991 with score 26. New height 26, old height 25
20:19:03.237 WARN  [tor.default-dispatcher-21] o.e.n.ErgoNodeViewSynchronizer - No peers available in requestDownload
20:19:03.237 INFO  [ef-critical-dispatcher-23] o.e.n.UtxoNodeViewHolder - Got locally generated modifier b8c42fc7fa68fa6ebf2fb146230e79b3b1a84afd3d64f594965195c6b3596999 of type 102
20:19:03.238 INFO  [ef-critical-dispatcher-23] o.e.n.UtxoNodeViewHolder - Apply modifier b8c42fc7fa68fa6ebf2fb146230e79b3b1a84afd3d64f594965195c6b3596999 of type 102 to nodeViewHolder
20:19:03.239 INFO  [ref-critical-dispatcher-5] o.e.n.UtxoNodeViewHolder - Got locally generated modifier 5a1888686914b9b9b200b8441ff7b43d1bc36a6aba2ed36c686c52dc64a5f6c1 of type 108
20:19:03.239 INFO  [ref-critical-dispatcher-5] o.e.n.UtxoNodeViewHolder - Apply modifier 5a1888686914b9b9b200b8441ff7b43d1bc36a6aba2ed36c686c52dc64a5f6c1 of type 108 to nodeViewHolder
20:19:03.239 INFO  [ref-critical-dispatcher-5] o.e.n.h.ErgoHistory$$anon$1 - Full block 9fdd1bc21fe6deac83766c74e82e33cd7fcff3cebbc03770ddfe163017ed8991 appended, going to apply 1 modifiers. New best block is 9fdd1bc21fe6deac83766c74e82e33cd7fcff3cebbc03770ddfe163017ed8991 with height 26 updates block 5be8a465e1c023daa23ed165a85ad543306bcfc47ce9828a3274c60ecf4f9ef2 with height 25
20:19:03.246 INFO  [ref-critical-dispatcher-5] o.e.n.UtxoNodeViewHolder - Apply modifier a9e6bd6a9860b3a0c18dc06487d00f53d4a8c1138d94f480627f50fad35d0873 of type 104 to nodeViewHolder
20:19:03.247 INFO  [ref-critical-dispatcher-5] o.e.n.state.UtxoState - Valid modifier with header 9fdd1bc21fe6deac83766c74e82e33cd7fcff3cebbc03770ddfe163017ed8991 and emission box Some(1f235f9e59d38ab7623183b6da118d9b90be4b5771c091dc18b4e78ec9a5571f) applied to UtxoState at height 26
20:19:03.247 INFO  [ref-critical-dispatcher-5] o.e.n.state.UtxoState - checking snapshot for 26, simple check: false
20:19:03.248 INFO  [ef-critical-dispatcher-23] o.e.m.CandidateGenerator - Preparing new candidate on getting new block at 26
20:19:03.248 INFO  [tor.default-dispatcher-21] o.e.local.MempoolAuditor - Initiating mempool cleanup
20:19:03.248 INFO  [ref-critical-dispatcher-5] o.e.n.UtxoNodeViewHolder - Persistent modifier 5a1888686914b9b9b200b8441ff7b43d1bc36a6aba2ed36c686c52dc64a5f6c1 applied successfully
20:19:03.248 INFO  [ergoref-api-dispatcher-6] o.e.n.w.ErgoWalletActor - Wallet is going to scan a block 9fdd1bc21fe6deac83766c74e82e33cd7fcff3cebbc03770ddfe163017ed8991 on chain at height 26
20:19:03.248 INFO  [tor.default-dispatcher-21] o.e.local.MempoolAuditor - Cleanup done. Switching to awaiting mode
20:19:03.249 INFO  [ref-indexer-dispatcher-15] o.e.n.h.extra.ExtraIndexer - Buffered block 26 / 26 [txs: 1, boxes: 2] (buffer: 11 / 20000)
20:19:03.250 INFO  [ef-critical-dispatcher-23] o.e.m.CandidateGenerator$ - Emission tx for nextHeight = 27: ErgoTransaction(id: ab439b14f91b2c8564058ce3e94106294bfc0aa65ba901b73835439c367b0461, inputs: [{"boxId":"1f235f9e59d38ab7623183b6da118d9b90be4b5771c091dc18b4e78ec9a5571f","spendingProof":{"proofBytes":"","extension":{}}}], outputs: [{"boxId":"00bf1945964a6b65d59d92e5f54e69e8045dc54ecae16a03faf2f9c5096def8f","value":93407310000000000,"ergoTree":"101004020e351002041408cd0279be667ef9dcbbac55a06295ce870b07029bfcdb2dce28d959f2815b16f81798ea02d192a39a8cc7a7017300730110010204020404040004c0fd4f05808c82f5f6030580b8c9e5ae040580f882ad16040204c0944004c0f407040004000580f882ad16d19683030191a38cc7a7019683020193c2b2a57300007473017302830108cdeeac93a38cc7b2a573030001978302019683040193b1a5730493c2a7c2b2a573050093958fa3730673079973089c73097e9a730a9d99a3730b730c0599c1a7c1b2a5730d00938cc7b2a5730e0001a390c1a7730f","assets":[],"creationHeight":27,"additionalRegisters":{},"transactionId":"ab439b14f91b2c8564058ce3e94106294bfc0aa65ba901b73835439c367b0461","index":0},{"boxId":"15a6ba9a91eabe25f91d2e906d9dace5423efc3031c3bf7da5f8f8a45eefd7b6","value":67500000000,"ergoTree":"1002041408cd038b0f29a60fa8d7e1aeafbe512288a6c6bc696547bbf8247db23c95e83014513cea02d192a39a8cc7a70173007301","assets":[],"creationHeight":27,"additionalRegisters":{},"transactionId":"ab439b14f91b2c8564058ce3e94106294bfc0aa65ba901b73835439c367b0461","index":1}], size: 339)
20:19:03.255 INFO  [ef-critical-dispatcher-23] o.e.m.CandidateGenerator$ - Assembling a block candidate for block #27 from 1 transactions available
20:19:03.257 INFO  [ef-critical-dispatcher-23] o.e.m.CandidateGenerator$ - No fee proposition found in txs List(ab439b14f91b2c8564058ce3e94106294bfc0aa65ba901b73835439c367b0461) 
20:19:03.258 INFO  [ef-critical-dispatcher-23] o.e.m.CandidateGenerator$ - Got candidate block at height 27 with 1 transactions, msg 84f85edfc495298a1b3d7c459e96ed315990f4183fc0169a6aa27809d3cebf59
20:19:03.258 INFO  [ef-critical-dispatcher-23] o.e.m.CandidateGenerator - Generated new candidate in 10 ms
20:19:03.259 INFO  [ef-critical-dispatcher-23] o.e.m.CandidateGenerator$ - Regenerating block candidate
20:19:03.260 INFO  [ef-critical-dispatcher-23] o.e.m.CandidateGenerator$ - Emission tx for nextHeight = 27: ErgoTransaction(id: ab439b14f91b2c8564058ce3e94106294bfc0aa65ba901b73835439c367b0461, inputs: [{"boxId":"1f235f9e59d38ab7623183b6da118d9b90be4b5771c091dc18b4e78ec9a5571f","spendingProof":{"proofBytes":"","extension":{}}}], outputs: [{"boxId":"00bf1945964a6b65d59d92e5f54e69e8045dc54ecae16a03faf2f9c5096def8f","value":93407310000000000,"ergoTree":"101004020e351002041408cd0279be667ef9dcbbac55a06295ce870b07029bfcdb2dce28d959f2815b16f81798ea02d192a39a8cc7a7017300730110010204020404040004c0fd4f05808c82f5f6030580b8c9e5ae040580f882ad16040204c0944004c0f407040004000580f882ad16d19683030191a38cc7a7019683020193c2b2a57300007473017302830108cdeeac93a38cc7b2a573030001978302019683040193b1a5730493c2a7c2b2a573050093958fa3730673079973089c73097e9a730a9d99a3730b730c0599c1a7c1b2a5730d00938cc7b2a5730e0001a390c1a7730f","assets":[],"creationHeight":27,"additionalRegisters":{},"transactionId":"ab439b14f91b2c8564058ce3e94106294bfc0aa65ba901b73835439c367b0461","index":0},{"boxId":"15a6ba9a91eabe25f91d2e906d9dace5423efc3031c3bf7da5f8f8a45eefd7b6","value":67500000000,"ergoTree":"1002041408cd038b0f29a60fa8d7e1aeafbe512288a6c6bc696547bbf8247db23c95e83014513cea02d192a39a8cc7a70173007301","assets":[],"creationHeight":27,"additionalRegisters":{},"transactionId":"ab439b14f91b2c8564058ce3e94106294bfc0aa65ba901b73835439c367b0461","index":1}], size: 339)
20:19:03.267 INFO  [ef-critical-dispatcher-23] o.e.m.CandidateGenerator$ - Assembling a block candidate for block #27 from 1 transactions available
20:19:03.269 INFO  [ef-critical-dispatcher-23] o.e.m.CandidateGenerator$ - No fee proposition found in txs List(ab439b14f91b2c8564058ce3e94106294bfc0aa65ba901b73835439c367b0461) 
20:19:03.270 INFO  [ef-critical-dispatcher-23] o.e.m.CandidateGenerator$ - Got candidate block at height 27 with 1 transactions, msg 4fae5b716671c02dfafa7bf2bfb1a86f3d0d9168fe96136781beb7426a834b72
20:19:03.270 INFO  [ef-critical-dispatcher-23] o.e.m.CandidateGenerator - Generated new candidate in 11 ms
20:19:03.829 WARN  [tor.default-dispatcher-17] o.e.n.ErgoNodeViewSynchronizer - No peers available in requestDownload
20:19:05.657 INFO  [ref-critical-dispatcher-5] o.e.n.mempool.ErgoMemPool - Processing mempool transaction: ErgoTransaction(id: 87989096fd39a1b20a06d40a0cf652453b146b12e50cfd1c0ebea54bee177c7b, inputs: [{"boxId":"e1e6a4c3bb6f84fc91d70f2c0d287e741b1a59328e470b91df79a08093756c36","spendingProof":{"proofBytes":"","extension":{"0":"0400"}}},{"boxId":"6223c1c07df13df6a187f30f977426213522eac61d13df5352d33a7ad0020357","spendingProof":{"proofBytes":"","extension":{"0":"0400"}}},{"boxId":"e540dbaf08de2ca3ef3ddcdea483c67ee75a8f513032b59085006e1c9e991486","spendingProof":{"proofBytes":"","extension":{"0":"0400"}}}], outputs: [{"boxId":"614c36824a0a40572c6108a544b7df1ec6e353ab82f017c7ba171aa9e7909e11","value":50500000,"ergoTree":"198c030f05000e21038b0f29a60fa8d7e1aeafbe512288a6c6bc696547bbf8247db23c95e83014513c0404050004500428050005c0843d05000504058092f4010414040004080100d802d601e30004d602d901023c630eb0db63088c7202017300d90104414d0ed802d6068c720402d6078c72040195938c7206018c7202029a72078c7206027207eb02cdee7301d195e67201d806d603c2a7d604b5a4d901046393c272047203d605b17204d6069272057302d607b2a5e4720100d608b072047303d9010841639a8c720801c18c72080296830601ec720692a3999a8cc7a7017304730593c272077203af7204d9010963afdb63087209d9010b4d0ed801d60d8c720b0192da72020186027207720db072047306d9010e41639a8c720e01da72020186028c720e02720d92c17207997208957206a19c7e7205057307997208b072047308d901094163a28c720901c18c720902a19dc1a77309730a928cc772070199a3730b95720690b1c37207b07204730cd9010940639a8c720901b1c38c72090290b1c372079ab1c3a7730d730e","assets":[{"tokenId":"1c41655be23d3d1c5271d0b25ff0ce11ddf7c8738a3b647ee31577c1bade8dd4","amount":6}],"creationHeight":27,"additionalRegisters":{},"transactionId":"87989096fd39a1b20a06d40a0cf652453b146b12e50cfd1c0ebea54bee177c7b","index":0},{"boxId":"db0daa82d67e8add9403c6ecf4e0a52cda70138d7dab12fee6b1b4746e198a17","value":1500000,"ergoTree":"0008cd032d0c040f8ef24535cab2ee8529631bc60111095b3770dddc27f314aaca841a29","assets":[],"creationHeight":27,"additionalRegisters":{},"transactionId":"87989096fd39a1b20a06d40a0cf652453b146b12e50cfd1c0ebea54bee177c7b","index":1}], size: 597)
20:19:05.676 INFO  [ef-critical-dispatcher-23] o.e.m.CandidateGenerator$ - Regenerating block candidate
20:19:05.678 INFO  [ef-critical-dispatcher-23] o.e.m.CandidateGenerator$ - Emission tx for nextHeight = 27: ErgoTransaction(id: ab439b14f91b2c8564058ce3e94106294bfc0aa65ba901b73835439c367b0461, inputs: [{"boxId":"1f235f9e59d38ab7623183b6da118d9b90be4b5771c091dc18b4e78ec9a5571f","spendingProof":{"proofBytes":"","extension":{}}}], outputs: [{"boxId":"00bf1945964a6b65d59d92e5f54e69e8045dc54ecae16a03faf2f9c5096def8f","value":93407310000000000,"ergoTree":"101004020e351002041408cd0279be667ef9dcbbac55a06295ce870b07029bfcdb2dce28d959f2815b16f81798ea02d192a39a8cc7a7017300730110010204020404040004c0fd4f05808c82f5f6030580b8c9e5ae040580f882ad16040204c0944004c0f407040004000580f882ad16d19683030191a38cc7a7019683020193c2b2a57300007473017302830108cdeeac93a38cc7b2a573030001978302019683040193b1a5730493c2a7c2b2a573050093958fa3730673079973089c73097e9a730a9d99a3730b730c0599c1a7c1b2a5730d00938cc7b2a5730e0001a390c1a7730f","assets":[],"creationHeight":27,"additionalRegisters":{},"transactionId":"ab439b14f91b2c8564058ce3e94106294bfc0aa65ba901b73835439c367b0461","index":0},{"boxId":"15a6ba9a91eabe25f91d2e906d9dace5423efc3031c3bf7da5f8f8a45eefd7b6","value":67500000000,"ergoTree":"1002041408cd038b0f29a60fa8d7e1aeafbe512288a6c6bc696547bbf8247db23c95e83014513cea02d192a39a8cc7a70173007301","assets":[],"creationHeight":27,"additionalRegisters":{},"transactionId":"ab439b14f91b2c8564058ce3e94106294bfc0aa65ba901b73835439c367b0461","index":1}], size: 339)
20:19:05.685 INFO  [ef-critical-dispatcher-23] o.e.m.CandidateGenerator$ - Assembling a block candidate for block #27 from 2 transactions available
20:19:05.688 INFO  [ef-critical-dispatcher-23] o.e.m.CandidateGenerator$ - No fee proposition found in txs List(ab439b14f91b2c8564058ce3e94106294bfc0aa65ba901b73835439c367b0461) 
20:19:05.709 INFO  [ef-critical-dispatcher-23] o.e.m.CandidateGenerator$ - No fee proposition found in txs List(ab439b14f91b2c8564058ce3e94106294bfc0aa65ba901b73835439c367b0461, 87989096fd39a1b20a06d40a0cf652453b146b12e50cfd1c0ebea54bee177c7b) 
20:19:05.710 INFO  [ef-critical-dispatcher-23] o.e.m.CandidateGenerator$ - Got candidate block at height 27 with 2 transactions, msg 9e1b0a7c97140e62c2380d0b61f5f139a9d4e581d091585cee39514061d8adde
20:19:05.710 INFO  [ef-critical-dispatcher-23] o.e.m.CandidateGenerator - Generated new candidate in 34 ms
20:19:08.252 INFO  [tor.default-dispatcher-18] o.e.m.ErgoMiningThread - Found solution, sending it for validation
20:19:08.254 INFO  [ref-critical-dispatcher-5] o.e.m.CandidateGenerator - New block mined, header: Header({"extensionId":"a31603108b37bf3387a12a2f181b0ffd30ead4d72f1d7875f31519a9c58c5ab1","difficulty":"1","votes":"000000","timestamp":1791595145679,"size":218,"unparsedBytes":"","stateRoot":"97372e35719980a596e9ef71bdefb73bf3a93e13077aa3ffeac1aff5e89e1aef06","height":27,"nBits":16842752,"version":4,"id":"d9b39be27319c010194b96491b55c7dedb011a830486f04f9ec16b39389b4c5e","adProofsRoot":"ca19f6043ee81ad19f12c19c6738e3c533fee19cff87aff3f7d9d7919436f8f0","transactionsRoot":"260be4ef6c41b6c1e963406a489b286c3877e54aaa2fc02938ffbb5369357ea8","extensionHash":"b7ed7af637ec7a8ddbe622482311ef7084e475c65a43552131a18a2a2bddd067","powSolutions":{"pk":"038b0f29a60fa8d7e1aeafbe512288a6c6bc696547bbf8247db23c95e83014513c","w":"03c6e245cf242daaacdf40f90bb75730d6197dbd5509b17752cba653638537b492","n":"0000000000000000","d":615558331227577993774037852398313695364868486951629843235754008236386387310},"adProofsId":"a18cd0b78610fde9d989f5f1d4f2c1707a96aa4c2b9cbfbcd61ed6ad2d6a47ae","transactionsId":"ecb29c8d29e82f81af5f7ecbb8c738fc3c4019cfa4e1c41f05fb58b35c679780","parentId":"9fdd1bc21fe6deac83766c74e82e33cd7fcff3cebbc03770ddfe163017ed8991"})
20:19:08.255 INFO  [ref-critical-dispatcher-5] o.e.m.CandidateGenerator - New block d9b39be27319c010194b96491b55c7dedb011a830486f04f9ec16b39389b4c5e w. nonce 0
20:19:08.255 INFO  [tor.default-dispatcher-18] o.e.n.ErgoNodeViewSynchronizer - Immediately announcing newly mined block d9b39be27319c010194b96491b55c7dedb011a830486f04f9ec16b39389b4c5e at height 27 to all peers
20:19:08.255 INFO  [ref-critical-dispatcher-5] o.e.m.CandidateGenerator - Processed solution AutolykosSolution(Ecp((4e29d12087d02e51f19950b67875289ed9e4872dbd1c170bace513f9c7b49eb0,2b9e7178d74f049e4796e8e263ce297d8fb9568829a4af7ed225550eed6b03cf,b53f31722529e29f5ca36d8613d5ea342389639c8b43f68f32b538641b18e9e0)),Ecp((fc96c6408e041ac65da8a08b73b7bf7ace30148cdeb0aa032a57c5b1dee6c121,9b75d8a1123bbbef894a7c91aaff98e03910b9f27ccc73b9a050c1aa8b32912c,1b5c2b2a7e6e43244d173b740b3fdb8388fafab6394abb46ee8eb3372ea2d205)),[B@3e8dc5fd,615558331227577993774037852398313695364868486951629843235754008236386387310) with the result Success(())
20:19:08.255 INFO  [ef-critical-dispatcher-23] o.e.n.UtxoNodeViewHolder - Got locally generated modifier d9b39be27319c010194b96491b55c7dedb011a830486f04f9ec16b39389b4c5e of type 101
20:19:08.256 INFO  [ctor.default-dispatcher-4] o.e.m.ErgoMiningThread - Solution accepted
20:19:08.256 INFO  [ef-critical-dispatcher-23] o.e.n.UtxoNodeViewHolder - Apply modifier d9b39be27319c010194b96491b55c7dedb011a830486f04f9ec16b39389b4c5e of type 101 to nodeViewHolder
20:19:08.258 INFO  [ef-critical-dispatcher-23] o.e.n.h.ErgoHistory$$anon$1 - New best header d9b39be27319c010194b96491b55c7dedb011a830486f04f9ec16b39389b4c5e with score 27. New height 27, old height 26
20:19:08.259 WARN  [ctor.default-dispatcher-4] o.e.n.ErgoNodeViewSynchronizer - No peers available in requestDownload
20:19:08.259 INFO  [ef-critical-dispatcher-23] o.e.n.UtxoNodeViewHolder - Got locally generated modifier ecb29c8d29e82f81af5f7ecbb8c738fc3c4019cfa4e1c41f05fb58b35c679780 of type 102
20:19:08.259 INFO  [ef-critical-dispatcher-23] o.e.n.UtxoNodeViewHolder - Apply modifier ecb29c8d29e82f81af5f7ecbb8c738fc3c4019cfa4e1c41f05fb58b35c679780 of type 102 to nodeViewHolder
20:19:08.260 INFO  [ef-critical-dispatcher-23] o.e.n.UtxoNodeViewHolder - Got locally generated modifier a31603108b37bf3387a12a2f181b0ffd30ead4d72f1d7875f31519a9c58c5ab1 of type 108
20:19:08.260 INFO  [ef-critical-dispatcher-23] o.e.n.UtxoNodeViewHolder - Apply modifier a31603108b37bf3387a12a2f181b0ffd30ead4d72f1d7875f31519a9c58c5ab1 of type 108 to nodeViewHolder
20:19:08.261 INFO  [ef-critical-dispatcher-23] o.e.n.h.ErgoHistory$$anon$1 - Full block d9b39be27319c010194b96491b55c7dedb011a830486f04f9ec16b39389b4c5e appended, going to apply 1 modifiers. New best block is d9b39be27319c010194b96491b55c7dedb011a830486f04f9ec16b39389b4c5e with height 27 updates block 9fdd1bc21fe6deac83766c74e82e33cd7fcff3cebbc03770ddfe163017ed8991 with height 26
20:19:08.283 INFO  [ef-critical-dispatcher-23] o.e.n.UtxoNodeViewHolder - Apply modifier a18cd0b78610fde9d989f5f1d4f2c1707a96aa4c2b9cbfbcd61ed6ad2d6a47ae of type 104 to nodeViewHolder
20:19:08.284 INFO  [ef-critical-dispatcher-23] o.e.n.state.UtxoState - Valid modifier with header d9b39be27319c010194b96491b55c7dedb011a830486f04f9ec16b39389b4c5e and emission box Some(00bf1945964a6b65d59d92e5f54e69e8045dc54ecae16a03faf2f9c5096def8f) applied to UtxoState at height 27
20:19:08.284 INFO  [ef-critical-dispatcher-23] o.e.n.state.UtxoState - checking snapshot for 27, simple check: false
20:19:08.285 INFO  [ref-critical-dispatcher-5] o.e.m.CandidateGenerator - Preparing new candidate on getting new block at 27
20:19:08.285 INFO  [ef-critical-dispatcher-23] o.e.n.UtxoNodeViewHolder - Persistent modifier a31603108b37bf3387a12a2f181b0ffd30ead4d72f1d7875f31519a9c58c5ab1 applied successfully
20:19:08.285 INFO  [ergoref-api-dispatcher-6] o.e.n.w.ErgoWalletActor - Wallet is going to scan a block d9b39be27319c010194b96491b55c7dedb011a830486f04f9ec16b39389b4c5e on chain at height 27
20:19:08.287 INFO  [tor.default-dispatcher-18] o.e.local.MempoolAuditor - Initiating mempool cleanup
20:19:08.288 INFO  [tor.default-dispatcher-18] o.e.local.MempoolAuditor - Cleanup done. Switching to awaiting mode
20:19:08.289 INFO  [ref-critical-dispatcher-5] o.e.m.CandidateGenerator$ - Emission tx for nextHeight = 28: ErgoTransaction(id: d534e7018e536b6a129856ee69fa646c85a5b4ceed7df716bfca8c6a980a795f, inputs: [{"boxId":"00bf1945964a6b65d59d92e5f54e69e8045dc54ecae16a03faf2f9c5096def8f","spendingProof":{"proofBytes":"","extension":{}}}], outputs: [{"boxId":"d944cd94e5efb9045b0f7eb2d0c261bbdd3c9cf028fa6a1bcdbae854a0c7f837","value":93407242500000000,"ergoTree":"101004020e351002041408cd0279be667ef9dcbbac55a06295ce870b07029bfcdb2dce28d959f2815b16f81798ea02d192a39a8cc7a7017300730110010204020404040004c0fd4f05808c82f5f6030580b8c9e5ae040580f882ad16040204c0944004c0f407040004000580f882ad16d19683030191a38cc7a7019683020193c2b2a57300007473017302830108cdeeac93a38cc7b2a573030001978302019683040193b1a5730493c2a7c2b2a573050093958fa3730673079973089c73097e9a730a9d99a3730b730c0599c1a7c1b2a5730d00938cc7b2a5730e0001a390c1a7730f","assets":[],"creationHeight":28,"additionalRegisters":{},"transactionId":"d534e7018e536b6a129856ee69fa646c85a5b4ceed7df716bfca8c6a980a795f","index":0},{"boxId":"474f8716bb6fe38a55aea8a6635ee5efb55bec69cba20a8fa48fd22116cd7bfb","value":67500000000,"ergoTree":"1002041408cd038b0f29a60fa8d7e1aeafbe512288a6c6bc696547bbf8247db23c95e83014513cea02d192a39a8cc7a70173007301","assets":[],"creationHeight":28,"additionalRegisters":{},"transactionId":"d534e7018e536b6a129856ee69fa646c85a5b4ceed7df716bfca8c6a980a795f","index":1}], size: 339)
20:19:08.292 INFO  [ref-indexer-dispatcher-15] o.e.n.h.extra.ExtraIndexer - Buffered block 27 / 27 [txs: 2, boxes: 4] (buffer: 25 / 20000)
20:19:08.297 INFO  [ref-critical-dispatcher-5] o.e.m.CandidateGenerator$ - Assembling a block candidate for block #28 from 1 transactions available
20:19:08.300 INFO  [ref-critical-dispatcher-5] o.e.m.CandidateGenerator$ - No fee proposition found in txs List(d534e7018e536b6a129856ee69fa646c85a5b4ceed7df716bfca8c6a980a795f) 
20:19:08.301 INFO  [ref-critical-dispatcher-5] o.e.m.CandidateGenerator$ - Got candidate block at height 28 with 1 transactions, msg 878398bbf03ce79e39ee9b8a2b58827325ae30be8338928f01359a6f43d4c89b
20:19:08.302 INFO  [ref-critical-dispatcher-5] o.e.m.CandidateGenerator - Generated new candidate in 17 ms
20:19:08.302 INFO  [ref-critical-dispatcher-5] o.e.m.CandidateGenerator$ - Regenerating block candidate
20:19:08.304 INFO  [ref-critical-dispatcher-5] o.e.m.CandidateGenerator$ - Emission tx for nextHeight = 28: ErgoTransaction(id: d534e7018e536b6a129856ee69fa646c85a5b4ceed7df716bfca8c6a980a795f, inputs: [{"boxId":"00bf1945964a6b65d59d92e5f54e69e8045dc54ecae16a03faf2f9c5096def8f","spendingProof":{"proofBytes":"","extension":{}}}], outputs: [{"boxId":"d944cd94e5efb9045b0f7eb2d0c261bbdd3c9cf028fa6a1bcdbae854a0c7f837","value":93407242500000000,"ergoTree":"101004020e351002041408cd0279be667ef9dcbbac55a06295ce870b07029bfcdb2dce28d959f2815b16f81798ea02d192a39a8cc7a7017300730110010204020404040004c0fd4f05808c82f5f6030580b8c9e5ae040580f882ad16040204c0944004c0f407040004000580f882ad16d19683030191a38cc7a7019683020193c2b2a57300007473017302830108cdeeac93a38cc7b2a573030001978302019683040193b1a5730493c2a7c2b2a573050093958fa3730673079973089c73097e9a730a9d99a3730b730c0599c1a7c1b2a5730d00938cc7b2a5730e0001a390c1a7730f","assets":[],"creationHeight":28,"additionalRegisters":{},"transactionId":"d534e7018e536b6a129856ee69fa646c85a5b4ceed7df716bfca8c6a980a795f","index":0},{"boxId":"474f8716bb6fe38a55aea8a6635ee5efb55bec69cba20a8fa48fd22116cd7bfb","value":67500000000,"ergoTree":"1002041408cd038b0f29a60fa8d7e1aeafbe512288a6c6bc696547bbf8247db23c95e83014513cea02d192a39a8cc7a70173007301","assets":[],"creationHeight":28,"additionalRegisters":{},"transactionId":"d534e7018e536b6a129856ee69fa646c85a5b4ceed7df716bfca8c6a980a795f","index":1}], size: 339)
20:19:08.311 INFO  [ref-critical-dispatcher-5] o.e.m.CandidateGenerator$ - Assembling a block candidate for block #28 from 1 transactions available
20:19:08.314 INFO  [ref-critical-dispatcher-5] o.e.m.CandidateGenerator$ - No fee proposition found in txs List(d534e7018e536b6a129856ee69fa646c85a5b4ceed7df716bfca8c6a980a795f) 
20:19:08.315 INFO  [ref-critical-dispatcher-5] o.e.m.CandidateGenerator$ - Got candidate block at height 28 with 1 transactions, msg 1aa78bd01da8393a4bbe9ada80f5322128fe8d5c768f0c4e4b74b99b7ecad785
20:19:08.315 INFO  [ref-critical-dispatcher-5] o.e.m.CandidateGenerator - Generated new candidate in 13 ms
20:19:08.828 WARN  [ctor.default-dispatcher-4] o.e.n.ErgoNodeViewSynchronizer - No peers available in requestDownload
20:19:13.270 INFO  [ctor.default-dispatcher-8] o.e.m.ErgoMiningThread - Found solution, sending it for validation
20:19:13.272 INFO  [ef-critical-dispatcher-23] o.e.m.CandidateGenerator - New block mined, header: Header({"extensionId":"0c2c7d5775b82a609c082d653286b46cf13cbd13839be18f0fbcebda9e277bfe","difficulty":"1","votes":"000000","timestamp":1791595148305,"size":218,"unparsedBytes":"","stateRoot":"78cc88440442fc19395ef26b166246fb92179862032a8afac8f439bbb019463c06","height":28,"nBits":16842752,"version":4,"id":"9bc0a3afa91536e50748c92b15979747c39cd3537f34b9f9dbc03a25598819ea","adProofsRoot":"b0c4936268d12f88ace4f08c299813f917773d60dcb4666fbfd1d6e5408f5660","transactionsRoot":"57ecf17e90d6183290373f82a8204b23cf8b56d9a8083457dc842616352c7c31","extensionHash":"0f45ec1f255ddab5baaf89201cae91ae3a68943a9c239b351c1f5089b44f4023","powSolutions":{"pk":"038b0f29a60fa8d7e1aeafbe512288a6c6bc696547bbf8247db23c95e83014513c","w":"038bb6ff55fc9489346c97063610ee38f39f03bf365f556c4510ec70f7d404dc09","n":"0000000000000000","d":50095151044079721266624089998375677447829558882001461649099087370170695852923},"adProofsId":"0f6ab905718d141a0989f879b197862a751a716d77513b8eaa7ac1e154b2579b","transactionsId":"08e4376a87f0a7ecea318be7388342e8c917b9fa7a4c5b03cb8611ad5258ff46","parentId":"d9b39be27319c010194b96491b55c7dedb011a830486f04f9ec16b39389b4c5e"})
20:19:13.273 INFO  [ef-critical-dispatcher-23] o.e.m.CandidateGenerator - New block 9bc0a3afa91536e50748c92b15979747c39cd3537f34b9f9dbc03a25598819ea w. nonce 0
20:19:13.273 INFO  [ctor.default-dispatcher-8] o.e.n.ErgoNodeViewSynchronizer - Immediately announcing newly mined block 9bc0a3afa91536e50748c92b15979747c39cd3537f34b9f9dbc03a25598819ea at height 28 to all peers
20:19:13.273 INFO  [ef-critical-dispatcher-23] o.e.m.CandidateGenerator - Processed solution AutolykosSolution(Ecp((4e29d12087d02e51f19950b67875289ed9e4872dbd1c170bace513f9c7b49eb0,2b9e7178d74f049e4796e8e263ce297d8fb9568829a4af7ed225550eed6b03cf,b53f31722529e29f5ca36d8613d5ea342389639c8b43f68f32b538641b18e9e0)),Ecp((c7cd20f585c74128e6fdbdbc40e9f53401766b113f16ba2077520468bc7afa4,d3a9f2edbf6356af21f0a8e535c7dfc8882333cf9477626b649fb6d5dd385ef9,a7df42f014bc0caa28fef9ce487c2a792757607a8f48d08f2558f40a99556b4a)),[B@5151b2a5,50095151044079721266624089998375677447829558882001461649099087370170695852923) with the result Success(())
20:19:13.273 INFO  [ref-critical-dispatcher-5] o.e.n.UtxoNodeViewHolder - Got locally generated modifier 9bc0a3afa91536e50748c92b15979747c39cd3537f34b9f9dbc03a25598819ea of type 101
20:19:13.273 INFO  [ctor.default-dispatcher-8] o.e.m.ErgoMiningThread - Solution accepted
20:19:13.273 INFO  [ref-critical-dispatcher-5] o.e.n.UtxoNodeViewHolder - Apply modifier 9bc0a3afa91536e50748c92b15979747c39cd3537f34b9f9dbc03a25598819ea of type 101 to nodeViewHolder
20:19:13.275 INFO  [ref-critical-dispatcher-5] o.e.n.h.ErgoHistory$$anon$1 - New best header 9bc0a3afa91536e50748c92b15979747c39cd3537f34b9f9dbc03a25598819ea with score 28. New height 28, old height 27
20:19:13.276 WARN  [ctor.default-dispatcher-8] o.e.n.ErgoNodeViewSynchronizer - No peers available in requestDownload
20:19:13.276 INFO  [ref-critical-dispatcher-5] o.e.n.UtxoNodeViewHolder - Got locally generated modifier 08e4376a87f0a7ecea318be7388342e8c917b9fa7a4c5b03cb8611ad5258ff46 of type 102
20:19:13.276 INFO  [ref-critical-dispatcher-5] o.e.n.UtxoNodeViewHolder - Apply modifier 08e4376a87f0a7ecea318be7388342e8c917b9fa7a4c5b03cb8611ad5258ff46 of type 102 to nodeViewHolder
20:19:13.277 INFO  [ref-critical-dispatcher-5] o.e.n.UtxoNodeViewHolder - Got locally generated modifier 0c2c7d5775b82a609c082d653286b46cf13cbd13839be18f0fbcebda9e277bfe of type 108
20:19:13.277 INFO  [ref-critical-dispatcher-5] o.e.n.UtxoNodeViewHolder - Apply modifier 0c2c7d5775b82a609c082d653286b46cf13cbd13839be18f0fbcebda9e277bfe of type 108 to nodeViewHolder
20:19:13.277 INFO  [ref-critical-dispatcher-5] o.e.n.h.ErgoHistory$$anon$1 - Full block 9bc0a3afa91536e50748c92b15979747c39cd3537f34b9f9dbc03a25598819ea appended, going to apply 1 modifiers. New best block is 9bc0a3afa91536e50748c92b15979747c39cd3537f34b9f9dbc03a25598819ea with height 28 updates block d9b39be27319c010194b96491b55c7dedb011a830486f04f9ec16b39389b4c5e with height 27
20:19:13.284 INFO  [ref-critical-dispatcher-5] o.e.n.UtxoNodeViewHolder - Apply modifier 0f6ab905718d141a0989f879b197862a751a716d77513b8eaa7ac1e154b2579b of type 104 to nodeViewHolder
20:19:13.285 INFO  [ref-critical-dispatcher-5] o.e.n.state.UtxoState - Valid modifier with header 9bc0a3afa91536e50748c92b15979747c39cd3537f34b9f9dbc03a25598819ea and emission box Some(d944cd94e5efb9045b0f7eb2d0c261bbdd3c9cf028fa6a1bcdbae854a0c7f837) applied to UtxoState at height 28
20:19:13.285 INFO  [ref-critical-dispatcher-5] o.e.n.state.UtxoState - checking snapshot for 28, simple check: false
20:19:13.285 INFO  [ef-critical-dispatcher-23] o.e.m.CandidateGenerator - Preparing new candidate on getting new block at 28
20:19:13.285 INFO  [ctor.default-dispatcher-4] o.e.local.MempoolAuditor - Initiating mempool cleanup
20:19:13.285 INFO  [ref-critical-dispatcher-5] o.e.n.UtxoNodeViewHolder - Persistent modifier 0c2c7d5775b82a609c082d653286b46cf13cbd13839be18f0fbcebda9e277bfe applied successfully
20:19:13.285 INFO  [ergoref-api-dispatcher-6] o.e.n.w.ErgoWalletActor - Wallet is going to scan a block 9bc0a3afa91536e50748c92b15979747c39cd3537f34b9f9dbc03a25598819ea on chain at height 28
20:19:13.286 INFO  [ctor.default-dispatcher-4] o.e.local.MempoolAuditor - Cleanup done. Switching to awaiting mode
20:19:13.287 INFO  [ref-indexer-dispatcher-15] o.e.n.h.extra.ExtraIndexer - Buffered block 28 / 28 [txs: 1, boxes: 2] (buffer: 11 / 20000)
20:19:13.287 INFO  [ef-critical-dispatcher-23] o.e.m.CandidateGenerator$ - Emission tx for nextHeight = 29: ErgoTransaction(id: 5c2f5bc9b0ab5acc57b957ed8fe00a9894bacec0aa6b06f6d729e3035adb3e18, inputs: [{"boxId":"d944cd94e5efb9045b0f7eb2d0c261bbdd3c9cf028fa6a1bcdbae854a0c7f837","spendingProof":{"proofBytes":"","extension":{}}}], outputs: [{"boxId":"dc662586811426299ffda2a0fc44f4776b68933834ce1770b2873d8aa57fbcda","value":93407175000000000,"ergoTree":"101004020e351002041408cd0279be667ef9dcbbac55a06295ce870b07029bfcdb2dce28d959f2815b16f81798ea02d192a39a8cc7a7017300730110010204020404040004c0fd4f05808c82f5f6030580b8c9e5ae040580f882ad16040204c0944004c0f407040004000580f882ad16d19683030191a38cc7a7019683020193c2b2a57300007473017302830108cdeeac93a38cc7b2a573030001978302019683040193b1a5730493c2a7c2b2a573050093958fa3730673079973089c73097e9a730a9d99a3730b730c0599c1a7c1b2a5730d00938cc7b2a5730e0001a390c1a7730f","assets":[],"creationHeight":29,"additionalRegisters":{},"transactionId":"5c2f5bc9b0ab5acc57b957ed8fe00a9894bacec0aa6b06f6d729e3035adb3e18","index":0},{"boxId":"840c87ffb0f24b7addad30ec672efa5caa042dd689708c3bfca1b8a4a6061931","value":67500000000,"ergoTree":"1002041408cd038b0f29a60fa8d7e1aeafbe512288a6c6bc696547bbf8247db23c95e83014513cea02d192a39a8cc7a70173007301","assets":[],"creationHeight":29,"additionalRegisters":{},"transactionId":"5c2f5bc9b0ab5acc57b957ed8fe00a9894bacec0aa6b06f6d729e3035adb3e18","index":1}], size: 339)
20:19:13.291 INFO  [ef-critical-dispatcher-23] o.e.m.CandidateGenerator$ - Assembling a block candidate for block #29 from 1 transactions available
20:19:13.293 INFO  [ef-critical-dispatcher-23] o.e.m.CandidateGenerator$ - No fee proposition found in txs List(5c2f5bc9b0ab5acc57b957ed8fe00a9894bacec0aa6b06f6d729e3035adb3e18) 
20:19:13.294 INFO  [ef-critical-dispatcher-23] o.e.m.CandidateGenerator$ - Got candidate block at height 29 with 1 transactions, msg 8911223bc61064e26ed71975a74970d38563289a2cf311655c3b46234aa96d4f
20:19:13.294 INFO  [ef-critical-dispatcher-23] o.e.m.CandidateGenerator - Generated new candidate in 9 ms
20:19:13.294 INFO  [ref-critical-dispatcher-5] o.e.m.CandidateGenerator$ - Regenerating block candidate
20:19:13.296 INFO  [ref-critical-dispatcher-5] o.e.m.CandidateGenerator$ - Emission tx for nextHeight = 29: ErgoTransaction(id: 5c2f5bc9b0ab5acc57b957ed8fe00a9894bacec0aa6b06f6d729e3035adb3e18, inputs: [{"boxId":"d944cd94e5efb9045b0f7eb2d0c261bbdd3c9cf028fa6a1bcdbae854a0c7f837","spendingProof":{"proofBytes":"","extension":{}}}], outputs: [{"boxId":"dc662586811426299ffda2a0fc44f4776b68933834ce1770b2873d8aa57fbcda","value":93407175000000000,"ergoTree":"101004020e351002041408cd0279be667ef9dcbbac55a06295ce870b07029bfcdb2dce28d959f2815b16f81798ea02d192a39a8cc7a7017300730110010204020404040004c0fd4f05808c82f5f6030580b8c9e5ae040580f882ad16040204c0944004c0f407040004000580f882ad16d19683030191a38cc7a7019683020193c2b2a57300007473017302830108cdeeac93a38cc7b2a573030001978302019683040193b1a5730493c2a7c2b2a573050093958fa3730673079973089c73097e9a730a9d99a3730b730c0599c1a7c1b2a5730d00938cc7b2a5730e0001a390c1a7730f","assets":[],"creationHeight":29,"additionalRegisters":{},"transactionId":"5c2f5bc9b0ab5acc57b957ed8fe00a9894bacec0aa6b06f6d729e3035adb3e18","index":0},{"boxId":"840c87ffb0f24b7addad30ec672efa5caa042dd689708c3bfca1b8a4a6061931","value":67500000000,"ergoTree":"1002041408cd038b0f29a60fa8d7e1aeafbe512288a6c6bc696547bbf8247db23c95e83014513cea02d192a39a8cc7a70173007301","assets":[],"creationHeight":29,"additionalRegisters":{},"transactionId":"5c2f5bc9b0ab5acc57b957ed8fe00a9894bacec0aa6b06f6d729e3035adb3e18","index":1}], size: 339)
20:19:13.300 INFO  [ref-critical-dispatcher-5] o.e.m.CandidateGenerator$ - Assembling a block candidate for block #29 from 1 transactions available
20:19:13.302 INFO  [ref-critical-dispatcher-5] o.e.m.CandidateGenerator$ - No fee proposition found in txs List(5c2f5bc9b0ab5acc57b957ed8fe00a9894bacec0aa6b06f6d729e3035adb3e18) 
20:19:13.303 INFO  [ref-critical-dispatcher-5] o.e.m.CandidateGenerator$ - Got candidate block at height 29 with 1 transactions, msg 4c5dc432c770e86e32a8440e071c05ecd26a3c774691a040493f9e61bd11197e
20:19:13.303 INFO  [ref-critical-dispatcher-5] o.e.m.CandidateGenerator - Generated new candidate in 8 ms
20:19:13.829 WARN  [ctor.default-dispatcher-4] o.e.n.ErgoNodeViewSynchronizer - No peers available in requestDownload
20:19:18.291 INFO  [tor.default-dispatcher-20] o.e.m.ErgoMiningThread - Found solution, sending it for validation
20:19:18.293 INFO  [ef-critical-dispatcher-23] o.e.m.CandidateGenerator - New block mined, header: Header({"extensionId":"aacdb6cac5a5f4f8aae91ea515ec2573713c494322a314604d4a6188b63a6db8","difficulty":"1","votes":"000000","timestamp":1791595153297,"size":218,"unparsedBytes":"","stateRoot":"dbfd1bb341ee1ebce1c6575d70e517f9b709a23640970ce81c6c22bbfe892e4506","height":29,"nBits":16842752,"version":4,"id":"a6e34006567f25250b33d63d0c41c86ebcd5b96e58c242904e351bd445405e69","adProofsRoot":"8379d93a00c9b3d23b22a35fdce9ae8fa0d6ba405ea3cfb5e88b1a559269b2e3","transactionsRoot":"67af120bf1d5443d0b71afa1ceb1ebc71fa4c5727a7c1049edce8d9d5ecd209f","extensionHash":"ce6eb4b3fe8e7bea7c6fcf010aa771d6e7e6f97a80cb45cb4db541f3bf045da7","powSolutions":{"pk":"038b0f29a60fa8d7e1aeafbe512288a6c6bc696547bbf8247db23c95e83014513c","w":"03e2c838c8dbbd48472d763ae8cf40b8bae3941e9d8200d6467b52d4a823b6e0f7","n":"0000000000000000","d":2617768808903032700360849127947667007963395721063109343060977436989795113261},"adProofsId":"1618871cccccfd54968637186f8296150a6386ef9083b5d5c79de2728391dc02","transactionsId":"07f9127ea2af7533fd2c713c97dd5dca031849ced09c4b51fae7f7e11e46f65a","parentId":"9bc0a3afa91536e50748c92b15979747c39cd3537f34b9f9dbc03a25598819ea"})
20:19:18.295 INFO  [ef-critical-dispatcher-23] o.e.m.CandidateGenerator - New block a6e34006567f25250b33d63d0c41c86ebcd5b96e58c242904e351bd445405e69 w. nonce 0
20:19:18.295 INFO  [tor.default-dispatcher-20] o.e.n.ErgoNodeViewSynchronizer - Immediately announcing newly mined block a6e34006567f25250b33d63d0c41c86ebcd5b96e58c242904e351bd445405e69 at height 29 to all peers
20:19:18.296 INFO  [ef-critical-dispatcher-23] o.e.m.CandidateGenerator - Processed solution AutolykosSolution(Ecp((4e29d12087d02e51f19950b67875289ed9e4872dbd1c170bace513f9c7b49eb0,2b9e7178d74f049e4796e8e263ce297d8fb9568829a4af7ed225550eed6b03cf,b53f31722529e29f5ca36d8613d5ea342389639c8b43f68f32b538641b18e9e0)),Ecp((157d814b2f8a4b02081c41a00649a826eb9fa1a4910d7c9cc688b0d59a5df30b,fa9668d63befd50f937a2b77ea614f93614ee032cfed5604099c7e34f1ce5e1a,1fe41a8b754ef644d790081a7ab04f39852ffe713756d10ea69276e05fac1527)),[B@206ddb38,2617768808903032700360849127947667007963395721063109343060977436989795113261) with the result Success(())
20:19:18.296 INFO  [tor.default-dispatcher-17] o.e.m.ErgoMiningThread - Solution accepted
20:19:18.296 INFO  [ef-critical-dispatcher-23] o.e.n.UtxoNodeViewHolder - Got locally generated modifier a6e34006567f25250b33d63d0c41c86ebcd5b96e58c242904e351bd445405e69 of type 101
20:19:18.296 INFO  [ef-critical-dispatcher-23] o.e.n.UtxoNodeViewHolder - Apply modifier a6e34006567f25250b33d63d0c41c86ebcd5b96e58c242904e351bd445405e69 of type 101 to nodeViewHolder
20:19:18.298 INFO  [ef-critical-dispatcher-23] o.e.n.h.ErgoHistory$$anon$1 - New best header a6e34006567f25250b33d63d0c41c86ebcd5b96e58c242904e351bd445405e69 with score 29. New height 29, old height 28
20:19:18.299 WARN  [tor.default-dispatcher-17] o.e.n.ErgoNodeViewSynchronizer - No peers available in requestDownload
20:19:18.299 INFO  [ref-critical-dispatcher-5] o.e.n.UtxoNodeViewHolder - Got locally generated modifier 07f9127ea2af7533fd2c713c97dd5dca031849ced09c4b51fae7f7e11e46f65a of type 102
20:19:18.299 INFO  [ref-critical-dispatcher-5] o.e.n.UtxoNodeViewHolder - Apply modifier 07f9127ea2af7533fd2c713c97dd5dca031849ced09c4b51fae7f7e11e46f65a of type 102 to nodeViewHolder
20:19:18.301 INFO  [ref-critical-dispatcher-5] o.e.n.UtxoNodeViewHolder - Got locally generated modifier aacdb6cac5a5f4f8aae91ea515ec2573713c494322a314604d4a6188b63a6db8 of type 108
20:19:18.301 INFO  [ref-critical-dispatcher-5] o.e.n.UtxoNodeViewHolder - Apply modifier aacdb6cac5a5f4f8aae91ea515ec2573713c494322a314604d4a6188b63a6db8 of type 108 to nodeViewHolder
20:19:18.301 INFO  [ref-critical-dispatcher-5] o.e.n.h.ErgoHistory$$anon$1 - Full block a6e34006567f25250b33d63d0c41c86ebcd5b96e58c242904e351bd445405e69 appended, going to apply 1 modifiers. New best block is a6e34006567f25250b33d63d0c41c86ebcd5b96e58c242904e351bd445405e69 with height 29 updates block 9bc0a3afa91536e50748c92b15979747c39cd3537f34b9f9dbc03a25598819ea with height 28
20:19:18.310 INFO  [ref-critical-dispatcher-5] o.e.n.UtxoNodeViewHolder - Apply modifier 1618871cccccfd54968637186f8296150a6386ef9083b5d5c79de2728391dc02 of type 104 to nodeViewHolder
20:19:18.311 INFO  [ref-critical-dispatcher-5] o.e.n.state.UtxoState - Valid modifier with header a6e34006567f25250b33d63d0c41c86ebcd5b96e58c242904e351bd445405e69 and emission box Some(dc662586811426299ffda2a0fc44f4776b68933834ce1770b2873d8aa57fbcda) applied to UtxoState at height 29
20:19:18.311 INFO  [ref-critical-dispatcher-5] o.e.n.state.UtxoState - checking snapshot for 29, simple check: false
20:19:18.311 INFO  [ef-critical-dispatcher-23] o.e.m.CandidateGenerator - Preparing new candidate on getting new block at 29
20:19:18.312 INFO  [ref-critical-dispatcher-5] o.e.n.UtxoNodeViewHolder - Persistent modifier aacdb6cac5a5f4f8aae91ea515ec2573713c494322a314604d4a6188b63a6db8 applied successfully
20:19:18.313 INFO  [tor.default-dispatcher-21] o.e.local.MempoolAuditor - Initiating mempool cleanup
20:19:18.313 INFO  [ergoref-api-dispatcher-6] o.e.n.w.ErgoWalletActor - Wallet is going to scan a block a6e34006567f25250b33d63d0c41c86ebcd5b96e58c242904e351bd445405e69 on chain at height 29
20:19:18.313 INFO  [ref-indexer-dispatcher-15] o.e.n.h.extra.ExtraIndexer - Buffered block 29 / 29 [txs: 1, boxes: 2] (buffer: 11 / 20000)
20:19:18.313 INFO  [tor.default-dispatcher-19] o.e.local.MempoolAuditor - Cleanup done. Switching to awaiting mode
20:19:18.314 INFO  [ef-critical-dispatcher-23] o.e.m.CandidateGenerator$ - Emission tx for nextHeight = 30: ErgoTransaction(id: 1e59c2ff582d28e55ca058e6c1d3a4aac805e8634b7497f745c60e1af06e376f, inputs: [{"boxId":"dc662586811426299ffda2a0fc44f4776b68933834ce1770b2873d8aa57fbcda","spendingProof":{"proofBytes":"","extension":{}}}], outputs: [{"boxId":"737322b8622fed747b92de80ca059f7566ac8ec6abef31deef919366b634e2ba","value":93407107500000000,"ergoTree":"101004020e351002041408cd0279be667ef9dcbbac55a06295ce870b07029bfcdb2dce28d959f2815b16f81798ea02d192a39a8cc7a7017300730110010204020404040004c0fd4f05808c82f5f6030580b8c9e5ae040580f882ad16040204c0944004c0f407040004000580f882ad16d19683030191a38cc7a7019683020193c2b2a57300007473017302830108cdeeac93a38cc7b2a573030001978302019683040193b1a5730493c2a7c2b2a573050093958fa3730673079973089c73097e9a730a9d99a3730b730c0599c1a7c1b2a5730d00938cc7b2a5730e0001a390c1a7730f","assets":[],"creationHeight":30,"additionalRegisters":{},"transactionId":"1e59c2ff582d28e55ca058e6c1d3a4aac805e8634b7497f745c60e1af06e376f","index":0},{"boxId":"76a32506bb9d278f721ed68e243ca067a4c0eeca150f060911f9e1b49945ede4","value":67500000000,"ergoTree":"1002041408cd038b0f29a60fa8d7e1aeafbe512288a6c6bc696547bbf8247db23c95e83014513cea02d192a39a8cc7a70173007301","assets":[],"creationHeight":30,"additionalRegisters":{},"transactionId":"1e59c2ff582d28e55ca058e6c1d3a4aac805e8634b7497f745c60e1af06e376f","index":1}], size: 339)
20:19:18.319 INFO  [ef-critical-dispatcher-23] o.e.m.CandidateGenerator$ - Assembling a block candidate for block #30 from 1 transactions available
20:19:18.321 INFO  [ef-critical-dispatcher-23] o.e.m.CandidateGenerator$ - No fee proposition found in txs List(1e59c2ff582d28e55ca058e6c1d3a4aac805e8634b7497f745c60e1af06e376f) 
20:19:18.322 INFO  [ef-critical-dispatcher-23] o.e.m.CandidateGenerator$ - Got candidate block at height 30 with 1 transactions, msg 34f0090ccbf010ffe833cc370423ac66b4cf63206ad407009f87f7c6772c974a
20:19:18.322 INFO  [ef-critical-dispatcher-23] o.e.m.CandidateGenerator - Generated new candidate in 11 ms
20:19:18.322 INFO  [ef-critical-dispatcher-23] o.e.m.CandidateGenerator$ - Regenerating block candidate
20:19:18.324 INFO  [ef-critical-dispatcher-23] o.e.m.CandidateGenerator$ - Emission tx for nextHeight = 30: ErgoTransaction(id: 1e59c2ff582d28e55ca058e6c1d3a4aac805e8634b7497f745c60e1af06e376f, inputs: [{"boxId":"dc662586811426299ffda2a0fc44f4776b68933834ce1770b2873d8aa57fbcda","spendingProof":{"proofBytes":"","extension":{}}}], outputs: [{"boxId":"737322b8622fed747b92de80ca059f7566ac8ec6abef31deef919366b634e2ba","value":93407107500000000,"ergoTree":"101004020e351002041408cd0279be667ef9dcbbac55a06295ce870b07029bfcdb2dce28d959f2815b16f81798ea02d192a39a8cc7a7017300730110010204020404040004c0fd4f05808c82f5f6030580b8c9e5ae040580f882ad16040204c0944004c0f407040004000580f882ad16d19683030191a38cc7a7019683020193c2b2a57300007473017302830108cdeeac93a38cc7b2a573030001978302019683040193b1a5730493c2a7c2b2a573050093958fa3730673079973089c73097e9a730a9d99a3730b730c0599c1a7c1b2a5730d00938cc7b2a5730e0001a390c1a7730f","assets":[],"creationHeight":30,"additionalRegisters":{},"transactionId":"1e59c2ff582d28e55ca058e6c1d3a4aac805e8634b7497f745c60e1af06e376f","index":0},{"boxId":"76a32506bb9d278f721ed68e243ca067a4c0eeca150f060911f9e1b49945ede4","value":67500000000,"ergoTree":"1002041408cd038b0f29a60fa8d7e1aeafbe512288a6c6bc696547bbf8247db23c95e83014513cea02d192a39a8cc7a70173007301","assets":[],"creationHeight":30,"additionalRegisters":{},"transactionId":"1e59c2ff582d28e55ca058e6c1d3a4aac805e8634b7497f745c60e1af06e376f","index":1}], size: 339)
20:19:18.329 INFO  [ef-critical-dispatcher-23] o.e.m.CandidateGenerator$ - Assembling a block candidate for block #30 from 1 transactions available
20:19:18.332 INFO  [ef-critical-dispatcher-23] o.e.m.CandidateGenerator$ - No fee proposition found in txs List(1e59c2ff582d28e55ca058e6c1d3a4aac805e8634b7497f745c60e1af06e376f) 
20:19:18.333 INFO  [ef-critical-dispatcher-23] o.e.m.CandidateGenerator$ - Got candidate block at height 30 with 1 transactions, msg bd466b76135f50c4207de54c5448d352c9049d9b9ac07b61d2f280aca4595cdd
20:19:18.333 INFO  [ef-critical-dispatcher-23] o.e.m.CandidateGenerator - Generated new candidate in 11 ms
20:19:18.829 WARN  [tor.default-dispatcher-19] o.e.n.ErgoNodeViewSynchronizer - No peers available in requestDownload
20:19:23.310 INFO  [tor.default-dispatcher-17] o.e.m.ErgoMiningThread - Found solution, sending it for validation
20:19:23.312 INFO  [ref-critical-dispatcher-5] o.e.m.CandidateGenerator - New block mined, header: Header({"extensionId":"f4468c7806e56d7e96a6decc83319e9d35cf868a6e1a17a3acd26755258bfc93","difficulty":"1","votes":"000000","timestamp":1791595158324,"size":218,"unparsedBytes":"","stateRoot":"8ab1fe0ae82e73f9d235b8b514ff59d84fc679ec16c3747a7404f640b1264f6406","height":30,"nBits":16842752,"version":4,"id":"577964a23f0c742562614cf58cb0e5b12873532951072be08215c85bc54135b7","adProofsRoot":"93a4f44577697d07517cb962a25b31a88cec8e544a69eaac0416702daf4aa111","transactionsRoot":"db2e2d237553eaad4b196ee9f81f27756337a053d137dc63debfce229802493b","extensionHash":"478b209e356e366ab87140024162f2ef3c43e6d6fd28b4d1c9fe90117e9cce66","powSolutions":{"pk":"038b0f29a60fa8d7e1aeafbe512288a6c6bc696547bbf8247db23c95e83014513c","w":"02f8fcef70def4de37082192cccd6200c142ee593e1ccaa2bdf334bd14a0ae6f82","n":"0000000000000000","d":31482960282302047351778522410006309526124256100951376652414014144142394820024},"adProofsId":"04061b245e7fb902931b91728b29700d1667a9b1bfd9bb41e81c6f90ea1747bf","transactionsId":"1ca346fa768753eb14a1c01b466a70e3495055f2d48dd87950f4a2463f4c3abc","parentId":"a6e34006567f25250b33d63d0c41c86ebcd5b96e58c242904e351bd445405e69"})
20:19:23.314 INFO  [ref-critical-dispatcher-5] o.e.m.CandidateGenerator - New block 577964a23f0c742562614cf58cb0e5b12873532951072be08215c85bc54135b7 w. nonce 0
20:19:23.314 INFO  [tor.default-dispatcher-17] o.e.n.ErgoNodeViewSynchronizer - Immediately announcing newly mined block 577964a23f0c742562614cf58cb0e5b12873532951072be08215c85bc54135b7 at height 30 to all peers
20:19:23.314 INFO  [ef-critical-dispatcher-23] o.e.n.UtxoNodeViewHolder - Got locally generated modifier 577964a23f0c742562614cf58cb0e5b12873532951072be08215c85bc54135b7 of type 101
20:19:23.314 INFO  [ef-critical-dispatcher-23] o.e.n.UtxoNodeViewHolder - Apply modifier 577964a23f0c742562614cf58cb0e5b12873532951072be08215c85bc54135b7 of type 101 to nodeViewHolder
20:19:23.314 INFO  [ref-critical-dispatcher-5] o.e.m.CandidateGenerator - Processed solution AutolykosSolution(Ecp((4e29d12087d02e51f19950b67875289ed9e4872dbd1c170bace513f9c7b49eb0,2b9e7178d74f049e4796e8e263ce297d8fb9568829a4af7ed225550eed6b03cf,b53f31722529e29f5ca36d8613d5ea342389639c8b43f68f32b538641b18e9e0)),Ecp((e8723312fc4ec0174bd847174e2ce814445553c7ff566cbed73260a310c4bbc5,bef4db97245d720b581af3fe41a5e98b34de6900acd0eeccf06f7f226cc0f53c,7791d2f6aa9301f8eedc35acef2a9b04c8047875cdba1829d1dfca970bcd8fb9)),[B@697f711f,31482960282302047351778522410006309526124256100951376652414014144142394820024) with the result Success(())
20:19:23.314 INFO  [tor.default-dispatcher-19] o.e.m.ErgoMiningThread - Solution accepted
20:19:23.316 INFO  [ef-critical-dispatcher-23] o.e.n.h.ErgoHistory$$anon$1 - New best header 577964a23f0c742562614cf58cb0e5b12873532951072be08215c85bc54135b7 with score 30. New height 30, old height 29
20:19:23.317 WARN  [tor.default-dispatcher-19] o.e.n.ErgoNodeViewSynchronizer - No peers available in requestDownload
20:19:23.317 INFO  [ef-critical-dispatcher-23] o.e.n.UtxoNodeViewHolder - Got locally generated modifier 1ca346fa768753eb14a1c01b466a70e3495055f2d48dd87950f4a2463f4c3abc of type 102
20:19:23.317 INFO  [ef-critical-dispatcher-23] o.e.n.UtxoNodeViewHolder - Apply modifier 1ca346fa768753eb14a1c01b466a70e3495055f2d48dd87950f4a2463f4c3abc of type 102 to nodeViewHolder
20:19:23.318 INFO  [ef-critical-dispatcher-23] o.e.n.UtxoNodeViewHolder - Got locally generated modifier f4468c7806e56d7e96a6decc83319e9d35cf868a6e1a17a3acd26755258bfc93 of type 108
20:19:23.318 INFO  [ef-critical-dispatcher-23] o.e.n.UtxoNodeViewHolder - Apply modifier f4468c7806e56d7e96a6decc83319e9d35cf868a6e1a17a3acd26755258bfc93 of type 108 to nodeViewHolder
20:19:23.318 INFO  [ef-critical-dispatcher-23] o.e.n.h.ErgoHistory$$anon$1 - Full block 577964a23f0c742562614cf58cb0e5b12873532951072be08215c85bc54135b7 appended, going to apply 1 modifiers. New best block is 577964a23f0c742562614cf58cb0e5b12873532951072be08215c85bc54135b7 with height 30 updates block a6e34006567f25250b33d63d0c41c86ebcd5b96e58c242904e351bd445405e69 with height 29
20:19:23.324 INFO  [ef-critical-dispatcher-23] o.e.n.UtxoNodeViewHolder - Apply modifier 04061b245e7fb902931b91728b29700d1667a9b1bfd9bb41e81c6f90ea1747bf of type 104 to nodeViewHolder
20:19:23.325 INFO  [ef-critical-dispatcher-23] o.e.n.state.UtxoState - Valid modifier with header 577964a23f0c742562614cf58cb0e5b12873532951072be08215c85bc54135b7 and emission box Some(737322b8622fed747b92de80ca059f7566ac8ec6abef31deef919366b634e2ba) applied to UtxoState at height 30
20:19:23.325 INFO  [ef-critical-dispatcher-23] o.e.n.state.UtxoState - checking snapshot for 30, simple check: false
20:19:23.325 INFO  [ref-critical-dispatcher-5] o.e.m.CandidateGenerator - Preparing new candidate on getting new block at 30
20:19:23.326 INFO  [ctor.default-dispatcher-4] o.e.local.MempoolAuditor - Initiating mempool cleanup
20:19:23.326 INFO  [ef-critical-dispatcher-23] o.e.n.UtxoNodeViewHolder - Persistent modifier f4468c7806e56d7e96a6decc83319e9d35cf868a6e1a17a3acd26755258bfc93 applied successfully
20:19:23.326 INFO  [ergoref-api-dispatcher-6] o.e.n.w.ErgoWalletActor - Wallet is going to scan a block 577964a23f0c742562614cf58cb0e5b12873532951072be08215c85bc54135b7 on chain at height 30
20:19:23.326 INFO  [tor.default-dispatcher-19] o.e.local.MempoolAuditor - Cleanup done. Switching to awaiting mode
20:19:23.327 INFO  [ref-indexer-dispatcher-15] o.e.n.h.extra.ExtraIndexer - Buffered block 30 / 30 [txs: 1, boxes: 2] (buffer: 11 / 20000)
20:19:23.327 INFO  [ref-critical-dispatcher-5] o.e.m.CandidateGenerator$ - Emission tx for nextHeight = 31: ErgoTransaction(id: c361da6ca250e2d92556067a6e093a7457847d18a6c12fd700d0381a41e06749, inputs: [{"boxId":"737322b8622fed747b92de80ca059f7566ac8ec6abef31deef919366b634e2ba","spendingProof":{"proofBytes":"","extension":{}}}], outputs: [{"boxId":"dae833dea237ebd728faa772d35ca0dc181c8308c9032634e866638efaaf8563","value":93407040000000000,"ergoTree":"101004020e351002041408cd0279be667ef9dcbbac55a06295ce870b07029bfcdb2dce28d959f2815b16f81798ea02d192a39a8cc7a7017300730110010204020404040004c0fd4f05808c82f5f6030580b8c9e5ae040580f882ad16040204c0944004c0f407040004000580f882ad16d19683030191a38cc7a7019683020193c2b2a57300007473017302830108cdeeac93a38cc7b2a573030001978302019683040193b1a5730493c2a7c2b2a573050093958fa3730673079973089c73097e9a730a9d99a3730b730c0599c1a7c1b2a5730d00938cc7b2a5730e0001a390c1a7730f","assets":[],"creationHeight":31,"additionalRegisters":{},"transactionId":"c361da6ca250e2d92556067a6e093a7457847d18a6c12fd700d0381a41e06749","index":0},{"boxId":"cefce44bc9b5e578b68876133b39563c0e51fbf3b30a0db9eb5d0241c8bc6a22","value":67500000000,"ergoTree":"1002041408cd038b0f29a60fa8d7e1aeafbe512288a6c6bc696547bbf8247db23c95e83014513cea02d192a39a8cc7a70173007301","assets":[],"creationHeight":31,"additionalRegisters":{},"transactionId":"c361da6ca250e2d92556067a6e093a7457847d18a6c12fd700d0381a41e06749","index":1}], size: 339)
20:19:23.332 INFO  [ref-critical-dispatcher-5] o.e.m.CandidateGenerator$ - Assembling a block candidate for block #31 from 1 transactions available
20:19:23.334 INFO  [ref-critical-dispatcher-5] o.e.m.CandidateGenerator$ - No fee proposition found in txs List(c361da6ca250e2d92556067a6e093a7457847d18a6c12fd700d0381a41e06749) 
20:19:23.335 INFO  [ref-critical-dispatcher-5] o.e.m.CandidateGenerator$ - Got candidate block at height 31 with 1 transactions, msg 01f97e5b6998f853f4ce3138512b92d06c17867a27389257e4eea3939b102508
20:19:23.335 INFO  [ref-critical-dispatcher-5] o.e.m.CandidateGenerator - Generated new candidate in 9 ms
20:19:23.335 INFO  [ref-critical-dispatcher-5] o.e.m.CandidateGenerator$ - Regenerating block candidate
20:19:23.337 INFO  [ref-critical-dispatcher-5] o.e.m.CandidateGenerator$ - Emission tx for nextHeight = 31: ErgoTransaction(id: c361da6ca250e2d92556067a6e093a7457847d18a6c12fd700d0381a41e06749, inputs: [{"boxId":"737322b8622fed747b92de80ca059f7566ac8ec6abef31deef919366b634e2ba","spendingProof":{"proofBytes":"","extension":{}}}], outputs: [{"boxId":"dae833dea237ebd728faa772d35ca0dc181c8308c9032634e866638efaaf8563","value":93407040000000000,"ergoTree":"101004020e351002041408cd0279be667ef9dcbbac55a06295ce870b07029bfcdb2dce28d959f2815b16f81798ea02d192a39a8cc7a7017300730110010204020404040004c0fd4f05808c82f5f6030580b8c9e5ae040580f882ad16040204c0944004c0f407040004000580f882ad16d19683030191a38cc7a7019683020193c2b2a57300007473017302830108cdeeac93a38cc7b2a573030001978302019683040193b1a5730493c2a7c2b2a573050093958fa3730673079973089c73097e9a730a9d99a3730b730c0599c1a7c1b2a5730d00938cc7b2a5730e0001a390c1a7730f","assets":[],"creationHeight":31,"additionalRegisters":{},"transactionId":"c361da6ca250e2d92556067a6e093a7457847d18a6c12fd700d0381a41e06749","index":0},{"boxId":"cefce44bc9b5e578b68876133b39563c0e51fbf3b30a0db9eb5d0241c8bc6a22","value":67500000000,"ergoTree":"1002041408cd038b0f29a60fa8d7e1aeafbe512288a6c6bc696547bbf8247db23c95e83014513cea02d192a39a8cc7a70173007301","assets":[],"creationHeight":31,"additionalRegisters":{},"transactionId":"c361da6ca250e2d92556067a6e093a7457847d18a6c12fd700d0381a41e06749","index":1}], size: 339)
20:19:23.342 INFO  [ref-critical-dispatcher-5] o.e.m.CandidateGenerator$ - Assembling a block candidate for block #31 from 1 transactions available
20:19:23.345 INFO  [ref-critical-dispatcher-5] o.e.m.CandidateGenerator$ - No fee proposition found in txs List(c361da6ca250e2d92556067a6e093a7457847d18a6c12fd700d0381a41e06749) 
20:19:23.346 INFO  [ref-critical-dispatcher-5] o.e.m.CandidateGenerator$ - Got candidate block at height 31 with 1 transactions, msg 284dc53c402fe1c7daa16dcda488d4a46197e67604ce4e1197791337f27fdd15
20:19:23.346 INFO  [ref-critical-dispatcher-5] o.e.m.CandidateGenerator - Generated new candidate in 11 ms
20:19:23.829 WARN  [tor.default-dispatcher-17] o.e.n.ErgoNodeViewSynchronizer - No peers available in requestDownload
20:19:26.734 INFO  [tor.default-dispatcher-17] s.c.n.NetworkController - Going to shutdown all connections & unbind port
20:19:26.736 WARN  [tor.default-dispatcher-17] s.c.n.NetworkController - Network controller stopped
20:19:26.738 INFO  [ergoref-api-dispatcher-6] o.e.n.w.ErgoWalletActor - Closing wallet actor
20:19:26.740 INFO  [ergoref-api-dispatcher-6] o.e.n.w.ErgoWalletActor - Wallet actor stopped
20:19:26.748 WARN  [ef-critical-dispatcher-23] o.e.n.UtxoNodeViewHolder - Stopping ErgoNodeViewHolder
20:19:26.748 WARN  [ef-critical-dispatcher-23] o.e.n.h.s.HistoryStorage - Closing history storage...
20:19:26.748 ERROR [ref-indexer-dispatcher-15] o.e.n.h.extra.ExtraIndexer - Stopped extra indexer
20:19:26.749 WARN  [ef-critical-dispatcher-23] o.e.n.state.UtxoState - Closing state's store.
20:19:26.749 INFO  [tor.default-dispatcher-20] o.e.local.MempoolAuditor - Mempool auditor stopped
20:19:26.749 INFO  [ctor.default-dispatcher-4] o.e.m.ErgoMiningThread - Stopping miner thread: ErgoMiningThread-xK9yO
